-- MySQL dump 10.13  Distrib 8.0.38, for Win64 (x86_64)
--
-- Host: localhost    Database: eventmaster
-- ------------------------------------------------------
-- Server version	8.0.39

/*!40101 SET @OLD_CHARACTER_SET_CLIENT=@@CHARACTER_SET_CLIENT */;
/*!40101 SET @OLD_CHARACTER_SET_RESULTS=@@CHARACTER_SET_RESULTS */;
/*!40101 SET @OLD_COLLATION_CONNECTION=@@COLLATION_CONNECTION */;
/*!50503 SET NAMES utf8 */;
/*!40103 SET @OLD_TIME_ZONE=@@TIME_ZONE */;
/*!40103 SET TIME_ZONE='+00:00' */;
/*!40014 SET @OLD_UNIQUE_CHECKS=@@UNIQUE_CHECKS, UNIQUE_CHECKS=0 */;
/*!40014 SET @OLD_FOREIGN_KEY_CHECKS=@@FOREIGN_KEY_CHECKS, FOREIGN_KEY_CHECKS=0 */;
/*!40101 SET @OLD_SQL_MODE=@@SQL_MODE, SQL_MODE='NO_AUTO_VALUE_ON_ZERO' */;
/*!40111 SET @OLD_SQL_NOTES=@@SQL_NOTES, SQL_NOTES=0 */;

--
-- Table structure for table `academicperiod`
--

DROP TABLE IF EXISTS `academicperiod`;
/*!40101 SET @saved_cs_client     = @@character_set_client */;
/*!50503 SET character_set_client = utf8mb4 */;
CREATE TABLE `academicperiod` (
  `id` int NOT NULL AUTO_INCREMENT,
  `academicSemester` varchar(50) NOT NULL,
  PRIMARY KEY (`id`)
) ENGINE=InnoDB AUTO_INCREMENT=15 DEFAULT CHARSET=utf8mb4 COLLATE=utf8mb4_0900_ai_ci;
/*!40101 SET character_set_client = @saved_cs_client */;

--
-- Dumping data for table `academicperiod`
--

LOCK TABLES `academicperiod` WRITE;
/*!40000 ALTER TABLE `academicperiod` DISABLE KEYS */;
INSERT INTO `academicperiod` VALUES (3,'2022-1'),(4,'2022-2'),(5,'2023-1'),(6,'2024-1'),(7,'2024-2'),(8,'2025-1'),(9,'2025-2'),(10,'2026-1'),(11,'2026-2'),(12,'2027-1'),(13,'2027-2'),(14,'2023-2');
/*!40000 ALTER TABLE `academicperiod` ENABLE KEYS */;
UNLOCK TABLES;

--
-- Table structure for table `academicperiodprograms`
--

DROP TABLE IF EXISTS `academicperiodprograms`;
/*!40101 SET @saved_cs_client     = @@character_set_client */;
/*!50503 SET character_set_client = utf8mb4 */;
CREATE TABLE `academicperiodprograms` (
  `id` int NOT NULL AUTO_INCREMENT,
  `academicperiodID` int NOT NULL,
  `programID` int NOT NULL,
  `totalEnrolled` int NOT NULL,
  PRIMARY KEY (`id`),
  KEY `academicperiodID` (`academicperiodID`),
  KEY `programID` (`programID`),
  CONSTRAINT `academicperiodprograms_ibfk_1` FOREIGN KEY (`academicperiodID`) REFERENCES `academicperiod` (`id`),
  CONSTRAINT `academicperiodprograms_ibfk_2` FOREIGN KEY (`programID`) REFERENCES `programs` (`id`)
) ENGINE=InnoDB AUTO_INCREMENT=85 DEFAULT CHARSET=utf8mb4 COLLATE=utf8mb4_0900_ai_ci;
/*!40101 SET character_set_client = @saved_cs_client */;

--
-- Dumping data for table `academicperiodprograms`
--

LOCK TABLES `academicperiodprograms` WRITE;
/*!40000 ALTER TABLE `academicperiodprograms` DISABLE KEYS */;
INSERT INTO `academicperiodprograms` VALUES (1,3,6,28),(2,3,13,11),(3,3,4,46),(4,3,11,25),(5,3,5,41),(6,3,15,73),(7,3,12,38),(8,3,14,70),(9,3,1,53),(10,3,2,450),(11,3,9,7),(12,3,8,12),(13,3,10,10),(14,3,3,0),(15,4,6,26),(16,4,13,6),(17,4,4,52),(18,4,11,38),(19,4,5,35),(20,4,15,60),(21,4,12,47),(22,4,14,76),(23,4,1,49),(24,4,2,423),(25,4,9,4),(26,4,8,10),(27,4,10,8),(28,4,3,0),(29,5,6,19),(30,5,13,4),(31,5,4,51),(32,5,11,40),(33,5,5,29),(34,5,15,48),(35,5,12,56),(36,5,14,64),(37,5,1,48),(38,5,2,338),(39,5,9,4),(40,5,8,10),(41,5,10,11),(42,5,3,0),(43,14,6,8),(44,14,13,4),(45,14,4,38),(46,14,11,27),(47,14,5,25),(48,14,15,42),(49,14,12,39),(50,14,14,41),(51,14,1,27),(52,14,2,243),(53,14,9,0),(54,14,8,8),(55,14,10,4),(56,14,3,0),(57,6,4,40),(58,6,6,13),(59,6,3,55),(60,6,11,12),(61,6,5,25),(62,6,15,41),(63,6,12,31),(64,6,14,41),(65,6,1,23),(66,6,2,181),(67,6,3,16),(68,6,13,3),(69,6,10,80),(70,6,8,4),(71,7,4,31),(72,7,6,8),(73,7,3,64),(74,7,11,7),(75,7,5,22),(76,7,15,40),(77,7,12,14),(78,7,14,51),(79,7,1,17),(80,7,2,107),(81,7,3,31),(82,7,13,0),(83,7,10,94),(84,7,8,2);
/*!40000 ALTER TABLE `academicperiodprograms` ENABLE KEYS */;
UNLOCK TABLES;

--
-- Table structure for table `events`
--

DROP TABLE IF EXISTS `events`;
/*!40101 SET @saved_cs_client     = @@character_set_client */;
/*!50503 SET character_set_client = utf8mb4 */;
CREATE TABLE `events` (
  `id` int NOT NULL AUTO_INCREMENT,
  `teacherID` int NOT NULL,
  `roomID` int NOT NULL,
  `subjectID` int NOT NULL,
  `startTime` datetime NOT NULL,
  `endTime` datetime NOT NULL,
  `numStudents` int NOT NULL,
  `isUsed` tinyint(1) NOT NULL,
  `programID` int DEFAULT NULL,
  `academicPeriodID` int DEFAULT NULL,
  `isUnreserved` tinyint(1) DEFAULT '0',
  PRIMARY KEY (`id`),
  KEY `teacherID` (`teacherID`),
  KEY `roomID` (`roomID`),
  KEY `subjectID` (`subjectID`),
  KEY `programID` (`programID`),
  KEY `academicPeriodID` (`academicPeriodID`),
  CONSTRAINT `events_ibfk_1` FOREIGN KEY (`teacherID`) REFERENCES `teachers` (`id`),
  CONSTRAINT `events_ibfk_2` FOREIGN KEY (`roomID`) REFERENCES `rooms` (`id`),
  CONSTRAINT `events_ibfk_3` FOREIGN KEY (`subjectID`) REFERENCES `subjects` (`id`),
  CONSTRAINT `events_ibfk_4` FOREIGN KEY (`programID`) REFERENCES `programs` (`id`) ON DELETE CASCADE,
  CONSTRAINT `events_ibfk_5` FOREIGN KEY (`academicPeriodID`) REFERENCES `academicperiod` (`id`)
) ENGINE=InnoDB AUTO_INCREMENT=3742 DEFAULT CHARSET=utf8mb4 COLLATE=utf8mb4_0900_ai_ci;
/*!40101 SET character_set_client = @saved_cs_client */;

--
-- Dumping data for table `events`
--

LOCK TABLES `events` WRITE;
/*!40000 ALTER TABLE `events` DISABLE KEYS */;
INSERT INTO `events` VALUES (66,56,5,115,'2024-10-23 20:30:00','2024-10-23 22:00:00',2,0,2,7,0),(67,56,5,115,'2024-10-30 20:30:00','2024-10-30 22:00:00',3,0,2,7,0),(68,56,5,115,'2024-11-06 20:30:00','2024-11-06 22:00:00',3,0,2,7,0),(69,56,5,115,'2024-11-13 20:30:00','2024-11-13 22:00:00',1,1,2,7,0),(70,56,5,115,'2024-11-20 20:30:00','2024-11-20 22:00:00',3,0,2,7,0),(71,56,5,115,'2024-11-27 20:30:00','2024-11-27 22:00:00',2,0,2,7,0),(72,56,5,115,'2024-12-04 20:30:00','2024-12-04 22:00:00',1,0,2,7,0),(73,56,5,115,'2024-12-11 20:30:00','2024-12-11 22:00:00',2,0,2,7,0),(74,56,5,115,'2024-12-18 20:30:00','2024-12-18 22:00:00',3,0,2,7,0),(75,56,5,115,'2024-12-25 20:30:00','2024-12-25 22:00:00',3,0,2,7,0),(76,24,5,73,'2024-10-23 18:00:00','2024-10-23 19:45:00',1,0,2,7,0),(77,24,5,73,'2024-10-30 18:00:00','2024-10-30 19:45:00',1,0,2,7,0),(78,24,5,73,'2024-11-06 18:00:00','2024-11-06 19:45:00',3,1,2,7,0),(79,24,5,73,'2024-11-13 18:00:00','2024-11-13 19:45:00',3,1,2,7,0),(80,24,5,73,'2024-11-20 18:00:00','2024-11-20 19:45:00',3,0,2,7,0),(81,24,5,73,'2024-11-27 18:00:00','2024-11-27 19:45:00',1,0,2,7,0),(82,24,5,73,'2024-12-04 18:00:00','2024-12-04 19:45:00',2,0,2,7,0),(83,24,5,73,'2024-12-11 18:00:00','2024-12-11 19:45:00',3,0,2,7,0),(84,24,5,73,'2024-12-18 18:00:00','2024-12-18 19:45:00',2,0,2,7,0),(85,24,5,73,'2024-12-25 18:00:00','2024-12-25 19:45:00',2,0,2,7,0),(86,34,1,395,'2024-10-23 07:00:00','2024-10-23 10:00:00',2,0,12,7,0),(87,34,1,395,'2024-10-30 07:00:00','2024-10-30 10:00:00',2,1,12,7,0),(88,34,1,395,'2024-11-06 07:00:00','2024-11-06 10:00:00',2,1,12,7,0),(89,34,1,395,'2024-11-13 07:00:00','2024-11-13 10:00:00',1,0,12,7,0),(90,34,1,395,'2024-11-20 07:00:00','2024-11-20 10:00:00',2,1,12,7,0),(91,34,1,395,'2024-11-27 07:00:00','2024-11-27 10:00:00',3,0,12,7,0),(92,34,1,395,'2024-12-04 07:00:00','2024-12-04 10:00:00',2,0,12,7,0),(93,34,1,395,'2024-12-11 07:00:00','2024-12-11 10:00:00',1,0,12,7,0),(94,34,1,395,'2024-12-18 07:00:00','2024-12-18 10:00:00',3,0,12,7,0),(95,34,1,395,'2024-12-25 07:00:00','2024-12-25 10:00:00',1,0,12,7,0),(96,5,7,550,'2024-10-23 07:15:00','2024-10-23 08:45:00',2,0,14,7,0),(97,5,7,550,'2024-10-30 07:15:00','2024-10-30 08:45:00',4,1,14,7,0),(98,5,7,550,'2024-11-06 07:15:00','2024-11-06 08:45:00',4,1,14,7,0),(99,5,7,550,'2024-11-13 07:15:00','2024-11-13 08:45:00',1,0,14,7,0),(100,5,7,550,'2024-11-20 07:15:00','2024-11-20 08:45:00',2,0,14,7,0),(101,5,7,550,'2024-11-27 07:15:00','2024-11-27 08:45:00',1,0,14,7,0),(102,5,7,550,'2024-12-04 07:15:00','2024-12-04 08:45:00',2,0,14,7,0),(103,5,7,550,'2024-12-11 07:15:00','2024-12-11 08:45:00',1,0,14,7,0),(104,5,7,550,'2024-12-18 07:15:00','2024-12-18 08:45:00',3,0,14,7,0),(105,5,7,550,'2024-12-25 07:15:00','2024-12-25 08:45:00',1,0,14,7,0),(106,26,5,35,'2024-10-24 18:15:00','2024-10-24 20:30:00',2,0,1,7,0),(107,26,5,35,'2024-10-31 18:15:00','2024-10-31 20:30:00',1,0,1,7,0),(108,26,5,35,'2024-11-07 18:15:00','2024-11-07 20:30:00',1,0,1,7,0),(109,26,5,35,'2024-11-14 18:15:00','2024-11-14 20:30:00',5,1,1,7,0),(110,26,5,35,'2024-11-21 18:15:00','2024-11-21 20:30:00',5,1,1,7,0),(111,26,5,35,'2024-11-28 18:15:00','2024-11-28 20:30:00',3,0,1,7,0),(112,29,1,435,'2024-10-24 18:00:00','2024-10-24 20:30:00',4,1,12,7,0),(113,29,1,435,'2024-10-31 18:00:00','2024-10-31 20:30:00',2,0,12,7,0),(114,29,1,435,'2024-11-07 18:00:00','2024-11-07 20:30:00',1,0,12,7,0),(115,29,1,435,'2024-11-14 18:00:00','2024-11-14 20:30:00',3,0,12,7,0),(116,29,1,435,'2024-11-21 18:00:00','2024-11-21 20:30:00',3,0,12,7,0),(117,29,1,435,'2024-11-28 18:00:00','2024-11-28 20:30:00',2,0,12,7,0),(118,29,1,429,'2024-10-29 11:30:00','2024-10-29 13:00:00',2,0,12,7,0),(119,29,1,429,'2024-11-05 11:30:00','2024-11-05 13:00:00',3,0,12,7,0),(120,29,1,429,'2024-11-12 11:30:00','2024-11-12 13:00:00',1,0,12,7,0),(121,29,1,429,'2024-11-19 11:30:00','2024-11-19 13:00:00',2,0,12,7,0),(123,29,1,435,'2024-10-25 10:00:00','2024-10-25 13:00:00',3,0,12,7,0),(124,29,1,435,'2024-11-01 10:00:00','2024-11-01 13:00:00',2,0,12,7,0),(125,29,1,435,'2024-11-08 10:00:00','2024-11-08 13:00:00',1,0,12,7,0),(126,29,1,435,'2024-11-15 10:00:00','2024-11-15 13:00:00',3,0,12,7,0),(127,29,1,435,'2024-11-22 10:00:00','2024-11-22 13:00:00',1,0,12,7,0),(128,29,1,435,'2024-11-29 10:00:00','2024-11-29 13:00:00',3,0,12,7,0),(129,29,1,429,'2024-10-25 18:00:00','2024-10-25 21:15:00',10,1,12,7,0),(130,29,1,429,'2024-11-01 18:00:00','2024-11-01 21:15:00',2,0,12,7,0),(131,29,1,429,'2024-11-08 18:00:00','2024-11-08 21:15:00',2,0,12,7,0),(132,29,1,429,'2024-11-15 18:00:00','2024-11-15 21:15:00',2,0,12,7,0),(133,29,1,429,'2024-11-22 18:00:00','2024-11-22 21:15:00',3,0,12,7,0),(134,29,1,429,'2024-11-29 18:00:00','2024-11-29 21:15:00',1,0,12,7,0),(139,29,1,426,'2024-11-26 11:30:00','2024-11-26 13:00:00',3,0,12,7,0),(140,18,3,482,'2024-10-24 18:15:00','2024-10-24 19:45:00',8,1,11,7,0),(141,18,3,482,'2024-10-31 18:15:00','2024-10-31 19:45:00',1,0,11,7,0),(142,18,3,482,'2024-11-07 18:15:00','2024-11-07 19:45:00',1,0,11,7,0),(143,18,3,482,'2024-11-14 18:15:00','2024-11-14 19:45:00',2,0,11,7,0),(144,18,3,482,'2024-11-21 18:15:00','2024-11-21 19:45:00',3,0,11,7,0),(145,18,3,482,'2024-11-28 18:15:00','2024-11-28 19:45:00',2,0,11,7,0),(146,18,3,486,'2024-10-24 20:00:00','2024-10-24 21:15:00',1,1,11,7,0),(147,18,3,486,'2024-10-31 20:00:00','2024-10-31 21:15:00',1,0,11,7,0),(148,18,3,486,'2024-11-07 20:00:00','2024-11-07 21:15:00',3,0,11,7,0),(149,18,3,486,'2024-11-14 20:00:00','2024-11-14 21:15:00',3,0,11,7,0),(150,18,3,486,'2024-11-21 20:00:00','2024-11-21 21:15:00',2,0,11,7,0),(151,18,3,486,'2024-11-28 20:00:00','2024-11-28 21:15:00',2,0,11,7,0),(152,36,6,13,'2024-10-24 18:15:00','2024-10-24 19:45:00',2,1,1,7,0),(153,36,6,13,'2024-10-31 18:15:00','2024-10-31 19:45:00',2,0,1,7,0),(154,36,6,13,'2024-11-07 18:15:00','2024-11-07 19:45:00',3,0,1,7,0),(155,36,6,13,'2024-11-14 18:15:00','2024-11-14 19:45:00',2,0,1,7,0),(156,36,6,13,'2024-11-21 18:15:00','2024-11-21 19:45:00',3,0,1,7,0),(157,36,6,13,'2024-11-28 18:15:00','2024-11-28 19:45:00',2,0,1,7,0),(158,28,6,39,'2024-10-24 20:00:00','2024-10-24 22:00:00',3,0,1,7,0),(159,28,6,39,'2024-10-31 20:00:00','2024-10-31 22:00:00',2,0,1,7,0),(160,28,6,39,'2024-11-07 20:00:00','2024-11-07 22:00:00',3,0,1,7,0),(161,28,6,39,'2024-11-14 20:00:00','2024-11-14 22:00:00',2,0,1,7,0),(162,28,6,39,'2024-11-21 20:00:00','2024-11-21 22:00:00',2,1,1,7,0),(163,28,6,39,'2024-11-28 20:00:00','2024-11-28 22:00:00',1,0,1,7,0),(164,22,7,57,'2024-10-24 19:45:00','2024-10-24 22:00:00',3,0,1,7,0),(165,22,7,57,'2024-10-31 19:45:00','2024-10-31 22:00:00',2,0,1,7,0),(166,22,7,57,'2024-11-07 19:45:00','2024-11-07 22:00:00',1,0,1,7,0),(167,22,7,57,'2024-11-14 19:45:00','2024-11-14 22:00:00',2,0,1,7,0),(168,22,7,57,'2024-11-21 19:45:00','2024-11-21 22:00:00',3,0,1,7,0),(169,22,7,57,'2024-11-28 19:45:00','2024-11-28 22:00:00',3,0,1,7,0),(170,56,5,55,'2024-10-25 18:15:00','2024-10-25 20:30:00',2,0,1,7,0),(171,56,5,55,'2024-11-01 18:15:00','2024-11-01 20:30:00',2,0,1,7,0),(172,56,5,55,'2024-11-08 18:15:00','2024-11-08 20:30:00',3,0,1,7,0),(173,56,5,55,'2024-11-15 18:15:00','2024-11-15 20:30:00',1,0,1,7,0),(174,56,5,55,'2024-11-22 18:15:00','2024-11-22 20:30:00',2,0,1,7,0),(175,56,5,55,'2024-11-29 18:15:00','2024-11-29 20:30:00',2,0,1,7,0),(176,56,5,555,'2024-10-25 20:30:00','2024-10-25 22:00:00',2,0,8,7,0),(177,56,5,555,'2024-11-01 20:30:00','2024-11-01 22:00:00',2,0,8,7,0),(178,56,5,555,'2024-11-08 20:30:00','2024-11-08 22:00:00',3,0,8,7,0),(179,56,5,555,'2024-11-15 20:30:00','2024-11-15 22:00:00',3,0,8,7,0),(180,56,5,555,'2024-11-22 20:30:00','2024-11-22 22:00:00',2,0,8,7,0),(181,56,5,555,'2024-11-29 20:30:00','2024-11-29 22:00:00',3,0,8,7,0),(182,36,5,29,'2024-10-25 07:00:00','2024-10-25 09:00:00',3,0,1,7,0),(183,22,7,43,'2024-10-25 17:15:00','2024-10-25 20:30:00',3,0,1,7,0),(184,22,7,43,'2024-11-01 17:15:00','2024-11-01 20:30:00',1,0,1,7,0),(185,22,7,43,'2024-11-08 17:15:00','2024-11-08 20:30:00',1,0,1,7,0),(186,22,7,43,'2024-11-15 17:15:00','2024-11-15 20:30:00',1,0,1,7,0),(187,22,7,43,'2024-11-22 17:15:00','2024-11-22 20:30:00',1,0,1,7,0),(188,22,7,43,'2024-11-29 17:15:00','2024-11-29 20:30:00',1,0,1,7,0),(189,23,7,44,'2024-10-25 20:30:00','2024-10-25 22:00:00',3,0,1,7,0),(190,23,7,44,'2024-11-01 20:30:00','2024-11-01 22:00:00',2,0,1,7,0),(191,23,7,44,'2024-11-08 20:30:00','2024-11-08 22:00:00',1,0,1,7,0),(192,23,7,44,'2024-11-15 20:30:00','2024-11-15 22:00:00',1,0,1,7,0),(193,23,7,44,'2024-11-22 20:30:00','2024-11-22 22:00:00',1,0,1,7,0),(194,23,7,44,'2024-11-29 20:30:00','2024-11-29 22:00:00',1,0,1,7,0),(195,36,6,45,'2024-10-28 18:15:00','2024-10-28 20:30:00',9,1,1,7,0),(196,36,6,45,'2024-11-04 18:15:00','2024-11-04 20:30:00',2,0,1,7,0),(197,36,6,45,'2024-11-11 18:15:00','2024-11-11 20:30:00',2,0,1,7,0),(198,36,6,45,'2024-11-18 18:15:00','2024-11-18 20:30:00',3,0,1,7,0),(199,36,6,45,'2024-11-25 18:15:00','2024-11-25 20:30:00',2,0,1,7,0),(200,21,1,16,'2024-10-30 07:00:00','2024-10-30 10:00:00',1,0,1,7,0),(201,21,1,17,'2024-10-29 11:30:00','2024-10-29 13:00:00',3,0,1,7,1),(202,21,1,16,'2024-10-30 16:00:00','2024-10-30 17:30:00',2,0,1,7,1),(203,21,1,16,'2024-10-30 18:30:00','2024-10-30 19:30:00',11,1,1,7,0),(204,47,1,227,'2024-11-02 07:00:00','2024-11-02 13:30:00',3,0,5,7,0),(205,47,1,227,'2024-11-09 07:00:00','2024-11-09 13:30:00',3,0,5,7,0),(206,47,1,227,'2024-11-16 07:00:00','2024-11-16 13:30:00',2,0,5,7,0),(207,47,1,227,'2024-11-23 07:00:00','2024-11-23 13:30:00',2,0,5,7,0),(208,47,1,227,'2024-11-30 07:00:00','2024-11-30 13:30:00',2,0,5,7,0),(209,37,6,202,'2024-11-02 07:30:00','2024-11-02 13:00:00',1,0,4,7,0),(210,16,1,428,'2024-11-05 09:00:00','2024-11-05 11:00:00',2,1,12,7,1),(211,34,7,414,'2024-11-05 11:30:00','2024-11-05 13:00:00',2,1,12,7,1),(212,54,5,101,'2024-11-05 18:30:00','2024-11-05 20:15:00',3,1,2,7,1),(213,23,2,52,'2024-11-05 18:15:00','2024-11-05 20:30:00',2,0,1,7,0),(214,23,2,52,'2024-11-12 18:15:00','2024-11-12 20:30:00',1,1,1,7,0),(215,23,2,52,'2024-11-19 18:15:00','2024-11-19 20:30:00',1,0,1,7,0),(216,23,2,52,'2024-11-26 18:15:00','2024-11-26 20:30:00',1,0,1,7,0),(217,22,6,59,'2024-11-05 18:15:00','2024-11-05 20:30:00',3,0,1,7,0),(218,22,6,59,'2024-11-12 18:15:00','2024-11-12 20:30:00',1,0,1,7,0),(219,22,6,59,'2024-11-19 18:15:00','2024-11-19 20:30:00',1,0,1,7,0),(220,22,6,59,'2024-11-26 18:15:00','2024-11-26 20:30:00',1,0,1,7,0),(221,16,1,434,'2024-11-05 18:15:00','2024-11-05 21:30:00',2,0,12,7,0),(222,16,1,434,'2024-11-12 18:15:00','2024-11-12 21:30:00',4,1,12,7,0),(223,16,1,434,'2024-11-19 18:15:00','2024-11-19 21:30:00',4,1,12,7,0),(224,16,1,434,'2024-11-26 18:15:00','2024-11-26 21:30:00',1,0,12,7,0),(226,21,1,16,'2024-11-06 14:00:00','2024-11-06 14:30:00',8,1,1,7,1),(227,26,7,14,'2024-11-06 18:30:00','2024-11-06 20:00:00',2,1,1,7,1),(228,34,1,397,'2024-11-07 07:00:00','2024-11-07 09:00:00',1,1,12,7,1),(229,5,6,542,'2024-11-07 07:00:00','2024-11-07 12:00:00',8,1,14,7,1),(230,16,1,428,'2024-11-08 07:00:00','2024-11-08 10:00:00',2,0,12,7,0),(231,16,1,428,'2024-11-15 07:00:00','2024-11-15 10:00:00',2,0,12,7,0),(232,16,1,428,'2024-11-22 07:00:00','2024-11-22 10:00:00',2,0,12,7,0),(233,16,1,428,'2024-11-29 07:00:00','2024-11-29 10:00:00',1,0,12,7,0),(234,6,3,130,'2022-03-11 13:30:00','2022-03-11 15:30:00',4,1,3,3,0),(235,101,6,35,'2022-09-27 18:15:00','2022-09-27 19:45:00',5,1,1,4,0),(236,9,1,397,'2022-09-27 18:15:00','2022-09-27 19:45:00',6,1,12,4,0),(237,86,5,13,'2022-09-27 18:15:00','2022-09-27 19:45:00',2,1,1,4,0),(238,103,7,39,'2022-09-27 18:15:00','2022-09-27 19:45:00',10,1,1,4,0),(239,22,2,57,'2022-09-27 18:15:00','2022-09-27 19:45:00',6,1,1,4,0),(240,103,7,55,'2022-09-27 19:45:00','2022-09-27 21:30:00',2,1,1,4,0),(241,9,1,416,'2022-09-27 19:45:00','2022-09-27 21:30:00',7,1,12,4,0),(242,88,1,542,'2022-09-28 07:15:00','2022-09-28 08:45:00',18,1,14,4,0),(243,9,1,437,'2022-09-28 10:00:00','2022-09-28 11:45:00',5,1,12,4,0),(244,9,1,444,'2022-09-28 18:15:00','2022-09-28 21:30:00',10,1,12,4,0),(245,8,5,154,'2022-09-28 18:15:00','2022-09-28 19:45:00',8,1,4,4,0),(246,106,5,496,'2022-09-28 19:45:00','2022-09-28 21:30:00',8,1,11,4,0),(247,8,7,206,'2022-09-28 20:30:00','2022-09-28 21:30:00',6,1,4,4,0),(248,80,2,73,'2022-09-28 20:30:00','2022-09-28 21:30:00',19,1,2,4,0),(249,74,1,444,'2022-09-29 09:15:00','2022-09-29 11:30:00',6,1,12,4,0),(250,65,2,508,'2022-09-29 11:00:00','2022-09-29 12:30:00',9,1,14,4,0),(251,101,6,29,'2022-09-29 18:15:00','2022-09-29 19:45:00',5,1,1,4,0),(252,16,1,437,'2022-09-29 18:15:00','2022-09-29 19:45:00',10,1,12,4,0),(253,103,7,43,'2022-09-29 18:15:00','2022-09-29 19:45:00',9,1,1,4,0),(254,8,2,323,'2022-09-29 19:45:00','2022-09-29 21:30:00',19,1,6,4,0),(255,78,7,206,'2022-09-29 19:45:00','2022-09-29 21:30:00',9,1,4,4,0),(256,8,5,130,'2022-09-29 19:45:00','2022-09-29 21:30:00',5,1,3,4,0),(257,9,3,470,'2022-09-29 19:45:00','2022-09-29 21:30:00',5,1,11,4,0),(258,86,5,44,'2022-09-29 19:45:00','2022-09-29 21:30:00',6,1,1,4,0),(259,74,1,432,'2022-09-29 19:45:00','2022-09-29 21:30:00',6,1,12,4,0),(260,64,5,128,'2022-09-29 20:30:00','2022-09-29 21:30:00',7,1,3,4,0),(261,80,2,185,'2022-09-29 20:30:00','2022-09-29 21:30:00',8,1,4,4,0),(262,9,1,435,'2022-09-30 07:00:00','2022-09-30 09:15:00',8,1,12,4,0),(263,9,1,444,'2022-09-30 09:30:00','2022-09-30 12:30:00',6,1,12,4,0),(264,37,7,130,'2022-09-30 09:50:00','2022-09-30 12:00:00',8,1,3,4,0),(265,86,6,555,'2022-09-30 17:30:00','2022-09-30 19:00:00',2,1,8,4,0),(266,70,1,434,'2022-09-30 18:15:00','2022-09-30 20:30:00',10,1,12,4,0),(267,31,3,556,'2022-10-01 07:00:00','2022-10-01 12:00:00',14,1,15,4,0),(268,78,1,555,'2022-10-01 08:00:00','2022-10-01 13:00:00',3,1,8,4,0),(269,81,5,520,'2022-10-01 08:30:00','2022-10-01 12:00:00',10,1,4,4,0),(270,65,4,124,'2022-10-01 08:45:00','2022-10-01 10:45:00',12,1,2,4,0),(271,73,7,204,'2022-10-01 08:45:00','2022-10-01 12:00:00',13,1,4,4,0),(272,8,6,186,'2022-10-01 08:45:00','2022-10-01 12:00:00',5,1,4,4,0),(273,19,4,101,'2022-10-01 10:30:00','2022-10-01 13:00:00',4,1,2,4,0),(274,73,7,202,'2022-10-01 13:15:00','2022-10-01 15:00:00',10,1,4,4,0),(275,8,5,450,'2022-10-01 13:15:00','2022-10-01 18:00:00',2,1,11,4,0),(276,88,2,470,'2022-10-01 14:00:00','2022-10-01 19:00:00',28,1,11,4,0),(277,24,5,555,'2022-10-01 14:00:00','2022-10-01 16:30:00',3,1,8,4,0),(278,69,1,130,'2022-10-01 14:00:00','2022-10-01 18:45:00',8,1,3,4,0),(279,22,3,45,'2022-10-01 14:15:00','2022-10-01 19:00:00',1,1,1,4,0),(280,78,6,137,'2022-10-01 15:45:00','2022-10-01 17:45:00',8,1,3,4,0),(281,25,3,551,'2022-10-01 16:00:00','2022-10-01 18:00:00',8,1,14,4,0),(282,37,5,142,'2022-10-01 17:15:00','2022-10-01 18:45:00',10,1,3,4,0),(283,8,2,520,'2022-10-03 08:00:00','2022-10-03 21:30:00',11,1,4,4,0),(284,9,1,400,'2022-10-03 09:00:00','2022-10-03 12:30:00',4,1,12,4,0),(285,106,5,551,'2022-10-03 18:15:00','2022-10-03 21:30:00',8,1,11,4,0),(286,101,6,16,'2022-10-03 18:15:00','2022-10-03 19:45:00',3,1,1,4,0),(287,79,3,17,'2022-10-03 18:15:00','2022-10-03 19:45:00',3,1,1,4,0),(288,104,7,52,'2022-10-03 18:15:00','2022-10-03 19:45:00',7,1,1,4,0),(289,22,7,59,'2022-10-03 18:15:00','2022-10-03 19:45:00',6,1,1,4,0),(290,22,1,14,'2022-10-03 19:45:00','2022-10-03 21:30:00',8,1,1,4,0),(291,104,7,27,'2022-10-03 19:45:00','2022-10-03 21:30:00',2,1,1,4,0),(292,37,1,142,'2022-10-04 08:00:00','2022-10-04 10:30:00',8,1,3,4,0),(293,9,1,432,'2022-10-05 10:00:00','2022-10-05 11:30:00',5,1,12,4,0),(294,22,6,32,'2022-10-05 18:15:00','2022-10-05 19:45:00',4,1,1,4,0),(295,9,1,400,'2022-10-05 18:15:00','2022-10-05 21:30:00',10,1,12,4,0),(296,2,2,120,'2022-10-05 18:15:00','2022-10-05 19:45:00',18,1,2,4,0),(297,8,5,186,'2022-10-05 18:15:00','2022-10-05 19:45:00',10,1,4,4,0),(298,64,3,130,'2022-10-05 18:15:00','2022-10-05 21:30:00',4,1,3,4,0),(299,22,6,33,'2022-10-05 19:45:00','2022-10-05 21:30:00',2,1,1,4,0),(300,104,7,35,'2022-10-05 19:45:00','2022-10-05 21:30:00',7,1,1,4,0),(301,79,6,13,'2022-10-05 19:45:00','2022-10-05 21:30:00',2,1,1,4,0),(302,18,6,496,'2022-10-05 19:45:00','2022-10-05 21:30:00',8,1,11,4,0),(303,9,1,444,'2022-10-06 09:20:00','2022-10-06 11:30:00',6,1,12,4,0),(304,65,2,508,'2022-10-06 11:00:00','2022-10-06 12:30:00',9,1,14,4,0),(305,22,7,39,'2022-10-06 18:15:00','2022-10-06 19:45:00',2,1,1,4,0),(306,101,3,57,'2022-10-06 18:15:00','2022-10-06 19:45:00',2,1,1,4,0),(307,16,1,437,'2022-10-06 18:15:00','2022-10-06 19:45:00',10,1,12,4,0),(308,103,6,55,'2022-10-06 18:15:00','2022-10-06 19:45:00',10,1,1,4,0),(309,22,7,29,'2022-10-06 19:45:00','2022-10-06 21:30:00',4,1,1,4,0),(310,101,6,43,'2022-10-06 19:45:00','2022-10-06 21:30:00',2,1,1,4,0),(311,36,3,13,'2022-10-06 19:45:00','2022-10-06 21:30:00',7,1,1,4,0),(312,86,5,44,'2022-10-06 19:45:00','2022-10-06 21:30:00',8,1,1,4,0),(313,104,7,45,'2022-10-06 19:45:00','2022-10-06 21:30:00',7,1,1,4,0),(314,74,1,420,'2022-10-06 19:45:00','2022-10-06 21:30:00',5,1,12,4,0),(315,9,1,416,'2022-10-07 07:00:00','2022-10-07 09:15:00',8,1,12,4,0),(316,76,3,416,'2022-10-07 07:00:00','2022-10-07 13:00:00',14,1,12,4,0),(317,88,1,510,'2022-10-07 08:00:00','2022-10-07 09:15:00',25,1,14,4,0),(318,9,1,426,'2022-10-07 09:15:00','2022-10-07 12:00:00',7,1,12,4,0),(319,37,7,130,'2022-10-07 09:50:00','2022-10-07 00:00:00',8,1,3,4,0),(320,86,5,16,'2022-10-07 17:30:00','2022-10-07 19:00:00',2,1,1,4,0),(321,24,3,555,'2022-10-07 18:00:00','2022-10-07 20:30:00',2,1,8,4,0),(322,11,4,142,'2022-10-07 18:15:00','2022-10-07 19:45:00',2,1,3,4,0),(323,8,5,154,'2022-10-07 18:15:00','2022-10-07 19:45:00',1,1,4,4,0),(324,22,7,17,'2022-10-07 18:15:00','2022-10-07 19:45:00',4,1,1,4,0),(325,79,6,52,'2022-10-07 18:15:00','2022-10-07 19:45:00',2,1,1,4,0),(326,70,1,395,'2022-10-07 18:15:00','2022-10-07 20:30:00',10,1,12,4,0),(327,37,5,142,'2022-10-07 18:30:00','2022-10-07 20:00:00',6,1,3,4,0),(328,22,7,59,'2022-10-07 19:45:00','2022-10-07 21:30:00',1,1,1,4,0),(329,37,2,137,'2022-10-07 20:00:00','2022-10-07 21:30:00',3,1,3,4,0),(330,81,5,154,'2022-10-08 08:45:00','2022-10-08 12:00:00',10,1,4,4,0),(331,73,2,202,'2022-10-08 08:45:00','2022-10-08 12:00:00',15,1,4,4,0),(332,8,7,202,'2022-10-08 08:45:00','2022-10-08 12:00:00',4,1,4,4,0),(333,11,6,142,'2022-10-08 10:30:00','2022-10-08 12:00:00',4,1,3,4,0),(334,73,2,154,'2022-10-08 13:00:00','2022-10-08 15:00:00',15,1,4,4,0),(335,22,7,14,'2022-10-08 13:30:00','2022-10-08 18:30:00',1,1,1,4,0),(336,25,1,514,'2022-10-08 16:00:00','2022-10-08 18:00:00',9,1,14,4,0),(337,2,2,91,'2022-10-08 17:15:00','2022-10-08 18:30:00',3,1,2,4,0),(338,37,2,137,'2022-10-10 08:00:00','2022-10-10 11:30:00',8,1,3,4,0),(339,22,6,27,'2022-10-10 18:15:00','2022-10-10 21:30:00',4,1,1,4,0),(340,74,1,432,'2022-10-10 18:15:00','2022-10-10 19:45:00',4,1,12,4,0),(341,80,2,66,'2022-10-10 18:15:00','2022-10-10 19:45:00',22,1,2,4,0),(342,104,7,32,'2022-10-10 18:15:00','2022-10-10 20:30:00',2,1,1,4,0),(343,100,5,496,'2022-10-10 18:15:00','2022-10-10 19:45:00',8,1,11,4,0),(344,101,1,33,'2022-10-10 19:45:00','2022-10-10 21:30:00',2,1,1,4,0),(345,104,7,35,'2022-10-10 19:45:00','2022-10-10 21:30:00',7,1,1,4,0),(346,22,6,13,'2022-10-10 19:45:00','2022-10-10 21:30:00',3,1,1,4,0),(347,99,3,450,'2022-10-10 20:00:00','2022-10-10 21:30:00',8,1,11,4,0),(348,8,5,300,'2022-10-10 20:30:00','2022-10-10 21:30:00',6,1,4,4,0),(349,69,1,137,'2022-10-11 08:00:00','2022-10-11 10:40:00',3,1,3,4,0),(350,37,2,130,'2022-10-11 09:00:00','2022-10-11 11:00:00',8,1,3,4,0),(351,8,5,206,'2022-10-11 18:15:00','2022-10-11 19:45:00',8,1,4,4,0),(352,22,6,39,'2022-10-11 18:15:00','2022-10-11 19:45:00',1,1,1,4,0),(353,101,4,57,'2022-10-11 18:15:00','2022-10-11 19:45:00',2,1,1,4,0),(354,86,2,55,'2022-10-11 18:15:00','2022-10-11 21:30:00',15,1,1,4,0),(355,103,6,29,'2022-10-11 18:15:00','2022-10-11 19:45:00',2,1,1,4,0),(356,100,2,393,'2022-10-11 18:15:00','2022-10-11 19:45:00',8,1,12,4,0),(357,69,3,130,'2022-10-11 18:15:00','2022-10-11 19:45:00',5,1,3,4,0),(358,8,5,520,'2022-10-11 18:15:00','2022-10-11 19:45:00',19,1,4,4,0),(359,9,1,429,'2022-10-11 19:45:00','2022-10-11 21:30:00',6,1,12,4,0),(360,103,6,43,'2022-10-11 19:45:00','2022-10-11 21:30:00',10,1,1,4,0),(361,22,6,44,'2022-10-11 19:45:00','2022-10-11 21:30:00',5,1,1,4,0),(362,86,2,45,'2022-10-11 20:30:00','2022-10-11 21:30:00',12,1,1,4,0),(363,9,1,428,'2022-10-12 07:15:00','2022-10-12 08:30:00',6,1,12,4,0),(364,88,2,510,'2022-10-12 08:45:00','2022-10-12 10:00:00',28,1,14,4,0),(365,100,7,510,'2022-10-12 18:15:00','2022-10-12 19:45:00',15,1,14,4,0),(366,8,5,185,'2022-10-12 18:15:00','2022-10-12 19:45:00',6,1,4,4,0),(367,108,6,16,'2022-10-12 18:15:00','2022-10-12 19:45:00',4,1,1,4,0),(368,96,3,17,'2022-10-12 18:15:00','2022-10-12 19:45:00',5,1,1,4,0),(369,22,7,52,'2022-10-12 19:45:00','2022-10-12 21:30:00',1,1,1,4,0),(370,22,7,59,'2022-10-12 19:45:00','2022-10-12 21:30:00',2,1,1,4,0),(371,69,2,130,'2022-10-13 08:10:00','2022-10-13 10:30:00',4,1,3,4,0),(372,65,2,508,'2022-10-13 09:15:00','2022-10-13 11:30:00',9,1,14,4,0),(373,64,5,130,'2022-10-13 09:30:00','2022-10-13 11:00:00',7,1,3,4,0),(374,64,5,130,'2022-10-13 10:30:00','2022-10-13 11:00:00',4,1,3,4,0),(375,8,2,416,'2022-10-13 11:00:00','2022-10-13 12:30:00',2,1,12,4,0),(376,108,2,14,'2022-10-13 18:15:00','2022-10-13 19:45:00',1,1,1,4,0),(377,101,5,27,'2022-10-13 18:15:00','2022-10-13 19:45:00',3,1,1,4,0),(378,16,1,437,'2022-10-13 18:15:00','2022-10-13 19:45:00',10,1,12,4,0),(379,8,4,186,'2022-10-13 18:15:00','2022-10-13 19:45:00',8,1,4,4,0),(380,103,7,32,'2022-10-13 18:15:00','2022-10-13 19:45:00',10,1,1,4,0),(381,74,1,414,'2022-10-13 18:15:00','2022-10-13 19:45:00',8,1,12,4,0),(382,74,1,426,'2022-10-13 18:15:00','2022-10-13 19:45:00',6,1,12,4,0),(383,8,4,84,'2022-10-13 18:15:00','2022-10-13 19:45:00',3,1,2,4,0),(384,80,3,202,'2022-10-13 18:15:00','2022-10-13 19:45:00',8,1,4,4,0),(385,104,6,33,'2022-10-13 18:15:00','2022-10-13 19:45:00',4,1,1,4,0),(386,22,6,35,'2022-10-13 19:45:00','2022-10-13 09:30:00',2,1,1,4,0),(387,22,6,13,'2022-10-13 19:45:00','2022-10-13 09:30:00',4,1,1,4,0),(388,86,5,39,'2022-10-13 19:45:00','2022-10-13 09:30:00',8,1,1,4,0),(389,80,5,555,'2022-10-13 19:45:00','2022-10-13 09:30:00',2,1,8,4,0),(390,37,7,130,'2022-10-14 08:45:00','2022-10-14 12:00:00',8,1,3,4,0),(391,22,7,57,'2022-10-14 18:15:00','2022-10-14 19:45:00',3,1,1,4,0),(392,70,1,393,'2022-10-14 18:15:00','2022-10-14 09:30:00',10,1,12,4,0),(393,8,7,154,'2022-10-14 18:15:00','2022-10-14 19:45:00',3,1,4,4,0),(394,64,3,120,'2022-10-14 18:15:00','2022-10-14 20:15:00',10,1,2,4,0),(395,78,5,124,'2022-10-14 18:15:00','2022-10-14 19:45:00',28,1,2,4,0),(396,37,2,128,'2022-10-14 18:15:00','2022-10-14 21:30:00',6,1,3,4,0),(397,22,7,55,'2022-10-14 19:45:00','2022-10-14 09:30:00',1,1,1,4,0),(398,37,2,128,'2022-10-14 20:15:00','2022-10-14 21:30:00',3,1,3,4,0),(399,100,6,101,'2022-10-15 10:45:00','2022-10-15 11:15:00',12,1,2,4,0),(400,100,6,95,'2022-10-15 11:15:00','2022-10-15 12:15:00',7,1,2,4,0),(401,65,6,202,'2022-10-15 13:15:00','2022-10-15 18:00:00',7,1,4,4,0),(402,24,1,555,'2022-10-15 14:00:00','2022-10-15 19:00:00',6,1,8,4,0),(403,71,5,137,'2022-10-15 15:15:00','2022-10-15 18:45:00',10,1,3,4,0),(404,8,7,186,'2022-10-15 15:35:00','2022-10-15 16:30:00',2,1,4,4,0),(405,37,1,130,'2022-10-15 17:15:00','2022-10-15 18:40:00',10,1,3,4,0),(406,80,7,29,'2022-10-15 19:45:00','2022-10-15 21:30:00',20,1,1,4,0),(407,9,1,437,'2022-10-18 18:15:00','2022-10-18 19:45:00',6,1,12,4,0),(408,86,5,43,'2022-10-18 18:15:00','2022-10-18 19:45:00',8,1,1,4,0),(409,103,7,44,'2022-10-18 18:15:00','2022-10-18 19:45:00',10,1,1,4,0),(410,22,6,45,'2022-10-18 18:15:00','2022-10-18 19:45:00',7,1,1,4,0),(411,8,2,154,'2022-10-18 18:15:00','2022-10-18 19:45:00',18,1,4,4,0),(412,22,6,16,'2022-10-18 19:45:00','2022-10-18 21:30:00',1,1,1,4,0),(413,103,7,17,'2022-10-18 19:45:00','2022-10-18 21:30:00',2,1,1,4,0),(414,9,1,416,'2022-10-18 19:45:00','2022-10-18 21:30:00',6,1,12,4,0),(415,71,3,142,'2022-10-18 20:00:00','2022-10-18 21:30:00',6,1,3,4,0),(416,86,5,52,'2022-10-18 20:30:00','2022-10-18 21:30:00',12,1,1,4,0),(417,88,2,508,'2022-10-19 07:15:00','2022-10-19 08:30:00',25,1,14,4,0),(418,22,7,59,'2022-10-19 18:15:00','2022-10-19 19:45:00',1,1,1,4,0),(419,8,5,154,'2022-10-19 18:15:00','2022-10-19 19:45:00',11,1,4,4,0),(420,108,6,14,'2022-10-19 18:15:00','2022-10-19 19:45:00',2,1,1,4,0),(421,96,3,27,'2022-10-19 18:15:00','2022-10-19 19:45:00',5,1,1,4,0),(422,9,1,416,'2022-10-19 18:15:00','2022-10-19 21:30:00',10,1,12,4,0),(423,22,7,32,'2022-10-19 19:45:00','2022-10-19 21:30:00',2,1,1,4,0),(424,23,6,33,'2022-10-19 20:30:00','2022-10-19 21:30:00',1,1,1,4,0),(425,69,3,142,'2022-10-19 20:30:00','2022-10-19 21:30:00',3,1,3,4,0),(426,64,5,70,'2022-10-20 08:00:00','2022-10-20 10:20:00',6,1,2,4,0),(427,108,6,35,'2022-10-20 18:15:00','2022-10-20 19:45:00',5,1,1,4,0),(428,22,7,13,'2022-10-20 18:15:00','2022-10-20 19:45:00',2,1,1,4,0),(429,16,1,437,'2022-10-20 18:15:00','2022-10-20 19:45:00',10,1,12,4,0),(430,103,7,39,'2022-10-20 18:15:00','2022-10-20 19:45:00',10,1,1,4,0),(431,22,7,57,'2022-10-20 19:45:00','2022-10-20 21:30:00',4,1,1,4,0),(432,26,3,55,'2022-10-20 19:45:00','2022-10-20 21:30:00',12,1,1,4,0),(433,108,1,29,'2022-10-20 19:45:00','2022-10-20 21:30:00',3,1,1,4,0),(434,8,4,66,'2022-10-20 20:30:00','2022-10-20 21:30:00',5,1,2,4,0),(435,23,6,43,'2022-10-20 20:30:00','2022-10-20 21:30:00',1,1,1,4,0),(436,80,7,124,'2022-10-20 20:30:00','2022-10-20 21:30:00',9,1,2,4,0),(437,71,7,556,'2022-10-21 00:00:00','2022-10-21 00:00:00',11,1,15,4,0),(438,9,1,426,'2022-10-21 07:00:00','2022-10-21 09:15:00',9,1,12,4,0),(439,27,2,520,'2022-10-21 07:15:00','2022-10-21 09:30:00',6,1,14,4,0),(440,9,1,420,'2022-10-21 09:30:00','2022-10-21 12:30:00',8,1,12,4,0),(441,37,2,142,'2022-10-21 09:50:00','2022-10-21 12:00:00',5,1,3,4,0),(442,22,6,44,'2022-10-21 18:15:00','2022-10-21 19:45:00',4,1,1,4,0),(443,23,6,45,'2022-10-21 18:15:00','2022-10-21 21:30:00',1,1,1,4,0),(444,8,1,204,'2022-10-21 18:15:00','2022-10-21 19:45:00',2,1,4,4,0),(445,108,7,16,'2022-10-21 18:15:00','2022-10-21 19:45:00',1,1,1,4,0),(446,37,5,128,'2022-10-21 18:15:00','2022-10-21 20:00:00',2,1,3,4,0),(447,22,6,17,'2022-10-21 19:45:00','2022-10-21 21:30:00',1,1,1,4,0),(448,37,5,142,'2022-10-21 20:00:00','2022-10-21 21:30:00',3,1,3,4,0),(449,9,2,551,'2022-10-22 07:00:00','2022-10-22 13:00:00',22,1,11,4,0),(450,80,5,95,'2022-10-22 07:15:00','2022-10-22 13:15:00',20,1,2,4,0),(451,9,7,428,'2022-10-22 08:00:00','2022-10-22 11:00:00',8,1,12,4,0),(452,8,6,87,'2022-10-22 08:45:00','2022-10-22 10:15:00',10,1,2,4,0),(453,8,7,254,'2022-10-22 08:45:00','2022-10-22 12:00:00',13,1,4,4,0),(454,8,7,471,'2022-10-22 14:00:00','2022-10-22 17:00:00',3,1,11,4,0),(455,24,3,154,'2022-10-22 14:15:00','2022-10-22 18:00:00',4,1,4,4,0),(456,69,6,128,'2022-10-22 14:15:00','2022-10-22 18:30:00',8,1,3,4,0),(457,37,7,130,'2022-10-22 17:15:00','2022-10-22 18:40:00',1,1,3,4,0),(458,71,7,142,'2022-10-24 08:30:00','2022-10-24 12:45:00',8,1,3,4,0),(459,100,5,486,'2022-10-24 18:15:00','2022-10-24 21:30:00',8,1,11,4,0),(460,80,2,84,'2022-10-24 18:15:00','2022-10-24 20:30:00',22,1,2,4,0),(461,108,7,52,'2022-10-24 18:15:00','2022-10-24 19:45:00',5,1,1,4,0),(462,23,6,59,'2022-10-24 18:15:00','2022-10-24 21:30:00',1,1,1,4,0),(463,22,1,14,'2022-10-24 18:15:00','2022-10-24 19:45:00',6,1,1,4,0),(464,108,7,27,'2022-10-24 19:45:00','2022-10-24 20:30:00',5,1,1,4,0),(465,100,3,551,'2022-10-24 19:45:00','2022-10-24 21:30:00',8,1,11,4,0),(466,22,1,32,'2022-10-24 19:45:00','2022-10-24 21:30:00',2,1,1,4,0),(467,8,6,520,'2022-10-24 20:00:00','2022-10-24 21:30:00',4,1,4,4,0),(468,108,7,33,'2022-10-24 20:30:00','2022-10-24 21:30:00',2,1,1,4,0),(469,37,3,137,'2022-10-25 08:00:00','2022-10-25 10:50:00',6,1,3,4,0),(470,86,5,35,'2022-10-25 18:15:00','2022-10-25 19:45:00',5,1,1,4,0),(471,9,1,393,'2022-10-25 18:15:00','2022-10-25 19:30:00',8,1,12,4,0),(472,22,6,13,'2022-10-25 18:15:00','2022-10-25 19:45:00',6,1,1,4,0),(473,69,7,130,'2022-10-25 18:30:00','2022-10-25 22:00:00',5,1,3,4,0),(474,9,1,426,'2022-10-25 19:30:00','2022-10-25 21:15:00',8,1,12,4,0),(475,8,2,206,'2022-10-25 20:00:00','2022-10-25 21:30:00',8,1,4,4,0),(476,8,1,206,'2022-10-25 20:00:00','2022-10-25 22:00:00',8,1,4,4,0),(477,101,2,202,'2022-10-25 20:00:00','2022-10-25 22:00:00',18,1,4,4,0),(478,86,5,39,'2022-10-25 20:30:00','2022-10-25 22:00:00',12,1,1,4,0),(479,88,1,448,'2022-10-26 07:15:00','2022-10-26 08:30:00',25,1,12,4,0),(480,2,2,66,'2022-10-26 18:15:00','2022-10-26 19:45:00',15,1,2,4,0),(481,8,5,185,'2022-10-26 18:15:00','2022-10-26 19:45:00',10,1,4,4,0),(482,26,1,57,'2022-10-26 18:15:00','2022-10-26 19:45:00',6,1,1,4,0),(483,108,6,55,'2022-10-26 18:15:00','2022-10-26 19:45:00',5,1,1,4,0),(484,96,3,29,'2022-10-26 18:15:00','2022-10-26 19:45:00',5,1,1,4,0),(485,9,1,393,'2022-10-26 18:15:00','2022-10-26 21:15:00',15,1,12,4,0),(486,106,5,496,'2022-10-26 19:45:00','2022-10-26 22:00:00',8,1,11,4,0),(487,108,1,416,'2022-10-27 07:15:00','2022-10-27 09:30:00',3,1,12,4,0),(488,74,1,444,'2022-10-27 09:15:00','2022-10-27 11:30:00',6,1,12,4,0),(489,8,7,416,'2022-10-27 09:30:00','2022-10-27 11:00:00',2,1,12,4,0),(490,65,2,508,'2022-10-27 11:00:00','2022-10-27 00:30:00',9,1,14,4,0),(491,108,7,43,'2022-10-27 18:15:00','2022-10-27 19:45:00',2,1,1,4,0),(492,22,6,44,'2022-10-27 18:15:00','2022-10-27 19:45:00',2,1,1,4,0),(493,16,1,437,'2022-10-27 18:15:00','2022-10-27 19:45:00',10,1,12,4,0),(494,26,5,45,'2022-10-27 18:15:00','2022-10-27 19:45:00',10,1,1,4,0),(495,69,7,128,'2022-10-27 18:15:00','2022-10-27 22:00:00',4,1,3,4,0),(496,23,4,16,'2022-10-27 19:00:00','2022-10-27 19:45:00',4,1,1,4,0),(497,22,7,17,'2022-10-27 19:45:00','2022-10-27 21:15:00',2,1,1,4,0),(498,2,5,52,'2022-10-27 19:45:00','2022-10-27 21:15:00',4,1,1,4,0),(499,86,6,59,'2022-10-27 19:45:00','2022-10-27 22:00:00',7,1,1,4,0),(500,23,7,14,'2022-10-27 20:30:00','2022-10-27 21:45:00',6,1,1,4,0),(501,37,2,137,'2022-10-28 09:50:00','2022-10-28 12:00:00',8,1,3,4,0),(502,102,7,520,'2022-10-28 13:37:00','2022-10-28 14:00:00',6,1,14,4,0),(503,81,7,154,'2022-10-28 17:44:00','2022-10-28 18:00:00',1,1,4,4,0),(504,22,1,27,'2022-10-28 18:15:00','2022-10-28 19:45:00',2,1,1,4,0),(505,23,6,32,'2022-10-28 18:15:00','2022-10-28 19:45:00',3,1,1,4,0),(506,8,6,204,'2022-10-28 18:15:00','2022-10-28 19:45:00',3,1,4,4,0),(507,108,7,33,'2022-10-28 18:15:00','2022-10-28 19:45:00',2,1,1,4,0),(508,87,4,555,'2022-10-28 18:15:00','2022-10-28 19:45:00',2,1,8,4,0),(509,78,2,120,'2022-10-28 18:15:00','2022-10-28 19:45:00',25,1,2,4,0),(510,37,5,130,'2022-10-28 18:15:00','2022-10-28 20:00:00',6,1,3,4,0),(511,86,7,555,'2022-10-28 18:15:00','2022-10-28 19:45:00',2,1,8,4,0),(512,22,7,35,'2022-10-28 19:45:00','2022-10-28 21:15:00',5,1,1,4,0),(513,23,6,13,'2022-10-28 19:45:00','2022-10-28 21:45:00',3,1,1,4,0),(514,8,1,186,'2022-10-28 20:00:00','2022-10-28 21:15:00',3,1,4,4,0),(515,37,5,130,'2022-10-28 20:00:00','2022-10-28 21:40:00',3,1,3,4,0),(516,69,7,128,'2022-10-29 02:20:00','2022-10-29 06:30:00',10,1,3,4,0),(517,88,5,552,'2022-10-29 07:00:00','2022-10-29 10:00:00',10,1,14,4,0),(518,80,7,84,'2022-10-29 07:15:00','2022-10-29 13:15:00',23,1,2,4,0),(519,83,2,471,'2022-10-29 07:41:00','2022-10-29 13:00:00',12,1,11,4,0),(520,90,1,416,'2022-10-29 08:00:00','2022-10-29 00:00:00',12,1,12,4,0),(521,74,1,395,'2022-10-29 08:07:00','2022-10-29 11:30:00',4,1,12,4,0),(522,65,3,186,'2022-10-29 08:45:00','2022-10-29 00:00:00',25,1,4,4,0),(523,8,6,185,'2022-10-29 08:45:00','2022-10-29 00:00:00',15,1,4,4,0),(524,65,5,254,'2022-10-29 13:15:00','2022-10-29 18:00:00',8,1,4,4,0),(525,81,2,154,'2022-10-29 14:00:00','2022-10-29 18:00:00',14,1,4,4,0),(526,97,1,496,'2022-10-29 14:00:00','2022-10-29 19:00:00',23,1,11,4,0),(527,75,6,39,'2022-10-29 14:17:00','2022-10-29 19:00:00',1,1,1,4,0),(528,8,3,204,'2022-10-29 14:20:00','2022-10-29 18:00:00',2,1,4,4,0),(529,78,3,66,'2022-10-29 15:45:00','2022-10-29 17:15:00',6,1,2,4,0),(530,37,3,130,'2022-10-29 17:15:00','2022-10-29 18:45:00',10,1,3,4,0),(531,108,7,57,'2022-10-31 07:45:00','2022-10-31 08:30:00',5,1,1,4,0),(532,6,7,124,'2022-10-31 08:15:00','2022-10-31 13:00:00',8,1,2,4,0),(533,108,7,55,'2022-10-31 08:30:00','2022-10-31 09:30:00',2,1,1,4,0),(534,80,1,87,'2022-10-31 18:15:00','2022-10-31 19:45:00',20,1,2,4,0),(535,108,7,29,'2022-10-31 18:15:00','2022-10-31 19:45:00',5,1,1,4,0),(536,23,6,43,'2022-10-31 18:15:00','2022-10-31 19:45:00',3,1,1,4,0),(537,22,2,44,'2022-10-31 18:15:00','2022-10-31 19:45:00',6,1,1,4,0),(538,22,2,45,'2022-10-31 19:45:00','2022-10-31 21:15:00',3,1,1,4,0),(539,23,6,16,'2022-10-31 20:30:00','2022-10-31 21:45:00',3,1,1,4,0),(540,88,7,551,'2022-11-01 07:23:00','2022-11-01 08:30:00',1,1,14,4,0),(541,37,6,130,'2022-11-01 08:00:00','2022-11-01 10:50:00',8,1,3,4,0),(542,90,1,420,'2022-11-01 09:00:00','2022-11-01 11:00:00',6,1,12,4,0),(543,71,1,556,'2022-11-01 17:00:00','2022-11-01 18:00:00',1,1,15,4,0),(544,23,3,17,'2022-11-01 18:15:00','2022-11-01 19:45:00',4,1,1,4,0),(545,86,5,52,'2022-11-01 18:15:00','2022-11-01 19:45:00',7,1,1,4,0),(546,87,6,59,'2022-11-01 18:15:00','2022-11-01 19:45:00',2,1,1,4,0),(547,26,7,14,'2022-11-01 18:15:00','2022-11-01 21:14:00',6,1,1,4,0),(548,22,6,27,'2022-11-01 18:15:00','2022-11-01 19:45:00',7,1,1,4,0),(549,69,6,130,'2022-11-01 18:15:00','2022-11-01 21:30:00',5,1,3,4,0),(550,101,6,32,'2022-11-01 20:00:00','2022-11-01 21:30:00',2,1,1,4,0),(551,101,3,154,'2022-11-01 20:00:00','2022-11-01 21:30:00',18,1,4,4,0),(552,86,5,33,'2022-11-01 20:30:00','2022-11-01 22:00:00',12,1,1,4,0),(553,88,2,520,'2022-11-02 07:00:00','2022-11-02 09:00:00',10,1,14,4,0),(554,9,1,409,'2022-11-02 10:00:00','2022-11-02 11:45:00',6,1,12,4,0),(555,9,1,395,'2022-11-02 18:15:00','2022-11-02 21:30:00',9,1,12,4,0),(556,2,2,84,'2022-11-02 18:15:00','2022-11-02 19:45:00',15,1,2,4,0),(557,8,6,186,'2022-11-02 18:15:00','2022-11-02 19:45:00',8,1,4,4,0),(558,26,7,35,'2022-11-02 18:15:00','2022-11-02 19:45:00',5,1,1,4,0),(559,108,6,13,'2022-11-02 18:15:00','2022-11-02 19:45:00',4,1,1,4,0),(560,22,7,39,'2022-11-02 19:45:00','2022-11-02 21:15:00',4,1,1,4,0),(561,23,6,57,'2022-11-02 20:30:00','2022-11-02 21:30:00',1,1,1,4,0),(562,108,7,437,'2022-11-03 07:15:00','2022-11-03 09:30:00',4,1,12,4,0),(563,64,5,142,'2022-11-03 08:00:00','2022-11-03 10:30:00',7,1,3,4,0),(564,8,7,426,'2022-11-03 09:00:00','2022-11-03 11:00:00',2,1,12,4,0),(565,74,1,393,'2022-11-03 09:15:00','2022-11-03 11:30:00',6,1,12,4,0),(566,64,5,142,'2022-11-03 10:30:00','2022-11-03 12:00:00',7,1,3,4,0),(567,65,7,542,'2022-11-03 11:00:00','2022-11-03 12:30:00',4,1,14,4,0),(568,8,1,428,'2022-11-04 08:40:00','2022-11-04 11:40:00',7,1,12,4,0),(569,37,7,130,'2022-11-04 10:00:00','2022-11-04 12:00:00',4,1,3,4,0),(570,102,2,514,'2022-11-04 10:15:00','2022-11-04 11:15:00',15,1,14,4,0),(571,22,7,55,'2022-11-04 18:15:00','2022-11-04 19:45:00',2,1,1,4,0),(572,23,4,29,'2022-11-04 18:15:00','2022-11-04 19:15:00',1,1,1,4,0),(573,108,6,43,'2022-11-04 18:15:00','2022-11-04 19:45:00',3,1,1,4,0),(574,8,2,254,'2022-11-04 18:15:00','2022-11-04 21:30:00',10,1,4,4,0),(575,86,5,44,'2022-11-04 18:15:00','2022-11-04 19:45:00',12,1,1,4,0),(576,9,1,437,'2022-11-04 18:15:00','2022-11-04 19:45:00',5,1,12,4,0),(577,87,1,45,'2022-11-04 18:15:00','2022-11-04 19:45:00',2,1,1,4,0),(578,22,7,16,'2022-11-04 18:15:00','2022-11-04 19:45:00',6,1,1,4,0),(579,69,3,137,'2022-11-04 18:15:00','2022-11-04 21:30:00',5,1,3,4,0),(580,78,2,128,'2022-11-04 18:15:00','2022-11-04 19:45:00',2,1,3,4,0),(581,37,5,130,'2022-11-04 18:15:00','2022-11-04 08:00:00',5,1,3,4,0),(582,8,2,551,'2022-11-04 18:15:00','2022-11-04 19:45:00',20,1,11,4,0),(583,22,7,17,'2022-11-04 19:45:00','2022-11-04 21:15:00',4,1,1,4,0),(584,22,7,52,'2022-11-04 19:45:00','2022-11-04 21:30:00',1,1,1,4,0),(585,23,6,59,'2022-11-04 19:45:00','2022-11-04 21:30:00',2,1,1,4,0),(586,81,2,154,'2022-11-04 20:00:00','2022-11-04 21:30:00',14,1,4,4,0),(587,101,6,14,'2022-11-04 20:00:00','2022-11-04 21:30:00',3,1,1,4,0),(588,37,5,137,'2022-11-04 20:00:00','2022-11-04 21:45:00',3,1,3,4,0),(589,86,5,27,'2022-11-04 20:30:00','2022-11-04 21:30:00',11,1,1,4,0),(590,27,1,508,'2022-11-05 01:30:00','2022-11-05 17:00:00',8,1,14,4,0),(591,1,3,128,'2022-11-05 07:15:00','2022-11-05 08:45:00',10,1,3,4,0),(592,97,2,496,'2022-11-05 07:15:00','2022-11-05 12:30:00',24,1,11,4,0),(593,8,6,202,'2022-11-05 08:00:00','2022-11-05 12:00:00',3,1,4,4,0),(594,9,1,397,'2022-11-05 08:00:00','2022-11-05 10:00:00',9,1,12,4,0),(595,8,6,185,'2022-11-05 08:00:00','2022-11-05 12:00:00',15,1,4,4,0),(596,65,5,206,'2022-11-05 13:15:00','2022-11-05 17:00:00',7,1,4,4,0),(597,37,7,142,'2022-11-05 13:30:00','2022-11-05 15:30:00',12,1,3,4,0),(598,81,2,204,'2022-11-05 14:00:00','2022-11-05 18:00:00',14,1,4,4,0),(599,75,6,32,'2022-11-05 14:20:00','2022-11-05 17:30:00',1,1,1,4,0),(600,37,2,128,'2022-11-05 17:15:00','2022-11-05 18:45:00',12,1,3,4,0),(601,37,7,130,'2022-11-08 08:00:00','2022-11-08 10:20:00',8,1,3,4,0),(602,86,5,33,'2022-11-08 18:15:00','2022-11-08 19:45:00',6,1,1,4,0),(603,26,7,35,'2022-11-08 18:15:00','2022-11-08 22:00:00',8,1,1,4,0),(604,22,6,13,'2022-11-08 18:15:00','2022-11-08 19:45:00',4,1,1,4,0),(605,87,1,39,'2022-11-08 19:45:00','2022-11-08 21:15:00',4,1,1,4,0),(606,86,5,57,'2022-11-08 20:30:00','2022-11-08 22:00:00',12,1,1,4,0),(607,69,5,142,'2022-11-09 06:45:00','2022-11-09 09:30:00',4,1,3,4,0),(608,9,1,437,'2022-11-09 10:00:00','2022-11-09 11:45:00',6,1,12,4,0),(609,2,2,95,'2022-11-09 18:15:00','2022-11-09 19:45:00',15,1,2,4,0),(610,26,6,55,'2022-11-09 18:15:00','2022-11-09 19:45:00',7,1,1,4,0),(611,108,7,29,'2022-11-09 18:15:00','2022-11-09 19:45:00',4,1,1,4,0),(612,96,3,43,'2022-11-09 18:15:00','2022-11-09 19:45:00',5,1,1,4,0),(613,9,1,400,'2022-11-09 18:15:00','2022-11-09 21:15:00',9,1,12,4,0),(614,108,7,448,'2022-11-10 06:15:00','2022-11-10 09:30:00',5,1,12,4,0),(615,64,5,137,'2022-11-10 08:00:00','2022-11-10 10:30:00',7,1,3,4,0),(616,74,1,395,'2022-11-10 09:20:00','2022-11-10 11:45:00',5,1,12,4,0),(617,64,5,130,'2022-11-10 10:30:00','2022-11-10 10:00:00',7,1,3,4,0),(618,65,6,508,'2022-11-10 11:00:00','2022-11-10 12:30:00',8,1,14,4,0),(619,9,1,400,'2022-11-10 18:15:00','2022-11-10 21:15:00',9,1,12,4,0),(620,108,7,44,'2022-11-10 18:15:00','2022-11-10 19:45:00',4,1,1,4,0),(621,22,7,45,'2022-11-10 18:15:00','2022-11-10 19:45:00',2,1,1,4,0),(622,26,6,16,'2022-11-10 18:15:00','2022-11-10 20:00:00',8,1,1,4,0),(623,22,7,17,'2022-11-10 19:45:00','2022-11-10 21:15:00',4,1,1,4,0),(624,23,6,52,'2022-11-11 06:15:00','2022-11-11 19:45:00',1,1,1,4,0),(625,70,1,434,'2022-11-11 06:15:00','2022-11-11 10:00:00',10,1,12,4,0),(626,9,1,435,'2022-11-11 07:00:00','2022-11-11 09:15:00',9,1,12,4,0),(627,37,7,142,'2022-11-11 09:50:00','2022-11-11 11:45:00',8,1,3,4,0),(628,22,7,59,'2022-11-11 18:15:00','2022-11-11 19:45:00',3,1,1,4,0),(629,108,6,14,'2022-11-11 18:15:00','2022-11-11 19:45:00',3,1,1,4,0),(630,78,3,101,'2022-11-11 18:15:00','2022-11-11 19:45:00',22,1,2,4,0),(631,86,4,27,'2022-11-11 18:15:00','2022-11-11 19:45:00',2,1,1,4,0),(632,22,7,32,'2022-11-11 19:45:00','2022-11-11 21:15:00',8,1,1,4,0),(633,23,6,33,'2022-11-11 19:45:00','2022-11-11 21:15:00',1,1,1,4,0),(634,87,2,35,'2022-11-11 20:15:00','2022-11-11 21:30:00',2,1,1,4,0),(635,37,3,142,'2022-11-11 20:15:00','2022-11-11 21:30:00',3,1,3,4,0),(636,108,7,13,'2022-11-12 07:15:00','2022-11-12 13:15:00',1,1,1,4,0),(637,8,6,206,'2022-11-12 10:00:00','2022-11-12 17:00:00',10,1,4,4,0),(638,65,6,520,'2022-11-12 13:15:00','2022-11-12 18:00:00',13,1,4,4,0),(639,69,1,142,'2022-11-12 14:15:00','2022-11-12 16:00:00',7,1,3,4,0),(640,26,6,39,'2022-11-15 06:05:00','2022-11-15 22:00:00',10,1,1,4,0),(641,88,2,510,'2022-11-15 07:15:00','2022-11-15 08:45:00',16,1,14,4,0),(642,37,7,130,'2022-11-15 08:00:00','2022-11-15 10:30:00',8,1,3,4,0),(643,8,2,291,'2022-11-15 18:15:00','2022-11-15 19:45:00',10,1,6,4,0),(644,23,7,57,'2022-11-15 18:15:00','2022-11-15 19:45:00',4,1,1,4,0),(645,9,1,400,'2022-11-15 18:15:00','2022-11-15 19:45:00',7,1,12,4,0),(646,86,5,55,'2022-11-15 18:15:00','2022-11-15 19:45:00',6,1,1,4,0),(647,22,4,29,'2022-11-15 18:15:00','2022-11-15 19:45:00',5,1,1,4,0),(648,9,1,426,'2022-11-15 19:45:00','2022-11-15 21:15:00',7,1,12,4,0),(649,86,5,43,'2022-11-15 20:30:00','2022-11-15 22:00:00',12,1,1,4,0),(650,90,1,414,'2022-11-15 20:30:00','2022-11-15 13:00:00',10,1,12,4,0),(651,88,1,542,'2022-11-16 01:15:00','2022-11-16 10:00:00',16,1,14,4,0),(652,9,1,416,'2022-11-16 10:00:00','2022-11-16 11:30:00',7,1,12,4,0),(653,8,2,520,'2022-11-16 18:15:00','2022-11-16 19:45:00',8,1,4,4,0),(654,26,5,44,'2022-11-16 18:15:00','2022-11-16 19:45:00',4,1,1,4,0),(655,108,7,45,'2022-11-16 18:15:00','2022-11-16 19:45:00',4,1,1,4,0),(656,23,6,16,'2022-11-16 18:15:00','2022-11-16 19:45:00',2,1,1,4,0),(657,96,3,17,'2022-11-16 18:15:00','2022-11-16 19:45:00',4,1,1,4,0),(658,9,1,420,'2022-11-16 18:15:00','2022-11-16 21:15:00',9,1,12,4,0),(659,100,4,101,'2022-11-16 18:50:00','2022-11-16 20:00:00',3,1,2,4,0),(660,22,7,52,'2022-11-16 19:45:00','2022-11-16 21:15:00',8,1,1,4,0),(661,108,7,444,'2022-11-17 07:15:00','2022-11-17 09:30:00',5,1,12,4,0),(662,64,5,128,'2022-11-17 08:00:00','2022-11-17 10:30:00',7,1,3,4,0),(663,74,1,444,'2022-11-17 09:20:00','2022-11-17 11:30:00',5,1,12,4,0),(664,64,5,128,'2022-11-17 10:30:00','2022-11-17 12:00:00',7,1,3,4,0),(665,65,2,508,'2022-11-17 11:00:00','2022-11-17 12:30:00',9,1,14,4,0),(666,74,1,444,'2022-11-17 12:30:00','2022-11-17 14:45:00',5,1,12,4,0),(667,9,4,400,'2022-11-17 18:15:00','2022-11-17 21:15:00',9,1,12,4,0),(668,108,7,59,'2022-11-17 18:15:00','2022-11-17 19:45:00',4,1,1,4,0),(669,22,6,14,'2022-11-17 18:15:00','2022-11-17 19:45:00',2,1,1,4,0),(670,23,3,27,'2022-11-17 18:15:00','2022-11-17 19:45:00',4,1,1,4,0),(671,80,2,101,'2022-11-17 18:15:00','2022-11-17 20:30:00',18,1,2,4,0),(672,78,3,555,'2022-11-17 18:15:00','2022-11-17 19:45:00',2,1,8,4,0),(673,26,5,32,'2022-11-17 18:15:00','2022-11-17 19:45:00',8,1,1,4,0),(674,78,3,84,'2022-11-17 18:47:00','2022-11-17 20:30:00',12,1,2,4,0),(675,78,3,206,'2022-11-17 19:45:00','2022-11-17 22:00:00',8,1,4,4,0),(676,22,6,33,'2022-11-17 19:45:00','2022-11-17 21:15:00',4,1,1,4,0),(677,23,3,35,'2022-11-17 19:45:00','2022-11-17 21:30:00',5,1,1,4,0),(678,86,5,13,'2022-11-17 19:45:00','2022-11-17 22:00:00',7,1,1,4,0),(679,105,6,39,'2022-11-17 20:15:00','2022-11-17 21:30:00',1,1,1,4,0),(680,80,2,142,'2022-11-17 20:30:00','2022-11-17 22:00:00',12,1,3,4,0),(681,9,1,435,'2022-11-18 07:00:00','2022-11-18 09:15:00',9,1,12,4,0),(682,9,1,429,'2022-11-18 09:30:00','2022-11-18 12:30:00',8,1,12,4,0),(683,37,2,137,'2022-11-18 09:50:00','2022-11-18 12:00:00',8,1,3,4,0),(684,22,7,57,'2022-11-18 18:15:00','2022-11-18 19:45:00',3,1,1,4,0),(685,8,5,186,'2022-11-18 18:15:00','2022-11-18 21:30:00',10,1,4,4,0),(686,108,7,55,'2022-11-18 18:15:00','2022-11-18 19:45:00',3,1,1,4,0),(687,78,2,73,'2022-11-18 18:15:00','2022-11-18 19:45:00',25,1,2,4,0),(688,37,3,142,'2022-11-18 18:15:00','2022-11-18 20:00:00',8,1,3,4,0),(689,22,7,29,'2022-11-18 19:45:00','2022-11-18 21:15:00',8,1,1,4,0),(690,37,3,142,'2022-11-18 20:00:00','2022-11-18 21:30:00',3,1,3,4,0),(691,74,1,437,'2022-11-19 05:30:00','2022-11-19 11:30:00',3,1,12,4,0),(692,88,3,550,'2022-11-19 07:15:00','2022-11-19 11:30:00',1,1,14,4,0),(693,1,6,142,'2022-11-19 07:15:00','2022-11-19 10:30:00',5,1,3,4,0),(694,108,7,43,'2022-11-19 07:15:00','2022-11-19 13:15:00',6,1,1,4,0),(695,78,5,66,'2022-11-19 07:15:00','2022-11-19 13:15:00',12,1,2,4,0),(696,6,7,137,'2022-11-19 08:00:00','2022-11-19 00:45:00',7,1,3,4,0),(697,97,2,450,'2022-11-19 08:00:00','2022-11-19 12:30:00',22,1,11,4,0),(698,90,1,448,'2022-11-19 08:00:00','2022-11-19 10:00:00',9,1,12,4,0),(699,4,4,128,'2022-11-19 08:15:00','2022-11-19 09:00:00',6,1,3,4,0),(700,18,6,550,'2022-11-19 08:30:00','2022-11-19 09:45:00',7,1,14,4,0),(701,19,6,87,'2022-11-19 10:45:00','2022-11-19 13:00:00',21,1,2,4,0),(702,80,6,95,'2022-11-19 11:00:00','2022-11-19 13:15:00',16,1,2,4,0),(703,65,6,185,'2022-11-19 13:15:00','2022-11-19 18:00:00',15,1,4,4,0),(704,69,2,137,'2022-11-19 14:30:00','2022-11-19 18:45:00',10,1,3,4,0),(705,83,2,551,'2022-11-19 16:00:00','2022-11-19 17:30:00',12,1,11,4,0),(706,96,3,44,'2022-11-21 18:00:00','2022-11-21 19:45:00',7,1,1,4,0),(707,105,6,45,'2022-11-21 18:00:00','2022-11-21 19:45:00',1,1,1,4,0),(708,26,6,16,'2022-11-21 18:14:00','2022-11-21 19:45:00',7,1,1,4,0),(709,80,2,101,'2022-11-21 18:15:00','2022-11-21 20:30:00',22,1,2,4,0),(710,108,7,17,'2022-11-21 18:15:00','2022-11-21 19:45:00',4,1,1,4,0),(711,22,1,52,'2022-11-21 18:15:00','2022-11-21 19:45:00',7,1,1,4,0),(712,106,5,470,'2022-11-21 18:15:00','2022-11-21 22:00:00',8,1,11,4,0),(713,108,7,59,'2022-11-21 19:45:00','2022-11-21 20:30:00',5,1,1,4,0),(714,22,1,14,'2022-11-21 19:45:00','2022-11-21 21:15:00',4,1,1,4,0),(715,99,3,551,'2022-11-21 19:45:00','2022-11-21 21:00:00',8,1,11,4,0),(716,108,7,27,'2022-11-21 20:30:00','2022-11-21 21:45:00',1,1,1,4,0),(717,105,5,32,'2022-11-21 20:30:00','2022-11-21 21:45:00',2,1,1,4,0),(718,88,2,552,'2022-11-22 07:15:00','2022-11-22 08:45:00',12,1,14,4,0),(719,27,7,542,'2022-11-22 07:44:00','2022-11-22 08:30:00',12,1,14,4,0),(720,26,6,33,'2022-11-22 18:14:00','2022-11-22 21:00:00',10,1,1,4,0),(721,22,7,35,'2022-11-22 18:15:00','2022-11-22 19:45:00',6,1,1,4,0),(722,90,1,420,'2022-11-22 20:30:00','2022-11-22 13:00:00',10,1,12,4,0),(723,88,1,514,'2022-11-23 07:15:00','2022-11-23 09:30:00',16,1,14,4,0),(724,88,2,508,'2022-11-23 08:30:00','2022-11-23 10:00:00',4,1,14,4,0),(725,9,1,393,'2022-11-23 10:00:00','2022-11-23 11:30:00',6,1,12,4,0),(726,8,6,202,'2022-11-23 18:15:00','2022-11-23 19:45:00',8,1,4,4,0),(727,108,7,13,'2022-11-23 18:15:00','2022-11-23 19:45:00',4,1,1,4,0),(728,9,1,435,'2022-11-23 18:15:00','2022-11-23 21:15:00',8,1,12,4,0),(729,22,7,39,'2022-11-23 19:45:00','2022-11-23 21:15:00',8,1,1,4,0),(730,108,7,414,'2022-11-24 07:15:00','2022-11-24 09:30:00',5,1,12,4,0),(731,25,6,520,'2022-11-24 07:15:00','2022-11-24 08:45:00',3,1,14,4,0),(732,74,1,444,'2022-11-24 09:20:00','2022-11-24 11:30:00',6,1,12,4,0),(733,65,2,508,'2022-11-24 11:00:00','2022-11-24 12:30:00',9,1,14,4,0),(734,74,1,444,'2022-11-24 13:00:00','2022-11-24 15:00:00',6,1,12,4,0),(735,108,7,57,'2022-11-24 18:15:00','2022-11-24 19:45:00',5,1,1,4,0),(736,22,6,55,'2022-11-24 18:15:00','2022-11-24 19:45:00',2,1,1,4,0),(737,105,7,29,'2022-11-24 18:15:00','2022-11-24 19:45:00',3,1,1,4,0),(738,26,6,43,'2022-11-24 18:15:00','2022-11-24 19:45:00',8,1,1,4,0),(739,22,6,44,'2022-11-24 19:45:00','2022-11-24 21:15:00',3,1,1,4,0),(740,105,7,45,'2022-11-24 19:45:00','2022-11-24 21:15:00',1,1,1,4,0),(741,9,1,434,'2022-11-25 07:00:00','2022-11-25 09:15:00',9,1,12,4,0),(742,88,2,542,'2022-11-25 08:00:00','2022-11-25 09:30:00',24,1,14,4,0),(743,37,7,142,'2022-11-25 10:00:00','2022-11-25 12:30:00',8,1,3,4,0),(744,22,6,16,'2022-11-25 18:15:00','2022-11-25 07:45:00',3,1,1,4,0),(745,8,5,204,'2022-11-25 18:15:00','2022-11-25 21:00:00',8,1,4,4,0),(746,108,7,17,'2022-11-25 18:15:00','2022-11-25 19:45:00',3,1,1,4,0),(747,37,3,142,'2022-11-25 18:30:00','2022-11-25 20:00:00',8,1,3,4,0),(748,22,6,52,'2022-11-25 19:45:00','2022-11-25 21:15:00',8,1,1,4,0),(749,37,3,130,'2022-11-25 20:00:00','2022-11-25 21:40:00',3,1,3,4,0),(750,78,2,95,'2022-11-26 07:15:00','2022-11-26 13:15:00',16,1,2,4,0),(751,80,6,66,'2022-11-26 11:00:00','2022-11-26 13:15:00',16,1,2,4,0),(752,86,2,35,'2022-11-26 14:00:00','2022-11-26 19:00:00',14,1,1,4,0),(753,6,7,128,'2022-11-26 17:20:00','2022-11-26 18:45:00',8,1,3,4,0),(754,6,7,142,'2022-11-28 08:00:00','2022-11-28 13:45:00',8,1,3,4,0),(755,18,6,550,'2022-11-28 08:45:00','2022-11-28 10:00:00',8,1,14,4,0),(756,96,3,13,'2022-11-28 18:15:00','2022-11-28 19:45:00',7,1,1,4,0),(757,105,7,39,'2022-11-28 18:15:00','2022-11-28 19:45:00',1,1,1,4,0),(758,108,6,57,'2022-11-28 18:15:00','2022-11-28 19:45:00',4,1,1,4,0),(759,101,1,202,'2022-11-28 18:15:00','2022-11-28 22:00:00',18,1,4,4,0),(760,22,4,55,'2022-11-28 18:15:00','2022-11-28 19:45:00',6,1,1,4,0),(761,106,5,471,'2022-11-28 18:15:00','2022-11-28 22:00:00',8,1,11,4,0),(762,108,6,29,'2022-11-28 19:30:00','2022-11-28 20:30:00',5,1,1,4,0),(763,22,4,43,'2022-11-28 19:45:00','2022-11-28 21:15:00',3,1,1,4,0),(764,105,7,44,'2022-11-28 19:45:00','2022-11-28 21:15:00',2,1,1,4,0),(765,99,3,487,'2022-11-28 19:45:00','2022-11-28 21:00:00',8,1,11,4,0),(766,108,6,45,'2022-11-28 20:30:00','2022-11-28 21:45:00',1,1,1,4,0),(767,88,2,542,'2022-11-29 07:15:00','2022-11-29 08:45:00',14,1,14,4,0),(768,105,7,16,'2022-11-29 18:15:00','2022-11-29 19:45:00',2,1,1,4,0),(769,86,5,17,'2022-11-29 18:15:00','2022-11-29 20:15:00',6,1,1,4,0),(770,26,6,52,'2022-11-29 18:15:00','2022-11-29 19:45:00',10,1,1,4,0),(771,22,7,59,'2022-11-29 18:15:00','2022-11-29 19:45:00',6,1,1,4,0),(772,69,3,128,'2022-11-29 18:55:00','2022-11-29 21:45:00',5,1,3,4,0),(773,23,7,14,'2022-11-29 19:15:00','2022-11-29 20:45:00',5,1,1,4,0),(774,86,5,27,'2022-11-29 20:30:00','2022-11-29 22:00:00',11,1,1,4,0),(775,88,2,551,'2022-11-30 07:15:00','2022-11-30 10:00:00',18,1,14,4,0),(776,9,1,434,'2022-11-30 18:15:00','2022-11-30 21:15:00',9,1,12,4,0),(777,8,5,300,'2022-11-30 18:15:00','2022-11-30 19:45:00',7,1,4,4,0),(778,26,7,32,'2022-11-30 18:15:00','2022-11-30 19:45:00',5,1,1,4,0),(779,108,6,33,'2022-11-30 18:15:00','2022-11-30 19:45:00',4,1,1,4,0),(780,22,7,35,'2022-11-30 19:45:00','2022-11-30 21:15:00',8,1,1,4,0),(781,108,7,426,'2022-12-01 07:15:00','2022-12-01 09:30:00',5,1,12,4,0),(782,94,1,444,'2022-12-01 09:15:00','2022-12-01 11:15:00',6,1,12,4,0),(783,65,2,508,'2022-12-01 11:15:00','2022-12-01 12:30:00',9,1,14,4,0),(784,108,7,13,'2022-12-01 18:15:00','2022-12-01 19:45:00',5,1,1,4,0),(785,22,7,39,'2022-12-01 18:15:00','2022-12-01 19:45:00',5,1,1,4,0),(786,26,6,57,'2022-12-01 18:15:00','2022-12-01 19:45:00',8,1,1,4,0),(787,22,7,55,'2022-12-01 19:45:00','2022-12-01 21:15:00',6,1,1,4,0),(788,70,1,416,'2022-12-02 06:15:00','2022-12-02 10:00:00',10,1,12,4,0),(789,8,5,204,'2022-12-02 18:15:00','2022-12-02 21:15:00',8,1,4,4,0),(790,108,7,29,'2022-12-02 18:15:00','2022-12-02 19:45:00',3,1,1,4,0),(791,22,7,43,'2022-12-02 18:15:00','2022-12-02 19:45:00',3,1,1,4,0),(792,107,6,27,'2022-12-02 18:15:00','2022-12-02 19:45:00',2,1,1,4,0),(793,78,2,78,'2022-12-02 18:15:00','2022-12-02 19:45:00',25,1,2,4,0),(794,37,4,142,'2022-12-02 18:15:00','2022-12-02 20:00:00',7,1,3,4,0),(795,24,3,555,'2022-12-02 18:15:00','2022-12-02 20:00:00',2,1,8,4,0),(796,22,7,44,'2022-12-02 19:45:00','2022-12-02 21:15:00',7,1,1,4,0),(797,23,7,45,'2022-12-02 19:45:00','2022-12-02 21:15:00',2,1,1,4,0),(798,2,7,95,'2022-12-03 08:00:00','2022-12-03 12:45:00',15,1,2,4,0),(799,8,6,254,'2022-12-03 08:00:00','2022-12-03 12:45:00',3,1,4,4,0),(800,83,2,486,'2022-12-03 09:15:00','2022-12-03 12:45:00',12,1,11,4,0),(801,86,2,120,'2022-12-03 14:15:00','2022-12-03 19:30:00',1,1,2,4,0),(802,37,7,137,'2022-12-03 16:00:00','2022-12-03 18:40:00',8,1,3,4,0),(803,6,5,128,'2022-12-03 17:15:00','2022-12-03 19:00:00',10,1,3,4,0),(804,99,3,486,'2022-12-05 06:15:00','2022-12-05 09:15:00',8,1,11,4,0),(805,99,4,470,'2022-12-05 06:15:00','2022-12-05 09:15:00',8,1,11,4,0),(806,74,1,429,'2022-12-05 08:00:00','2022-12-05 11:30:00',3,1,12,4,0),(807,6,7,142,'2022-12-05 08:15:00','2022-12-05 10:30:00',6,1,3,4,0),(808,108,7,16,'2022-12-05 18:15:00','2022-12-05 19:45:00',4,1,1,4,0),(809,22,7,17,'2022-12-05 18:15:00','2022-12-05 19:45:00',7,1,1,4,0),(810,23,4,52,'2022-12-05 18:30:00','2022-12-05 19:45:00',2,1,1,4,0),(811,108,7,59,'2022-12-05 19:45:00','2022-12-05 20:30:00',5,1,1,4,0),(812,22,7,14,'2022-12-05 19:45:00','2022-12-05 21:15:00',3,1,1,4,0),(813,108,7,27,'2022-12-05 20:30:00','2022-12-05 21:45:00',1,1,1,4,0),(814,37,7,130,'2022-12-06 10:30:00','2022-12-06 11:30:00',8,1,3,4,0),(815,86,5,32,'2022-12-06 18:15:00','2022-12-06 19:45:00',6,1,1,4,0),(816,26,6,33,'2022-12-06 18:15:00','2022-12-06 22:00:00',10,1,1,4,0),(817,22,7,35,'2022-12-06 18:15:00','2022-12-06 19:45:00',7,1,1,4,0),(818,23,2,13,'2022-12-06 18:15:00','2022-12-06 19:45:00',2,1,1,4,0),(819,86,5,39,'2022-12-06 20:30:00','2022-12-06 22:00:00',11,1,1,4,0),(820,70,1,395,'2022-12-07 06:15:00','2022-12-07 10:00:00',10,1,12,4,0),(821,22,7,57,'2022-12-09 18:15:00','2022-12-09 19:45:00',3,1,1,4,0),(822,22,7,55,'2022-12-09 19:45:00','2022-12-09 21:15:00',7,1,1,4,0),(823,22,7,29,'2022-12-09 19:45:00','2022-12-09 21:15:00',7,1,1,4,0),(824,83,2,486,'2022-12-10 14:00:00','2022-12-10 16:00:00',15,1,11,4,0),(825,80,1,124,'2022-12-10 19:45:00','2022-12-10 23:30:00',22,1,2,4,0),(826,29,1,448,'2023-01-20 07:00:00','2022-01-20 14:15:00',1,1,12,5,0),(827,32,3,432,'2023-01-20 07:00:00','2023-01-20 12:00:00',5,1,12,5,0),(828,30,7,185,'2023-01-26 07:30:00','2023-01-26 13:00:00',2,1,4,5,0),(829,92,7,400,'2023-02-06 00:00:00','2023-02-06 00:00:00',5,1,12,5,0),(830,90,1,435,'2023-02-06 00:00:00','2023-02-06 00:00:00',2,1,12,5,0),(831,90,1,429,'2023-02-06 00:00:00','2023-02-06 00:00:00',9,1,12,5,0),(832,16,2,437,'2023-02-06 12:15:00','2023-02-06 01:45:00',3,1,12,5,0),(833,29,1,429,'2023-02-07 08:30:00','2023-02-07 11:00:00',3,1,12,5,0),(834,29,1,434,'2023-02-07 11:00:00','2023-02-07 01:45:00',3,1,12,5,0),(835,26,6,43,'2023-02-07 18:14:00','2023-02-07 20:30:00',3,1,1,5,0),(836,28,2,44,'2023-02-07 18:15:00','2023-02-07 21:45:00',9,1,1,5,0),(837,78,3,202,'2023-02-07 19:45:00','2023-02-07 22:00:00',3,1,4,5,0),(838,16,1,429,'2023-02-07 19:45:00','2023-02-07 22:00:00',8,1,12,5,0),(839,5,5,520,'2023-02-07 20:00:00','2023-02-07 21:30:00',2,1,4,5,0),(840,26,6,45,'2023-02-08 06:15:00','2023-02-08 08:30:00',5,1,1,5,0),(841,88,2,550,'2023-02-08 09:30:00','2023-02-08 11:00:00',10,1,14,5,0),(842,25,2,508,'2023-02-08 10:12:00','2023-02-08 11:45:00',1,1,14,5,0),(843,9,1,416,'2023-02-08 18:15:00','2023-02-08 21:00:00',1,1,12,5,0),(844,22,7,16,'2023-02-08 18:15:00','2023-02-08 19:45:00',4,1,1,5,0),(845,22,7,17,'2023-02-08 19:45:00','2023-02-08 21:15:00',4,1,1,5,0),(846,108,6,52,'2023-02-08 20:30:00','2023-02-08 22:00:00',2,1,1,5,0),(847,28,4,59,'2023-02-09 06:15:00','2023-02-09 09:15:00',2,1,1,5,0),(848,96,3,73,'2023-02-09 06:15:00','2023-02-09 07:45:00',1,1,2,5,0),(849,9,1,395,'2023-02-09 06:15:00','2023-02-09 07:45:00',5,1,12,5,0),(850,29,1,429,'2023-02-09 07:00:00','2023-02-09 10:00:00',1,1,12,5,0),(851,102,2,552,'2023-02-09 07:50:00','2023-02-09 10:15:00',6,1,14,5,0),(852,29,1,416,'2023-02-09 10:00:00','2023-02-09 13:00:00',2,1,12,5,0),(853,25,2,520,'2023-02-09 10:15:00','2023-02-09 11:45:00',8,1,14,5,0),(854,67,5,14,'2023-02-09 18:15:00','2023-02-09 19:45:00',6,1,1,5,0),(855,22,7,27,'2023-02-09 19:45:00','2023-02-09 21:15:00',1,1,1,5,0),(856,23,7,32,'2023-02-09 19:45:00','2023-02-09 21:15:00',2,1,1,5,0),(857,26,6,33,'2023-02-09 19:45:00','2023-02-09 21:15:00',5,1,1,5,0),(858,70,7,409,'2023-02-10 05:39:00','2023-02-10 06:00:00',1,1,12,5,0),(859,23,6,35,'2023-02-10 06:15:00','2023-02-10 19:45:00',3,1,1,5,0),(860,26,6,13,'2023-02-10 06:15:00','2023-02-10 08:30:00',10,1,1,5,0),(861,22,1,39,'2023-02-10 19:45:00','2023-02-10 21:15:00',2,1,1,5,0),(862,23,6,57,'2023-02-10 19:45:00','2023-02-10 09:30:00',2,1,1,5,0),(863,108,7,55,'2023-02-10 20:30:00','2023-02-10 22:00:00',2,1,1,5,0),(864,29,1,470,'2023-02-11 07:00:00','2023-02-11 01:00:00',16,1,11,5,0),(865,23,2,29,'2023-02-11 07:00:00','2023-02-11 01:00:00',4,1,1,5,0),(866,108,7,43,'2023-02-11 07:15:00','2023-02-11 01:00:00',1,1,1,5,0),(867,82,3,91,'2023-02-11 07:30:00','2023-02-11 13:00:00',10,1,2,5,0),(868,1,5,124,'2023-02-11 09:00:00','2023-02-11 01:00:00',15,1,2,5,0),(869,8,4,206,'2023-02-11 09:00:00','2023-02-11 12:00:00',14,1,4,5,0),(870,80,7,66,'2023-02-11 14:15:00','2023-02-11 06:30:00',15,1,2,5,0),(871,95,2,542,'2023-02-11 14:30:00','2023-02-11 18:00:00',15,1,14,5,0),(872,26,6,44,'2023-02-13 06:15:00','2023-02-13 08:30:00',10,1,1,5,0),(873,98,3,204,'2023-02-13 07:15:00','2023-02-13 09:00:00',8,1,4,5,0),(874,90,1,437,'2023-02-13 08:30:00','2023-02-13 10:00:00',9,1,12,5,0),(875,16,1,437,'2023-02-13 12:15:00','2023-02-13 01:45:00',4,1,12,5,0),(876,23,7,45,'2023-02-13 18:15:00','2023-02-13 20:30:00',2,1,1,5,0),(877,22,7,16,'2023-02-13 18:15:00','2023-02-13 19:45:00',1,1,1,5,0),(878,108,2,414,'2023-02-13 18:15:00','2023-02-13 20:30:00',2,1,12,5,0),(879,22,7,17,'2023-02-13 19:45:00','2023-02-13 21:15:00',2,1,1,5,0),(880,78,6,204,'2023-02-13 20:55:00','2023-02-13 21:30:00',2,1,4,5,0),(881,9,1,428,'2023-02-14 06:15:00','2023-02-14 22:00:00',6,1,12,5,0),(882,26,6,52,'2023-02-14 06:15:00','2023-02-14 08:30:00',5,1,1,5,0),(883,29,1,448,'2023-02-14 08:30:00','2023-02-14 11:30:00',2,1,12,5,0),(884,94,1,397,'2023-02-14 11:30:00','2023-02-14 13:00:00',1,1,12,5,0),(885,29,1,448,'2023-02-14 11:30:00','2023-02-14 01:00:00',2,1,12,5,0),(886,22,6,59,'2023-02-14 18:15:00','2023-02-14 19:45:00',3,1,1,5,0),(887,29,1,448,'2023-02-14 18:15:00','2023-02-14 20:30:00',2,1,12,5,0),(888,22,6,14,'2023-02-14 19:45:00','2023-02-14 21:15:00',3,1,1,5,0),(889,29,1,448,'2023-02-15 07:00:00','2023-02-15 10:00:00',2,1,12,5,0),(890,9,7,426,'2023-02-15 18:15:00','2023-02-15 21:30:00',9,1,12,5,0),(891,22,7,27,'2023-02-15 18:15:00','2023-02-15 19:45:00',1,1,1,5,0),(892,22,6,32,'2023-02-15 19:45:00','2023-02-15 21:15:00',4,1,1,5,0),(893,78,3,154,'2023-02-15 20:30:00','2023-02-15 21:30:00',7,1,4,5,0),(894,108,2,33,'2023-02-15 20:30:00','2023-02-15 21:45:00',2,1,1,5,0),(895,102,6,542,'2023-02-16 08:22:00','2023-02-16 10:15:00',6,1,14,5,0),(896,29,1,448,'2023-02-16 09:15:00','2023-02-16 12:15:00',4,1,12,5,0),(897,81,2,508,'2023-02-16 11:00:00','2023-02-16 12:30:00',1,1,14,5,0),(898,29,1,426,'2023-02-16 11:00:00','2023-02-16 02:00:00',4,1,12,5,0),(899,108,6,35,'2023-02-16 18:15:00','2023-02-16 21:00:00',2,1,1,5,0),(900,108,1,416,'2023-02-16 18:15:00','2023-02-16 19:45:00',1,1,12,5,0),(901,23,7,13,'2023-02-16 18:15:00','2023-02-16 19:45:00',3,1,1,5,0),(902,67,2,39,'2023-02-16 18:15:00','2023-02-16 19:45:00',6,1,1,5,0),(903,9,7,395,'2023-02-16 18:15:00','2023-02-16 09:15:00',8,1,12,5,0),(904,28,3,57,'2023-02-16 18:30:00','2023-02-16 21:35:00',2,1,1,5,0),(905,22,7,55,'2023-02-16 19:45:00','2023-02-16 21:15:00',3,1,1,5,0),(906,108,7,29,'2023-02-16 19:45:00','2023-02-16 21:45:00',1,1,1,5,0),(907,23,6,43,'2023-02-17 06:15:00','2023-02-17 19:45:00',2,1,1,5,0),(908,26,7,44,'2023-02-17 06:15:00','2023-02-17 08:30:00',12,1,1,5,0),(909,88,2,520,'2023-02-17 07:00:00','2023-02-17 10:00:00',14,1,14,5,0),(910,22,1,45,'2023-02-17 07:45:00','2023-02-17 21:15:00',2,1,1,5,0),(911,108,6,16,'2023-02-17 19:45:00','2023-02-17 21:45:00',3,1,1,5,0),(912,23,6,17,'2023-02-17 19:45:00','2023-02-17 09:30:00',2,1,1,5,0),(913,80,5,95,'2023-02-18 02:00:00','2023-02-18 06:30:00',16,1,2,5,0),(914,95,2,520,'2023-02-18 02:00:00','2023-02-18 04:40:00',7,1,14,5,0),(915,81,2,508,'2023-02-18 05:00:00','2023-02-18 06:45:00',12,1,14,5,0),(916,37,7,87,'2023-02-18 05:15:00','2023-02-18 06:45:00',12,1,2,5,0),(917,93,2,450,'2023-02-18 07:00:00','2023-02-18 01:00:00',7,1,11,5,0),(918,29,1,435,'2023-02-18 07:00:00','2023-02-18 01:00:00',12,1,12,5,0),(919,11,5,66,'2023-02-18 07:15:00','2023-02-18 08:45:00',10,1,2,5,0),(920,27,5,510,'2023-02-18 11:00:00','2023-02-18 00:00:00',7,1,14,5,0),(921,92,7,435,'2023-02-20 00:00:00','2023-02-20 00:00:00',5,1,12,5,0),(922,90,1,444,'2023-02-20 00:00:00','2023-02-20 00:00:00',2,1,12,5,0),(923,90,1,444,'2023-02-20 00:00:00','2023-02-20 00:00:00',9,1,12,5,0),(924,90,1,434,'2023-02-20 00:00:00','2023-02-20 00:00:00',3,1,12,5,0),(925,26,7,52,'2023-02-20 06:14:00','2023-02-20 07:45:00',1,1,1,5,0),(926,16,2,437,'2023-02-20 12:15:00','2023-02-20 01:45:00',3,1,12,5,0),(927,23,6,59,'2023-02-20 18:15:00','2023-02-20 21:30:00',2,1,1,5,0),(928,28,2,14,'2023-02-20 18:15:00','2023-02-20 19:45:00',2,1,1,5,0),(929,108,5,416,'2023-02-20 18:15:00','2023-02-20 19:45:00',2,1,12,5,0),(930,22,7,27,'2023-02-20 19:45:00','2023-02-20 21:15:00',2,1,1,5,0),(931,22,7,32,'2023-02-20 19:45:00','2023-02-20 21:15:00',1,1,1,5,0),(932,88,2,514,'2023-02-21 07:15:00','2023-02-21 09:00:00',18,1,14,5,0),(933,29,1,420,'2023-02-21 08:30:00','2023-02-21 11:00:00',3,1,12,5,0),(934,29,1,416,'2023-02-21 11:00:00','2023-02-21 01:45:00',3,1,12,5,0),(935,26,6,33,'2023-02-21 18:14:00','2023-02-21 20:30:00',3,1,1,5,0),(936,28,2,35,'2023-02-21 18:15:00','2023-02-21 21:45:00',9,1,1,5,0),(937,22,4,13,'2023-02-21 18:15:00','2023-02-21 19:45:00',2,1,1,5,0),(938,9,1,435,'2023-02-21 18:15:00','2023-02-21 22:00:00',9,1,12,5,0),(939,22,4,39,'2023-02-21 18:15:00','2023-02-21 19:45:00',2,1,1,5,0),(940,22,7,57,'2023-02-21 19:45:00','2023-02-21 21:15:00',4,1,1,5,0),(941,78,3,202,'2023-02-21 19:45:00','2023-02-21 22:00:00',3,1,4,5,0),(942,16,1,420,'2023-02-21 19:45:00','2023-02-21 22:00:00',8,1,12,5,0),(943,75,5,55,'2023-02-21 19:50:00','2023-02-21 21:28:00',7,1,1,5,0),(944,30,5,204,'2023-02-21 20:00:00','2023-02-21 21:30:00',2,1,4,5,0),(945,88,2,508,'2023-02-22 09:30:00','2023-02-22 11:00:00',10,1,14,5,0),(946,94,1,397,'2023-02-22 11:30:00','2023-02-22 13:00:00',1,1,12,5,0),(947,100,5,556,'2023-02-22 18:00:00','2023-02-22 21:00:00',6,1,15,5,0),(948,26,7,29,'2023-02-22 18:14:00','2023-02-22 19:45:00',2,1,1,5,0),(949,9,7,414,'2023-02-22 18:15:00','2023-02-22 21:15:00',8,1,12,5,0),(950,22,2,43,'2023-02-22 18:15:00','2023-02-22 19:45:00',1,1,1,5,0),(951,29,1,428,'2023-02-22 18:15:00','2023-02-22 20:30:00',3,1,12,5,0),(952,22,2,44,'2023-02-22 19:45:00','2023-02-22 21:15:00',4,1,1,5,0),(953,78,5,186,'2023-02-22 20:30:00','2023-02-22 21:45:00',10,1,4,5,0),(954,108,6,45,'2023-02-22 20:30:00','2023-02-22 21:45:00',2,1,1,5,0),(955,8,3,300,'2023-02-22 20:30:00','2023-02-22 21:15:00',7,1,4,5,0),(956,98,3,186,'2023-02-23 07:00:00','2023-02-23 07:45:00',12,1,4,5,0),(957,81,2,508,'2023-02-23 11:00:00','2023-02-23 12:30:00',10,1,14,5,0),(958,29,1,437,'2023-02-23 11:00:00','2023-02-23 01:00:00',5,1,12,5,0),(959,88,2,531,'2023-02-23 13:00:00','2023-02-23 15:00:00',15,1,14,5,0),(960,8,2,300,'2023-02-23 18:15:00','2023-02-23 19:45:00',6,1,4,5,0),(961,28,4,16,'2023-02-23 18:15:00','2023-02-23 21:45:00',2,1,1,5,0),(962,9,1,395,'2023-02-23 18:15:00','2023-02-23 21:15:00',10,1,12,5,0),(963,22,7,17,'2023-02-23 19:45:00','2023-02-23 21:15:00',3,1,1,5,0),(964,108,1,52,'2023-02-24 06:15:00','2023-02-24 08:30:00',3,1,1,5,0),(965,23,6,59,'2023-02-24 07:00:00','2023-02-24 10:00:00',2,1,1,5,0),(966,88,2,551,'2023-02-24 07:00:00','2023-02-24 10:00:00',14,1,14,5,0),(967,88,2,428,'2023-02-24 07:15:00','2023-02-24 08:45:00',15,1,12,5,0),(968,22,6,14,'2023-02-24 08:30:00','2023-02-24 10:00:00',2,1,1,5,0),(969,72,1,448,'2023-02-24 09:15:00','2023-02-24 12:15:00',3,1,12,5,0),(970,94,1,444,'2023-02-24 18:15:00','2023-02-24 20:30:00',1,1,12,5,0),(971,70,1,444,'2023-02-24 18:15:00','2023-02-24 19:45:00',4,1,12,5,0),(972,26,7,27,'2023-02-24 18:15:00','2023-02-24 19:45:00',12,1,1,5,0),(973,23,6,32,'2023-02-24 19:45:00','2023-02-24 21:30:00',2,1,1,5,0),(974,78,2,84,'2023-02-24 19:45:00','2023-02-24 21:15:00',25,1,2,5,0),(975,108,3,33,'2023-02-24 20:30:00','2023-02-24 21:45:00',2,1,1,5,0),(976,6,6,87,'2023-02-25 02:00:00','2023-02-25 15:30:00',4,1,2,5,0),(977,86,5,35,'2023-02-25 02:15:00','2023-02-25 07:30:00',10,1,1,5,0),(978,81,2,508,'2023-02-25 05:00:00','2023-02-25 06:30:00',12,1,14,5,0),(979,93,7,470,'2023-02-25 07:00:00','2023-02-25 01:00:00',6,1,11,5,0),(980,23,6,13,'2023-02-25 07:00:00','2023-02-25 01:00:00',2,1,1,5,0),(981,29,1,434,'2023-02-25 07:00:00','2023-02-25 13:00:00',15,1,12,5,0),(982,80,3,70,'2023-02-25 07:00:00','2023-02-25 01:00:00',18,1,2,5,0),(983,80,7,78,'2023-02-25 14:15:00','2023-02-25 18:30:00',18,1,2,5,0),(984,98,3,254,'2023-02-25 16:00:00','2023-02-25 17:00:00',6,1,4,5,0),(985,90,1,435,'2023-02-27 06:00:00','2023-02-27 08:00:00',3,1,12,5,0),(986,26,7,39,'2023-02-27 06:15:00','2023-02-27 07:45:00',1,1,1,5,0),(987,90,1,393,'2023-02-27 08:30:00','2023-02-27 10:30:00',8,1,12,5,0),(988,90,1,397,'2023-02-27 10:30:00','2023-02-27 12:00:00',2,1,12,5,0),(989,16,2,437,'2023-02-27 12:15:00','2023-02-27 01:45:00',4,1,12,5,0),(990,28,3,57,'2023-02-27 18:15:00','2023-02-27 08:00:00',2,1,1,5,0),(991,22,1,55,'2023-02-27 18:15:00','2023-02-27 19:45:00',1,1,1,5,0),(992,108,6,400,'2023-02-27 18:15:00','2023-02-27 20:30:00',2,1,12,5,0),(993,9,2,434,'2023-02-27 18:15:00','2023-02-27 09:15:00',6,1,12,5,0),(994,29,1,428,'2023-02-28 08:30:00','2023-02-28 11:00:00',4,1,12,5,0),(995,29,1,409,'2023-02-28 11:00:00','2023-02-28 13:45:00',4,1,12,5,0),(996,28,2,29,'2023-02-28 18:15:00','2023-02-28 09:00:00',9,1,1,5,0),(997,9,1,448,'2023-02-28 18:15:00','2023-02-28 21:15:00',7,1,12,5,0),(998,86,5,43,'2023-02-28 18:15:00','2023-02-28 19:45:00',12,1,1,5,0),(999,22,7,44,'2023-02-28 18:15:00','2023-02-28 19:45:00',2,1,1,5,0),(1000,26,6,45,'2023-02-28 18:15:00','2023-02-28 09:00:00',5,1,1,5,0),(1001,98,3,206,'2023-02-28 19:00:00','2023-02-28 08:30:00',12,1,4,5,0),(1002,22,1,16,'2023-02-28 19:45:00','2023-02-28 21:15:00',2,1,1,5,0),(1003,78,2,254,'2023-02-28 19:45:00','2023-02-28 22:00:00',4,1,4,5,0),(1004,86,5,17,'2023-02-28 20:15:00','2023-02-28 22:00:00',15,1,1,5,0),(1005,88,2,508,'2023-03-01 07:15:00','2023-03-01 08:45:00',14,1,14,5,0),(1006,94,1,416,'2023-03-01 09:15:00','2023-03-01 11:30:00',10,1,12,5,0),(1007,88,2,510,'2023-03-01 09:30:00','2023-03-01 11:00:00',6,1,14,5,0),(1008,29,1,397,'2023-03-01 11:30:00','2023-03-01 13:00:00',4,1,12,5,0),(1009,18,1,531,'2023-03-01 12:45:00','2023-03-01 13:30:00',4,1,14,5,0),(1010,108,6,52,'2023-03-01 18:15:00','2023-03-01 19:45:00',2,1,1,5,0),(1011,26,6,59,'2023-03-01 18:15:00','2023-03-01 19:30:00',3,1,1,5,0),(1012,9,7,420,'2023-03-01 18:15:00','2023-03-01 21:15:00',8,1,12,5,0),(1013,22,7,14,'2023-03-01 19:45:00','2023-03-01 21:15:00',4,1,1,5,0),(1014,78,5,206,'2023-03-02 08:00:00','2023-03-02 09:30:00',10,1,4,5,0),(1015,25,2,520,'2023-03-02 09:30:00','2023-03-02 11:00:00',9,1,14,5,0),(1016,81,2,552,'2023-03-02 11:00:00','2023-03-02 13:45:00',10,1,14,5,0),(1017,25,2,508,'2023-03-02 11:00:00','2023-03-02 12:30:00',1,1,14,5,0),(1018,108,7,27,'2023-03-02 18:15:00','2023-03-02 21:15:00',2,1,1,5,0),(1019,8,2,154,'2023-03-02 18:15:00','2023-03-02 19:45:00',7,1,4,5,0),(1020,23,5,32,'2023-03-02 18:15:00','2023-03-02 19:45:00',3,1,1,5,0),(1021,29,2,426,'2023-03-02 18:15:00','2023-03-02 21:15:00',6,1,12,5,0),(1022,26,6,33,'2023-03-02 18:15:00','2023-03-02 20:30:00',5,1,1,5,0),(1023,9,1,393,'2023-03-02 18:15:00','2023-03-02 19:45:00',6,1,12,5,0),(1024,22,2,35,'2023-03-02 19:45:00','2023-03-02 21:15:00',1,1,1,5,0),(1025,22,2,13,'2023-03-02 20:30:00','2023-03-02 22:00:00',3,1,1,5,0),(1026,70,3,432,'2023-03-03 06:15:00','2023-03-03 20:30:00',5,1,12,5,0),(1027,88,2,437,'2023-03-03 07:30:00','2023-03-03 09:00:00',14,1,12,5,0),(1028,88,2,551,'2023-03-03 07:30:00','2023-03-03 09:00:00',12,1,14,5,0),(1029,23,6,39,'2023-03-03 07:45:00','2023-03-03 21:30:00',2,1,1,5,0),(1030,88,2,551,'2023-03-03 10:00:00','2023-03-03 11:30:00',3,1,14,5,0),(1031,70,1,429,'2023-03-03 10:01:00','2023-03-03 10:45:00',5,1,12,5,0),(1032,94,1,444,'2023-03-03 18:15:00','2023-03-03 20:30:00',7,1,12,5,0),(1033,23,6,57,'2023-03-03 18:15:00','2023-03-03 07:45:00',3,1,1,5,0),(1034,28,5,55,'2023-03-03 18:15:00','2023-03-03 21:30:00',2,1,1,5,0),(1035,26,7,29,'2023-03-03 18:15:00','2023-03-03 20:30:00',12,1,1,5,0),(1036,37,5,91,'2023-03-03 18:15:00','2023-03-03 20:30:00',8,1,2,5,0),(1037,22,7,43,'2023-03-03 19:45:00','2023-03-03 21:15:00',3,1,1,5,0),(1038,108,4,44,'2023-03-03 20:30:00','2023-03-03 21:45:00',3,1,1,5,0),(1039,108,4,45,'2023-03-03 20:30:00','2023-03-03 21:45:00',2,1,1,5,0),(1040,6,3,128,'2023-03-04 01:30:00','2023-03-04 15:30:00',3,1,3,5,0),(1041,23,6,16,'2023-03-04 07:00:00','2023-03-04 10:00:00',2,1,1,5,0),(1042,88,2,531,'2023-03-04 07:00:00','2023-03-04 10:00:00',12,1,14,5,0),(1043,97,1,471,'2023-03-04 07:00:00','2023-03-04 12:00:00',18,1,11,5,0),(1044,22,6,17,'2023-03-04 07:45:00','2023-03-04 21:30:00',2,1,1,5,0),(1045,80,5,101,'2023-03-04 08:00:00','2023-03-04 12:00:00',16,1,2,5,0),(1046,29,1,395,'2023-03-04 14:00:00','2023-03-04 19:00:00',5,1,12,5,0),(1047,86,5,52,'2023-03-04 14:15:00','2023-03-04 19:30:00',12,1,1,5,0),(1048,78,2,87,'2023-03-04 18:15:00','2023-03-04 19:45:00',25,1,2,5,0),(1049,31,7,557,'2023-03-04 19:00:00','2023-03-04 01:00:00',8,1,15,5,0),(1050,11,3,130,'2023-03-04 19:00:00','2023-03-04 09:00:00',10,1,3,5,0),(1051,23,2,59,'2023-03-06 06:15:00','2023-03-06 21:15:00',2,1,1,5,0),(1052,8,3,186,'2023-03-06 06:15:00','2023-03-06 21:15:00',14,1,4,5,0),(1053,28,4,14,'2023-03-06 06:15:00','2023-03-06 08:00:00',2,1,1,5,0),(1054,16,1,420,'2023-03-06 12:15:00','2023-03-06 01:45:00',4,1,12,5,0),(1055,95,1,508,'2023-03-06 14:00:00','2023-03-06 17:00:00',6,1,14,5,0),(1056,37,3,87,'2023-03-06 17:15:00','2023-03-06 18:45:00',14,1,2,5,0),(1057,90,1,435,'2023-03-06 18:11:00','2023-03-06 20:30:00',3,1,12,5,0),(1058,26,6,27,'2023-03-06 18:14:00','2023-03-06 19:30:00',1,1,1,5,0),(1059,26,7,32,'2023-03-07 06:15:00','2023-03-07 21:15:00',5,1,1,5,0),(1060,98,3,204,'2023-03-07 07:30:00','2023-03-07 09:30:00',12,1,4,5,0),(1061,29,1,397,'2023-03-07 08:30:00','2023-03-07 11:30:00',4,1,12,5,0),(1062,29,1,400,'2023-03-07 11:30:00','2023-03-07 01:00:00',4,1,12,5,0),(1063,9,1,397,'2023-03-07 18:15:00','2023-03-07 21:30:00',6,1,12,5,0),(1064,86,5,33,'2023-03-07 18:15:00','2023-03-07 19:30:00',12,1,1,5,0),(1065,22,6,35,'2023-03-07 18:15:00','2023-03-07 19:45:00',1,1,1,5,0),(1066,22,6,13,'2023-03-07 19:45:00','2023-03-07 21:15:00',2,1,1,5,0),(1067,78,2,520,'2023-03-07 19:45:00','2023-03-07 22:00:00',4,1,4,5,0),(1068,86,5,39,'2023-03-07 20:30:00','2023-03-07 21:30:00',15,1,1,5,0),(1069,88,2,400,'2023-03-08 07:15:00','2023-03-08 08:45:00',14,1,12,5,0),(1070,94,1,393,'2023-03-08 09:15:00','2023-03-08 11:30:00',10,1,12,5,0),(1071,28,2,57,'2023-03-08 18:15:00','2023-03-08 21:30:00',9,1,1,5,0),(1072,22,6,55,'2023-03-08 18:15:00','2023-03-08 19:45:00',4,1,1,5,0),(1073,22,7,29,'2023-03-08 18:15:00','2023-03-08 19:45:00',1,1,1,5,0),(1074,22,6,43,'2023-03-08 19:45:00','2023-03-08 21:15:00',3,1,1,5,0),(1075,22,7,44,'2023-03-08 19:45:00','2023-03-08 21:15:00',4,1,1,5,0),(1076,78,5,186,'2023-03-09 20:30:00','2023-03-09 22:00:00',10,1,4,5,0),(1077,80,3,95,'2023-03-09 20:30:00','2023-03-09 22:00:00',12,1,2,5,0),(1078,70,1,414,'2023-03-10 00:00:00','2023-03-10 00:00:00',5,1,12,5,0),(1079,88,2,428,'2023-03-10 07:45:00','2023-03-10 09:30:00',14,1,12,5,0),(1080,25,2,520,'2023-03-10 08:00:00','2023-03-10 09:30:00',9,1,14,5,0),(1081,72,7,448,'2023-03-10 09:15:00','2023-03-10 11:15:00',3,1,12,5,0),(1082,70,1,393,'2023-03-10 09:15:00','2023-03-10 10:45:00',6,1,12,5,0),(1083,25,2,510,'2023-03-10 09:30:00','2023-03-10 11:00:00',1,1,14,5,0),(1084,88,2,551,'2023-03-10 10:00:00','2023-03-10 11:30:00',3,1,14,5,0),(1085,29,7,432,'2023-03-10 10:00:00','2023-03-10 11:00:00',3,1,12,5,0),(1086,29,7,426,'2023-03-10 11:00:00','2023-03-10 13:45:00',6,1,12,5,0),(1087,26,7,45,'2023-03-10 18:00:00','2023-03-10 20:00:00',5,1,1,5,0),(1088,78,2,95,'2023-03-10 18:00:00','2023-03-10 19:45:00',30,1,2,5,0),(1089,26,7,16,'2023-03-10 18:14:00','2023-03-10 20:30:00',10,1,1,5,0),(1090,37,3,84,'2023-03-10 18:30:00','2023-03-10 20:30:00',8,1,2,5,0),(1091,22,6,17,'2023-03-10 19:45:00','2023-03-10 21:15:00',3,1,1,5,0),(1092,22,6,52,'2023-03-10 19:45:00','2023-03-10 21:15:00',2,1,1,5,0),(1093,78,2,555,'2023-03-10 19:45:00','2023-03-10 22:00:00',2,1,8,5,0),(1094,8,6,254,'2023-03-10 20:30:00','2023-03-10 22:00:00',4,1,4,5,0),(1095,23,6,59,'2023-03-11 07:00:00','2023-03-11 01:00:00',2,1,1,5,0),(1096,88,2,542,'2023-03-11 07:00:00','2023-03-11 10:00:00',12,1,14,5,0),(1097,32,1,471,'2023-03-11 07:00:00','2023-03-11 01:00:00',13,1,11,5,0),(1098,31,7,557,'2023-03-11 07:30:00','2023-03-11 13:00:00',7,1,15,5,0),(1099,88,2,531,'2023-03-11 10:00:00','2023-03-11 13:00:00',2,1,14,5,0),(1100,29,1,435,'2023-03-11 14:00:00','2023-03-11 19:00:00',4,1,12,5,0),(1101,86,5,120,'2023-03-11 14:00:00','2023-03-11 19:00:00',15,1,2,5,0),(1102,95,2,531,'2023-03-11 14:00:00','2023-03-11 17:00:00',4,1,14,5,0),(1103,97,6,470,'2023-03-11 14:00:00','2023-03-11 18:30:00',22,1,11,5,0),(1104,6,3,142,'2023-03-11 17:15:00','2023-03-11 18:50:00',10,1,3,5,0),(1105,88,2,551,'2023-03-13 08:30:00','2023-03-13 11:00:00',3,1,14,5,0),(1106,92,7,397,'2023-03-13 10:00:00','2023-03-13 12:45:00',7,1,12,5,0),(1107,16,1,428,'2023-03-13 12:15:00','2023-03-13 13:45:00',4,1,12,5,0),(1108,23,7,14,'2023-03-13 18:15:00','2023-03-13 19:30:00',2,1,1,5,0),(1109,22,6,35,'2023-03-13 18:15:00','2023-03-13 19:45:00',2,1,1,5,0),(1110,22,6,13,'2023-03-13 19:45:00','2023-03-13 21:15:00',2,1,1,5,0),(1111,78,5,254,'2023-03-13 19:45:00','2023-03-13 10:00:00',4,1,4,5,0),(1112,70,1,409,'2023-03-14 06:15:00','2023-03-14 10:00:00',5,1,12,5,0),(1113,29,1,429,'2023-03-14 08:30:00','2023-03-14 11:00:00',4,1,12,5,0),(1114,102,3,520,'2023-03-14 09:00:00','2023-03-14 10:15:00',4,1,14,5,0),(1115,29,1,416,'2023-03-14 09:00:00','2023-03-14 13:45:00',3,1,12,5,0),(1116,28,2,39,'2023-03-14 18:15:00','2023-03-14 21:45:00',9,1,1,5,0),(1117,9,1,400,'2023-03-14 18:15:00','2023-03-14 21:45:00',7,1,12,5,0),(1118,86,5,57,'2023-03-14 18:15:00','2023-03-14 19:45:00',12,1,1,5,0),(1119,22,7,55,'2023-03-14 18:15:00','2023-03-14 19:45:00',4,1,1,5,0),(1120,26,6,29,'2023-03-14 18:15:00','2023-03-14 19:30:00',5,1,1,5,0),(1121,26,6,43,'2023-03-14 19:30:00','2023-03-14 21:15:00',1,1,1,5,0),(1122,22,7,44,'2023-03-14 19:45:00','2023-03-14 21:15:00',3,1,1,5,0),(1123,88,2,420,'2023-03-15 07:15:00','2023-03-15 09:30:00',14,1,12,5,0),(1124,78,5,204,'2023-03-15 07:45:00','2023-03-15 22:00:00',10,1,4,5,0),(1125,9,1,426,'2023-03-15 18:15:00','2023-03-15 21:45:00',8,1,12,5,0),(1126,22,6,45,'2023-03-15 18:15:00','2023-03-15 19:45:00',2,1,1,5,0),(1127,8,3,204,'2023-03-15 19:45:00','2023-03-15 21:15:00',7,1,4,5,0),(1128,22,6,16,'2023-03-15 19:45:00','2023-03-15 21:15:00',4,1,1,5,0),(1129,25,2,520,'2023-03-16 08:00:00','2023-03-16 09:30:00',9,1,14,5,0),(1130,25,2,542,'2023-03-16 09:30:00','2023-03-16 11:00:00',1,1,14,5,0),(1131,29,1,437,'2023-03-16 10:00:00','2023-03-16 11:00:00',6,1,12,5,0),(1132,29,1,448,'2023-03-16 11:00:00','2023-03-16 01:45:00',4,1,12,5,0),(1133,108,6,17,'2023-03-16 18:15:00','2023-03-16 19:45:00',4,1,1,5,0),(1134,8,2,204,'2023-03-16 18:15:00','2023-03-16 21:45:00',14,1,4,5,0),(1135,28,1,52,'2023-03-16 18:15:00','2023-03-16 21:45:00',2,1,1,5,0),(1136,26,7,59,'2023-03-16 18:15:00','2023-03-16 20:30:00',6,1,1,5,0),(1137,9,1,434,'2023-03-16 18:15:00','2023-03-16 21:45:00',8,1,12,5,0),(1138,22,7,14,'2023-03-16 19:45:00','2023-03-16 21:15:00',3,1,1,5,0),(1139,88,5,32,'2023-03-16 19:45:00','2023-03-16 22:00:00',24,1,1,5,0),(1140,70,7,416,'2023-03-17 06:15:00','2023-03-17 10:00:00',4,1,12,5,0),(1141,26,5,27,'2023-03-17 06:15:00','2023-03-17 20:30:00',12,1,1,5,0),(1142,88,2,395,'2023-03-17 07:45:00','2023-03-17 09:15:00',12,1,12,5,0),(1143,88,2,551,'2023-03-17 09:00:00','2023-03-17 12:00:00',3,1,14,5,0),(1144,72,7,448,'2023-03-17 09:15:00','2023-03-17 11:15:00',3,1,12,5,0),(1145,94,1,444,'2023-03-17 18:15:00','2023-03-17 20:30:00',7,1,12,5,0),(1146,78,2,124,'2023-03-17 18:15:00','2023-03-17 19:45:00',25,1,2,5,0),(1147,37,3,87,'2023-03-17 18:15:00','2023-03-17 20:30:00',8,1,2,5,0),(1148,22,6,32,'2023-03-17 19:45:00','2023-03-17 21:15:00',2,1,1,5,0),(1149,22,5,33,'2023-03-18 07:15:00','2023-03-18 13:15:00',1,1,1,5,0),(1150,8,3,292,'2023-03-18 13:15:00','2023-03-18 18:00:00',5,1,6,5,0),(1151,30,6,204,'2023-03-18 13:15:00','2023-03-18 18:00:00',10,1,4,5,0),(1152,29,1,496,'2023-03-18 14:00:00','2023-03-18 19:00:00',6,1,11,5,0),(1153,97,2,486,'2023-03-18 14:00:00','2023-03-18 18:00:00',20,1,11,5,0),(1154,37,6,87,'2023-03-18 17:15:00','2023-03-18 18:45:00',14,1,2,5,0),(1155,29,1,429,'2023-03-21 08:30:00','2023-03-21 11:00:00',4,1,12,5,0),(1156,29,1,393,'2023-03-21 09:00:00','2023-03-21 13:45:00',3,1,12,5,0),(1157,98,2,254,'2023-03-21 18:00:00','2023-03-21 19:45:00',4,1,4,5,0),(1158,28,3,35,'2023-03-21 18:15:00','2023-03-21 21:15:00',9,1,1,5,0),(1159,9,1,434,'2023-03-21 18:15:00','2023-03-21 21:45:00',5,1,12,5,0),(1160,86,5,13,'2023-03-21 18:15:00','2023-03-21 19:45:00',12,1,1,5,0),(1161,22,7,39,'2023-03-21 18:15:00','2023-03-21 19:45:00',4,1,1,5,0),(1162,26,4,57,'2023-03-21 18:15:00','2023-03-21 19:45:00',6,1,1,5,0),(1163,22,7,55,'2023-03-21 19:45:00','2023-03-21 21:15:00',3,1,1,5,0),(1164,86,5,29,'2023-03-21 20:30:00','2023-03-21 22:00:00',15,1,1,5,0),(1165,70,3,448,'2023-03-22 06:15:00','2023-03-22 10:00:00',4,1,12,5,0),(1166,88,2,444,'2023-03-22 07:15:00','2023-03-22 09:30:00',14,1,12,5,0),(1167,94,1,448,'2023-03-22 09:15:00','2023-03-22 11:30:00',7,1,12,5,0),(1168,18,7,450,'2023-03-22 12:45:00','2023-03-22 00:00:00',3,1,11,5,0),(1169,108,6,43,'2023-03-22 18:15:00','2023-03-22 19:45:00',2,1,1,5,0),(1170,26,5,44,'2023-03-22 18:15:00','2023-03-22 19:45:00',2,1,1,5,0),(1171,29,1,400,'2023-03-22 18:15:00','2023-03-22 19:45:00',4,1,12,5,0),(1172,22,7,45,'2023-03-22 19:45:00','2023-03-22 21:15:00',2,1,1,5,0),(1173,78,5,520,'2023-03-22 20:30:00','2023-03-22 22:00:00',10,1,4,5,0),(1174,22,7,16,'2023-03-22 20:30:00','2023-03-22 22:00:00',4,1,1,5,0),(1175,8,7,185,'2023-03-22 20:30:00','2023-03-22 22:00:00',4,1,4,5,0),(1176,25,2,520,'2023-03-23 08:00:00','2023-03-23 09:30:00',9,1,14,5,0),(1177,25,2,520,'2023-03-23 09:30:00','2023-03-23 11:00:00',1,1,14,5,0),(1178,29,1,435,'2023-03-23 10:00:00','2023-03-23 11:00:00',3,1,12,5,0),(1179,29,1,414,'2023-03-23 11:00:00','2023-03-23 01:45:00',6,1,12,5,0),(1180,23,6,17,'2023-03-23 18:00:00','2023-03-23 19:45:00',3,1,1,5,0),(1181,28,2,52,'2023-03-23 18:15:00','2023-03-23 21:45:00',2,1,1,5,0),(1182,22,6,59,'2023-03-23 19:45:00','2023-03-23 21:15:00',3,1,1,5,0),(1183,70,1,448,'2023-03-24 06:15:00','2023-03-24 10:00:00',4,1,12,5,0),(1184,88,5,428,'2023-03-24 07:45:00','2023-03-24 09:30:00',12,1,12,5,0),(1185,70,1,448,'2023-03-24 08:30:00','2023-03-24 10:00:00',6,1,12,5,0),(1186,88,2,551,'2023-03-24 09:30:00','2023-03-24 11:30:00',4,1,14,5,0),(1187,23,4,14,'2023-03-24 18:15:00','2023-03-24 19:45:00',3,1,1,5,0),(1188,26,7,27,'2023-03-24 18:15:00','2023-03-24 20:30:00',11,1,1,5,0),(1189,37,3,70,'2023-03-24 18:15:00','2023-03-24 20:30:00',8,1,2,5,0),(1190,23,6,32,'2023-03-24 19:45:00','2023-03-24 21:30:00',2,1,1,5,0),(1191,78,2,185,'2023-05-25 08:00:00','2023-05-25 10:00:00',5,1,4,5,0),(1192,78,7,204,'2023-05-25 08:30:00','2023-05-25 09:30:00',2,1,4,5,0),(1193,29,1,416,'2023-05-25 10:00:00','2023-05-25 11:00:00',3,1,12,5,0),(1194,29,1,420,'2023-05-25 11:00:00','2023-05-25 13:00:00',6,1,12,5,0),(1195,32,5,503,'2023-06-05 06:15:00','2023-06-05 22:00:00',12,1,11,14,0),(1196,26,6,33,'2023-06-05 18:15:00','2023-06-05 19:45:00',4,1,1,14,0),(1197,26,6,35,'2023-06-05 19:45:00','2023-06-05 22:00:00',4,1,1,14,0),(1198,26,6,13,'2023-06-26 18:15:00','2023-06-26 19:45:00',4,1,1,14,0),(1199,26,6,39,'2023-06-26 19:45:00','2023-06-26 20:00:00',3,1,1,14,0),(1200,9,1,393,'2023-08-14 07:00:00','2023-08-14 09:30:00',1,1,12,14,0),(1201,25,2,550,'2023-08-14 08:00:00','2023-08-14 09:30:00',9,1,14,14,0),(1202,25,2,552,'2023-08-14 11:15:00','2023-08-14 01:15:00',7,1,14,14,0),(1203,9,1,414,'2023-08-15 06:15:00','2023-08-15 09:45:00',1,1,12,14,0),(1204,102,2,542,'2023-08-15 07:15:00','2023-08-15 10:30:00',9,1,14,14,0),(1205,25,7,520,'2023-08-15 08:45:00','2023-08-15 10:15:00',1,1,14,14,0),(1206,32,4,551,'2023-08-15 18:15:00','2023-08-15 19:45:00',9,1,11,14,0),(1207,26,3,57,'2023-08-15 18:15:00','2023-08-15 19:45:00',2,1,1,14,0),(1208,108,6,55,'2023-08-15 18:15:00','2023-08-15 20:30:00',1,1,1,14,0),(1209,26,3,29,'2023-08-15 19:45:00','2023-08-15 10:00:00',1,1,1,14,0),(1210,16,7,432,'2023-08-16 06:15:00','2023-08-16 07:45:00',2,1,12,14,0),(1211,32,5,503,'2023-08-16 06:15:00','2023-08-16 07:45:00',1,1,11,14,0),(1212,16,1,416,'2023-08-16 07:00:00','2023-08-16 08:30:00',4,1,12,14,0),(1213,29,1,429,'2023-08-16 08:30:00','2023-08-16 10:45:00',5,1,12,14,0),(1214,29,1,395,'2023-08-16 10:45:00','2023-08-16 12:15:00',4,1,12,14,0),(1215,108,7,43,'2023-08-16 20:30:00','2023-08-16 21:45:00',1,1,1,14,0),(1216,26,6,44,'2023-08-17 06:15:00','2023-08-17 08:30:00',5,1,1,14,0),(1217,9,1,409,'2023-08-17 06:15:00','2023-08-17 09:15:00',6,1,12,14,0),(1218,9,1,434,'2023-08-17 07:15:00','2023-08-17 09:15:00',10,1,12,14,0),(1219,18,5,409,'2023-08-17 10:00:00','2023-08-17 11:30:00',4,1,12,14,0),(1220,102,2,510,'2023-08-17 11:00:00','2023-08-17 01:30:00',10,1,14,14,0),(1221,22,7,45,'2023-08-17 18:15:00','2023-08-17 19:45:00',1,1,1,14,0),(1222,26,6,16,'2023-08-18 06:15:00','2023-08-18 07:45:00',5,1,1,14,0),(1223,16,1,426,'2023-08-18 07:00:00','2023-08-18 09:15:00',1,1,12,14,0),(1224,26,6,17,'2023-08-18 07:45:00','2023-08-18 10:00:00',5,1,1,14,0),(1225,22,5,52,'2023-08-18 18:15:00','2023-08-18 19:45:00',8,1,1,14,0),(1226,29,7,426,'2023-08-18 18:15:00','2023-08-18 19:45:00',5,1,12,14,0),(1227,29,6,432,'2023-08-18 19:45:00','2023-08-18 22:00:00',5,1,12,14,0),(1228,25,2,520,'2023-08-19 01:00:00','2023-08-19 05:00:00',3,1,14,14,0),(1229,22,6,59,'2023-08-19 02:00:00','2023-08-19 07:00:00',1,1,1,14,0),(1230,27,3,508,'2023-08-19 07:15:00','2023-08-19 13:15:00',3,1,14,14,0),(1231,28,1,14,'2023-08-19 07:15:00','2023-08-19 12:45:00',2,1,1,14,0),(1232,25,2,514,'2023-08-19 07:40:00','2023-08-19 12:00:00',7,1,14,14,0),(1233,32,1,450,'2023-08-19 16:00:00','2023-08-19 19:00:00',10,1,11,14,0),(1234,78,5,91,'2023-08-19 16:00:00','2023-08-19 19:00:00',17,1,2,14,0),(1235,26,6,27,'2023-08-22 06:14:00','2023-08-22 07:45:00',2,1,1,14,0),(1236,9,1,437,'2023-08-22 07:00:00','2023-08-22 09:15:00',8,1,12,14,0),(1237,102,2,510,'2023-08-22 07:15:00','2023-08-22 09:30:00',9,1,14,14,0),(1238,26,6,32,'2023-08-22 07:45:00','2023-08-22 08:30:00',3,1,1,14,0),(1239,25,7,520,'2023-08-22 08:30:00','2023-08-22 10:00:00',4,1,14,14,0),(1240,25,7,514,'2023-08-22 10:00:00','2023-08-22 01:00:00',4,1,14,14,0),(1241,34,1,416,'2023-08-22 11:30:00','2023-08-22 01:00:00',4,1,12,14,0),(1242,108,7,33,'2023-08-22 18:15:00','2023-08-22 20:30:00',10,1,1,14,0),(1243,9,1,414,'2023-08-22 18:15:00','2023-08-22 09:15:00',2,1,12,14,0),(1244,16,4,448,'2023-08-22 18:16:00','2023-08-22 20:30:00',3,1,12,14,0),(1245,30,5,185,'2023-08-23 07:00:00','2023-08-23 20:30:00',3,1,4,14,0),(1246,16,1,429,'2023-08-23 07:00:00','2023-08-23 08:30:00',6,1,12,14,0),(1247,102,2,514,'2023-08-23 08:00:00','2023-08-23 09:30:00',4,1,14,14,0),(1248,29,1,437,'2023-08-23 08:30:00','2023-08-23 10:45:00',5,1,12,14,0),(1249,29,1,434,'2023-08-23 10:45:00','2023-08-23 12:15:00',4,1,12,14,0),(1250,102,2,551,'2023-08-23 11:00:00','2023-08-23 13:00:00',8,1,14,14,0),(1251,78,3,555,'2023-08-23 18:15:00','2023-08-23 19:45:00',3,1,8,14,0),(1252,29,1,448,'2023-08-23 18:15:00','2023-08-23 20:30:00',8,1,12,14,0),(1253,22,6,35,'2023-08-23 18:15:00','2023-08-23 19:45:00',2,1,1,14,0),(1254,78,3,185,'2023-08-23 19:45:00','2023-08-23 22:00:00',3,1,4,14,0),(1255,22,6,13,'2023-08-23 20:30:00','2023-08-23 22:00:00',3,1,1,14,0),(1256,108,7,39,'2023-08-23 20:30:00','2023-08-23 22:00:00',1,1,1,14,0),(1257,23,5,57,'2023-08-24 18:15:00','2023-08-24 20:30:00',2,1,1,14,0),(1258,22,7,55,'2023-08-24 18:15:00','2023-08-24 20:30:00',2,1,1,14,0),(1259,26,6,29,'2023-08-24 18:15:00','2023-08-24 20:30:00',2,1,1,14,0),(1260,26,6,43,'2023-08-24 18:15:00','2023-08-24 20:30:00',5,1,1,14,0),(1261,22,7,44,'2023-08-24 20:30:00','2023-08-24 22:00:00',1,1,1,14,0),(1262,26,6,45,'2023-08-24 20:30:00','2023-08-24 22:00:00',4,1,1,14,0),(1263,16,1,400,'2023-08-25 06:15:00','2023-08-25 08:30:00',4,1,12,14,0),(1264,18,3,470,'2023-08-25 06:15:00','2023-08-25 08:45:00',5,1,11,14,0),(1265,22,5,16,'2023-08-25 18:15:00','2023-08-25 20:30:00',1,1,1,14,0),(1266,29,7,420,'2023-08-25 18:15:00','2023-08-25 19:45:00',5,1,12,14,0),(1267,29,6,420,'2023-08-25 19:45:00','2023-08-25 22:00:00',5,1,12,14,0),(1268,25,2,508,'2023-08-26 00:00:00','2023-08-26 00:00:00',7,1,14,14,0),(1269,32,1,551,'2023-08-26 02:00:00','2023-08-26 07:00:00',11,1,11,14,0),(1270,8,5,254,'2023-08-26 02:15:00','2023-08-26 18:45:00',4,1,4,14,0),(1271,18,1,486,'2023-08-26 07:00:00','2023-08-26 12:45:00',15,1,11,14,0),(1272,1,5,124,'2023-08-26 07:15:00','2023-08-26 01:00:00',35,1,2,14,0),(1273,25,2,520,'2023-08-26 07:15:00','2023-08-26 12:45:00',4,1,14,14,0),(1274,22,6,17,'2023-08-26 07:15:00','2023-08-26 12:45:00',2,1,1,14,0),(1275,78,6,120,'2023-08-26 14:15:00','2023-08-26 19:30:00',16,1,2,14,0),(1276,23,7,52,'2023-08-28 06:15:00','2023-08-28 09:30:00',3,1,1,14,0),(1277,25,2,542,'2023-08-28 08:00:00','2023-08-28 09:30:00',8,1,14,14,0),(1278,25,2,514,'2023-08-28 10:45:00','2023-08-28 01:00:00',5,1,14,14,0),(1279,22,6,59,'2023-08-28 18:15:00','2023-08-28 19:45:00',3,1,1,14,0),(1280,18,5,482,'2023-08-28 18:15:00','2023-08-28 19:45:00',5,1,11,14,0),(1281,28,4,14,'2023-08-28 18:15:00','2023-08-28 19:45:00',2,1,1,14,0),(1282,22,7,27,'2023-08-28 20:30:00','2023-08-28 22:00:00',7,1,1,14,0),(1283,32,5,503,'2023-08-29 06:15:00','2023-08-29 09:15:00',10,1,11,14,0),(1284,26,6,32,'2023-08-29 06:15:00','2023-08-29 07:45:00',5,1,1,14,0),(1285,93,2,486,'2023-08-29 06:15:00','2023-08-29 07:45:00',8,1,11,14,0),(1286,9,1,409,'2023-08-29 07:00:00','2023-08-29 09:15:00',8,1,12,14,0),(1287,102,2,542,'2023-08-29 07:15:00','2023-08-29 09:15:00',8,1,14,14,0),(1288,26,6,33,'2023-08-29 07:45:00','2023-08-29 10:00:00',5,1,1,14,0),(1289,25,2,550,'2023-08-29 08:30:00','2023-08-29 10:00:00',4,1,14,14,0),(1290,25,2,531,'2023-08-29 10:00:00','2023-08-29 12:00:00',5,1,14,14,0),(1291,102,2,520,'2023-08-29 10:30:00','2023-08-29 13:30:00',5,1,14,14,0),(1292,16,4,428,'2023-08-29 18:15:00','2023-08-29 19:45:00',2,1,12,14,0),(1293,9,1,393,'2023-08-29 18:15:00','2023-08-29 20:30:00',2,1,12,14,0),(1294,108,7,35,'2023-08-29 18:15:00','2023-08-29 20:30:00',6,1,1,14,0),(1295,78,3,87,'2023-08-29 18:15:00','2023-08-29 19:45:00',10,1,2,14,0),(1296,8,2,206,'2023-08-29 20:15:00','2023-08-29 21:15:00',4,1,4,14,0),(1297,78,3,555,'2023-08-29 20:30:00','2023-08-29 22:00:00',2,1,8,14,0),(1298,18,2,496,'2023-08-30 06:15:00','2023-08-30 08:50:00',8,1,11,14,0),(1299,28,4,13,'2023-08-30 06:15:00','2023-08-30 08:50:00',2,1,1,14,0),(1300,16,1,393,'2023-08-30 07:00:00','2023-08-30 08:30:00',5,1,12,14,0),(1301,29,1,429,'2023-08-30 08:30:00','2023-08-30 10:45:00',5,1,12,14,0),(1302,29,1,429,'2023-08-30 10:45:00','2023-08-30 12:15:00',4,1,12,14,0),(1303,78,3,555,'2023-08-30 18:15:00','2023-08-30 19:45:00',3,1,8,14,0),(1304,29,1,409,'2023-08-30 18:15:00','2023-08-30 20:30:00',10,1,12,14,0),(1305,22,7,39,'2023-08-30 18:15:00','2023-08-30 19:45:00',2,1,1,14,0),(1306,22,7,57,'2023-08-30 20:30:00','2023-08-30 22:00:00',3,1,1,14,0),(1307,108,6,55,'2023-08-30 20:30:00','2023-08-30 22:00:00',3,1,1,14,0),(1308,32,3,450,'2023-08-31 06:15:00','2023-08-31 10:00:00',5,1,11,14,0),(1309,9,1,429,'2023-08-31 07:00:00','2023-08-31 09:45:00',8,1,12,14,0),(1310,23,5,29,'2023-08-31 18:15:00','2023-08-31 19:45:00',1,1,1,14,0),(1311,22,7,43,'2023-08-31 18:15:00','2023-08-31 20:30:00',2,1,1,14,0),(1312,26,6,44,'2023-08-31 18:15:00','2023-08-31 19:45:00',2,1,1,14,0),(1313,9,1,397,'2023-08-31 18:15:00','2023-08-31 21:15:00',8,1,12,14,0),(1314,22,7,45,'2023-08-31 20:30:00','2023-08-31 22:00:00',1,1,1,14,0),(1315,34,2,429,'2023-09-01 06:15:00','2023-09-01 07:45:00',6,1,12,14,0),(1316,16,1,444,'2023-09-01 06:15:00','2023-09-01 08:30:00',2,1,12,14,0),(1317,22,1,16,'2023-09-01 18:15:00','2023-09-01 20:30:00',1,1,1,14,0),(1318,26,6,17,'2023-09-01 18:15:00','2023-09-01 20:30:00',6,1,1,14,0),(1319,18,2,483,'2023-09-01 18:15:00','2023-09-01 19:45:00',9,1,11,14,0),(1320,29,7,444,'2023-09-01 18:15:00','2023-09-01 19:45:00',8,1,12,14,0),(1321,29,7,435,'2023-09-01 19:45:00','2023-09-01 22:00:00',5,1,12,14,0),(1322,26,6,52,'2023-09-01 20:30:00','2023-09-01 22:00:00',4,1,1,14,0),(1323,8,2,185,'2023-09-02 02:15:00','2023-09-02 18:45:00',3,1,4,14,0),(1324,25,3,520,'2023-09-02 07:15:00','2023-09-02 12:45:00',4,1,14,14,0),(1325,22,6,59,'2023-09-02 07:15:00','2023-09-02 13:00:00',2,1,1,14,0),(1326,30,4,520,'2023-09-02 09:00:00','2023-09-02 13:00:00',2,1,4,14,0),(1327,25,3,508,'2023-09-02 13:00:00','2023-09-02 17:30:00',8,1,14,14,0),(1328,108,7,14,'2023-09-02 15:52:00','2023-09-02 18:45:00',3,1,1,14,0),(1329,22,6,27,'2023-09-04 06:15:00','2023-09-04 19:45:00',3,1,1,14,0),(1330,77,1,395,'2023-09-04 06:15:00','2023-09-04 08:30:00',4,1,12,14,0),(1331,15,2,84,'2023-09-04 06:30:00','2023-09-04 08:30:00',10,1,2,14,0),(1332,23,7,32,'2023-09-04 06:30:00','2023-09-04 08:30:00',2,1,1,14,0),(1333,25,2,550,'2023-09-04 07:45:00','2023-09-04 09:00:00',8,1,14,14,0),(1334,81,5,185,'2023-09-04 08:15:00','2023-09-04 22:00:00',10,1,4,14,0),(1335,18,5,551,'2023-09-04 08:15:00','2023-09-04 22:00:00',5,1,11,14,0),(1336,25,2,550,'2023-09-04 10:45:00','2023-09-04 12:00:00',6,1,14,14,0),(1337,28,4,33,'2023-09-04 18:15:00','2023-09-04 19:45:00',2,1,1,14,0),(1338,22,6,35,'2023-09-04 20:30:00','2023-09-04 22:00:00',15,1,1,14,0),(1339,93,3,397,'2023-09-05 06:30:00','2023-09-05 07:45:00',8,1,12,14,0),(1340,102,7,531,'2023-09-05 07:15:00','2023-09-05 09:15:00',8,1,14,14,0),(1341,25,2,552,'2023-09-05 08:45:00','2023-09-05 10:15:00',4,1,14,14,0),(1342,102,7,550,'2023-09-05 09:15:00','2023-09-05 00:15:00',5,1,14,14,0),(1343,25,2,520,'2023-09-05 10:15:00','2023-09-05 11:45:00',5,1,14,14,0),(1344,108,7,13,'2023-09-05 18:15:00','2023-09-05 20:30:00',6,1,1,14,0),(1345,9,1,437,'2023-09-05 18:15:00','2023-09-05 09:15:00',5,1,12,14,0),(1346,78,2,87,'2023-09-05 18:15:00','2023-09-05 19:45:00',10,1,2,14,0),(1347,28,4,39,'2023-09-05 20:00:00','2023-09-05 21:00:00',2,1,1,14,0),(1348,108,7,57,'2023-09-05 20:30:00','2023-09-05 21:45:00',7,1,1,14,0),(1349,8,2,186,'2023-09-05 20:30:00','2023-09-05 21:45:00',5,1,4,14,0),(1350,30,5,185,'2023-09-06 07:00:00','2023-09-06 10:00:00',8,1,4,14,0),(1351,16,1,414,'2023-09-06 07:00:00','2023-09-06 08:30:00',4,1,12,14,0),(1352,80,1,101,'2023-09-06 07:00:00','2023-09-06 10:00:00',4,1,2,14,0),(1353,108,7,55,'2023-09-06 08:30:00','2023-09-06 10:00:00',3,1,1,14,0),(1354,29,1,429,'2023-09-06 08:30:00','2023-09-06 10:45:00',5,1,12,14,0),(1355,80,7,70,'2023-09-06 08:30:00','2023-09-06 10:00:00',4,1,2,14,0),(1356,29,1,400,'2023-09-06 10:45:00','2023-09-06 12:15:00',6,1,12,14,0),(1357,78,5,154,'2023-09-06 18:15:00','2023-09-06 19:45:00',5,1,4,14,0),(1358,29,1,429,'2023-09-06 18:15:00','2023-09-06 20:30:00',10,1,12,14,0),(1359,28,4,29,'2023-09-06 18:15:00','2023-09-06 19:45:00',2,1,1,14,0),(1360,32,2,450,'2023-09-06 18:15:00','2023-09-06 20:30:00',4,1,11,14,0),(1361,78,3,555,'2023-09-06 19:45:00','2023-09-06 22:00:00',4,1,8,14,0),(1362,22,6,43,'2023-09-06 20:30:00','2023-09-06 22:00:00',3,1,1,14,0),(1363,22,6,44,'2023-09-06 20:30:00','2023-09-06 22:00:00',3,1,1,14,0),(1364,32,3,470,'2023-09-07 06:15:00','2023-09-07 10:00:00',7,1,11,14,0),(1365,18,2,470,'2023-09-07 06:15:00','2023-09-07 07:45:00',16,1,11,14,0),(1366,23,5,45,'2023-09-07 06:15:00','2023-09-07 08:30:00',1,1,1,14,0),(1367,9,1,428,'2023-09-07 07:00:00','2023-09-07 09:30:00',8,1,12,14,0),(1368,93,2,420,'2023-09-07 07:30:00','2023-09-07 08:30:00',9,1,12,14,0),(1369,102,7,550,'2023-09-07 08:30:00','2023-09-07 11:00:00',1,1,14,14,0),(1370,102,7,552,'2023-09-07 08:30:00','2023-09-07 11:00:00',4,1,14,14,0),(1371,18,5,470,'2023-09-07 10:00:00','2023-09-07 11:30:00',6,1,11,14,0),(1372,102,7,520,'2023-09-07 11:00:00','2023-09-07 01:00:00',8,1,14,14,0),(1373,22,7,16,'2023-09-07 18:15:00','2023-09-07 20:30:00',2,1,1,14,0),(1374,26,6,17,'2023-09-07 18:15:00','2023-09-07 20:30:00',2,1,1,14,0),(1375,9,1,409,'2023-09-07 18:15:00','2023-09-07 22:00:00',7,1,12,14,0),(1376,28,4,52,'2023-09-07 18:15:00','2023-09-07 22:00:00',2,1,1,14,0),(1377,22,7,59,'2023-09-07 20:30:00','2023-09-07 22:00:00',1,1,1,14,0),(1378,32,3,450,'2023-09-08 06:15:00','2023-09-08 08:15:00',3,1,11,14,0),(1379,18,2,503,'2023-09-08 06:15:00','2023-09-08 19:45:00',7,1,11,14,0),(1380,16,1,448,'2023-09-08 06:15:00','2023-09-08 08:30:00',2,1,12,14,0),(1381,85,6,66,'2023-09-08 18:00:00','2023-09-08 21:30:00',13,1,2,14,0),(1382,22,1,14,'2023-09-08 18:15:00','2023-09-08 20:30:00',1,1,1,14,0),(1383,29,7,448,'2023-09-08 18:15:00','2023-09-08 19:45:00',9,1,12,14,0),(1384,29,7,416,'2023-09-08 19:45:00','2023-09-08 22:00:00',5,1,12,14,0),(1385,25,2,550,'2023-09-09 01:00:00','2023-09-09 05:45:00',7,1,14,14,0),(1386,25,2,520,'2023-09-09 07:15:00','2023-09-09 12:45:00',4,1,14,14,0),(1387,23,6,27,'2023-09-09 07:15:00','2023-09-09 12:45:00',2,1,1,14,0),(1388,22,6,32,'2023-09-09 07:15:00','2023-09-09 12:45:00',2,1,1,14,0),(1389,85,5,101,'2023-09-09 07:30:00','2023-09-09 12:30:00',13,1,2,14,0),(1390,23,7,33,'2023-09-11 06:15:00','2023-09-11 08:30:00',3,1,1,14,0),(1391,77,1,409,'2023-09-11 06:15:00','2023-09-11 08:30:00',4,1,12,14,0),(1392,18,5,496,'2023-09-11 06:15:00','2023-09-11 00:00:00',5,1,11,14,0),(1393,25,2,531,'2023-09-11 08:00:00','2023-09-11 09:30:00',8,1,14,14,0),(1394,25,2,550,'2023-09-11 10:45:00','2023-09-11 12:15:00',6,1,14,14,0),(1395,22,6,35,'2023-09-11 20:30:00','2023-09-11 22:00:00',5,1,1,14,0),(1396,28,4,13,'2023-09-11 20:30:00','2023-09-11 22:00:00',2,1,1,14,0),(1397,32,5,503,'2023-09-12 06:15:00','2023-09-12 09:30:00',10,1,11,14,0),(1398,26,6,39,'2023-09-12 06:15:00','2023-09-12 07:45:00',3,1,1,14,0),(1399,78,2,73,'2023-09-12 06:15:00','2023-09-12 09:30:00',10,1,2,14,0),(1400,9,1,416,'2023-09-12 07:00:00','2023-09-12 09:15:00',12,1,12,14,0),(1401,102,7,552,'2023-09-12 07:15:00','2023-09-12 09:15:00',8,1,14,14,0),(1402,108,7,57,'2023-09-12 18:15:00','2023-09-12 20:30:00',6,1,1,14,0),(1403,28,4,55,'2023-09-12 18:15:00','2023-09-12 19:45:00',2,1,1,14,0),(1404,26,6,29,'2023-09-12 20:30:00','2023-09-12 22:00:00',3,1,1,14,0),(1405,16,1,444,'2023-09-13 07:00:00','2023-09-13 08:00:00',4,1,12,14,0),(1406,108,7,43,'2023-09-13 08:30:00','2023-09-13 10:00:00',5,1,1,14,0),(1407,29,1,432,'2023-09-13 08:30:00','2023-09-13 10:45:00',5,1,12,14,0),(1408,29,1,393,'2023-09-13 10:45:00','2023-09-13 12:15:00',6,1,12,14,0),(1409,108,7,44,'2023-09-13 18:15:00','2023-09-13 20:30:00',3,1,1,14,0),(1410,28,4,45,'2023-09-13 18:15:00','2023-09-13 19:45:00',2,1,1,14,0),(1411,29,1,432,'2023-09-13 18:15:00','2023-09-13 20:30:00',10,1,12,14,0),(1412,30,5,204,'2023-09-13 19:45:00','2023-09-13 22:00:00',3,1,4,14,0),(1413,22,6,16,'2023-09-13 20:30:00','2023-09-13 22:00:00',3,1,1,14,0),(1414,78,1,300,'2023-09-13 20:30:00','2023-09-13 22:00:00',5,1,4,14,0),(1415,80,3,91,'2023-09-13 20:30:00','2023-09-13 22:00:00',8,1,2,14,0),(1416,22,6,17,'2023-09-13 20:30:00','2023-09-13 22:00:00',3,1,1,14,0),(1417,32,2,551,'2023-09-13 20:30:00','2023-09-13 22:00:00',4,1,11,14,0),(1418,18,2,486,'2023-09-14 06:15:00','2023-09-14 07:45:00',10,1,11,14,0),(1419,9,1,395,'2023-09-14 07:00:00','2023-09-14 10:00:00',10,1,12,14,0),(1420,93,2,414,'2023-09-14 07:30:00','2023-09-14 01:00:00',8,1,12,14,0),(1421,16,1,435,'2023-09-14 08:30:00','2023-09-14 10:45:00',4,1,12,14,0),(1422,18,5,486,'2023-09-14 10:00:00','2023-09-14 11:45:00',6,1,11,14,0),(1423,102,7,551,'2023-09-14 11:15:00','2023-09-14 01:15:00',8,1,14,14,0),(1424,32,3,483,'2023-09-14 18:15:00','2023-09-14 22:00:00',9,1,11,14,0),(1425,28,4,52,'2023-09-14 18:15:00','2023-09-14 20:30:00',2,1,1,14,0),(1426,23,5,59,'2023-09-14 18:15:00','2023-09-14 20:30:00',2,1,1,14,0),(1427,26,6,14,'2023-09-14 18:15:00','2023-09-14 20:30:00',2,1,1,14,0),(1428,9,1,426,'2023-09-14 18:15:00','2023-09-14 10:00:00',10,1,12,14,0),(1429,22,7,27,'2023-09-14 19:45:00','2023-09-14 21:15:00',2,1,1,14,0),(1430,8,2,206,'2023-09-14 19:45:00','2023-09-14 21:15:00',3,1,4,14,0),(1431,22,7,32,'2023-09-14 20:30:00','2023-09-14 22:00:00',2,1,1,14,0),(1432,16,1,400,'2023-09-15 06:15:00','2023-09-15 08:30:00',2,1,12,14,0),(1433,32,3,487,'2023-09-15 06:15:00','2023-09-15 07:45:00',3,1,11,14,0),(1434,85,2,124,'2023-09-15 18:00:00','2023-09-15 22:00:00',12,1,2,14,0),(1435,22,1,33,'2023-09-15 18:15:00','2023-09-15 20:30:00',2,1,1,14,0),(1436,26,6,35,'2023-09-15 18:15:00','2023-09-15 20:30:00',7,1,1,14,0),(1437,29,7,416,'2023-09-15 18:15:00','2023-09-15 19:45:00',8,1,12,14,0),(1438,29,7,409,'2023-09-15 19:45:00','2023-09-15 22:00:00',5,1,12,14,0),(1439,26,6,13,'2023-09-15 20:30:00','2023-09-15 22:00:00',4,1,1,14,0),(1440,89,1,450,'2023-09-16 07:00:00','2023-09-16 10:00:00',10,1,11,14,0),(1441,77,1,434,'2023-09-18 06:15:00','2023-09-18 08:30:00',4,1,12,14,0),(1442,23,7,39,'2023-09-18 06:15:00','2023-09-18 08:30:00',3,1,1,14,0),(1443,25,2,531,'2023-09-18 08:00:00','2023-09-18 09:30:00',8,1,14,14,0),(1444,25,2,510,'2023-09-18 11:45:00','2023-09-18 01:15:00',6,1,14,14,0),(1445,28,4,57,'2023-09-18 18:15:00','2023-09-18 07:45:00',2,1,1,14,0),(1446,22,6,55,'2023-09-18 20:30:00','2023-09-18 22:00:00',5,1,1,14,0),(1447,18,5,486,'2023-09-18 20:30:00','2023-09-18 22:00:00',5,1,11,14,0),(1448,9,1,432,'2023-09-19 06:15:00','2023-09-19 09:30:00',6,1,12,14,0),(1449,102,2,520,'2023-09-19 07:00:00','2023-09-19 09:30:00',8,1,14,14,0),(1450,9,1,437,'2023-09-19 07:00:00','2023-09-19 09:30:00',10,1,12,14,0),(1451,25,2,520,'2023-09-19 08:45:00','2023-09-19 10:15:00',5,1,14,14,0),(1452,25,2,508,'2023-09-19 10:15:00','2023-09-19 11:45:00',5,1,14,14,0),(1453,26,6,29,'2023-09-19 18:15:00','2023-09-19 19:45:00',4,1,1,14,0),(1454,108,7,43,'2023-09-19 18:15:00','2023-09-19 20:30:00',8,1,1,14,0),(1455,28,4,44,'2023-09-19 18:15:00','2023-09-19 19:45:00',2,1,1,14,0),(1456,8,3,204,'2023-09-19 18:30:00','2023-09-19 20:20:00',5,1,4,14,0),(1457,6,2,130,'2023-09-19 18:30:00','2023-09-19 20:20:00',28,1,3,14,0),(1458,26,6,45,'2023-09-19 19:45:00','2023-09-19 22:00:00',3,1,1,14,0),(1459,78,3,66,'2023-09-19 19:45:00','2023-09-19 21:15:00',10,1,2,14,0),(1460,108,7,16,'2023-09-19 20:30:00','2023-09-19 21:45:00',10,1,1,14,0),(1461,16,1,397,'2023-09-20 07:00:00','2023-09-20 08:30:00',4,1,12,14,0),(1462,29,1,434,'2023-09-20 08:30:00','2023-09-20 10:45:00',5,1,12,14,0),(1463,80,5,84,'2023-09-20 08:30:00','2023-09-20 10:00:00',7,1,2,14,0),(1464,29,1,444,'2023-09-20 10:45:00','2023-09-20 12:15:00',6,1,12,14,0),(1465,108,7,17,'2023-09-20 18:15:00','2023-09-20 20:30:00',5,1,1,14,0),(1466,29,1,429,'2023-09-20 18:15:00','2023-09-20 20:30:00',10,1,12,14,0),(1467,28,4,52,'2023-09-20 18:15:00','2023-09-20 19:45:00',2,1,1,14,0),(1468,32,1,470,'2023-09-20 18:15:00','2023-09-20 19:45:00',4,1,11,14,0),(1469,78,2,204,'2023-09-20 19:45:00','2023-09-20 22:00:00',5,1,4,14,0),(1470,78,2,73,'2023-09-20 19:45:00','2023-09-20 22:00:00',4,1,2,14,0),(1471,22,6,59,'2023-09-20 20:30:00','2023-09-20 22:00:00',3,1,1,14,0),(1472,108,7,14,'2023-09-20 20:30:00','2023-09-20 21:45:00',3,1,1,14,0),(1473,22,6,27,'2023-09-20 20:30:00','2023-09-20 22:00:00',2,1,1,14,0),(1474,93,3,397,'2023-09-21 07:00:00','2023-09-21 00:00:00',10,1,12,14,0),(1475,9,1,397,'2023-09-21 07:00:00','2023-09-21 09:30:00',10,1,12,14,0),(1476,16,1,428,'2023-09-21 08:30:00','2023-09-21 10:45:00',4,1,12,14,0),(1477,102,7,510,'2023-09-21 09:30:00','2023-09-21 11:30:00',4,1,14,14,0),(1478,102,7,520,'2023-09-21 09:30:00','2023-09-21 11:30:00',4,1,14,14,0),(1479,18,5,503,'2023-09-21 10:00:00','2023-09-21 11:30:00',6,1,11,14,0),(1480,18,2,551,'2023-09-21 18:15:00','2023-09-21 19:45:00',10,1,11,14,0),(1481,77,5,429,'2023-09-22 06:15:00','2023-09-22 07:45:00',7,1,12,14,0),(1482,23,7,32,'2023-09-22 07:15:00','2023-09-22 12:45:00',1,1,1,14,0),(1483,77,5,487,'2023-09-22 08:30:00','2023-09-22 10:00:00',7,1,11,14,0),(1484,22,1,33,'2023-09-22 18:15:00','2023-09-22 20:30:00',2,1,1,14,0),(1485,26,6,35,'2023-09-22 18:15:00','2023-09-22 20:30:00',6,1,1,14,0),(1486,29,7,448,'2023-09-22 18:15:00','2023-09-22 19:45:00',9,1,12,14,0),(1487,16,1,434,'2023-09-22 18:15:00','2023-09-22 20:30:00',2,1,12,14,0),(1488,29,7,416,'2023-09-22 19:45:00','2023-09-22 22:00:00',5,1,12,14,0),(1489,26,6,13,'2023-09-22 20:30:00','2023-09-22 22:00:00',4,1,1,14,0),(1490,32,1,551,'2023-09-23 02:00:00','2023-09-23 07:00:00',15,1,11,14,0),(1491,89,1,487,'2023-09-23 07:00:00','2023-09-23 13:00:00',8,1,11,14,0),(1492,78,5,555,'2023-09-23 07:15:00','2023-09-23 13:15:00',4,1,8,14,0),(1493,107,7,27,'2023-09-23 08:00:00','2023-09-23 12:00:00',7,1,1,14,0),(1494,8,2,154,'2023-09-23 14:15:00','2023-09-23 18:45:00',4,1,4,14,0),(1495,23,7,39,'2023-09-25 06:15:00','2023-09-25 08:30:00',3,1,1,14,0),(1496,77,1,448,'2023-09-25 06:15:00','2023-09-25 08:30:00',4,1,12,14,0),(1497,18,5,450,'2023-09-25 06:15:00','2023-09-25 07:45:00',5,1,11,14,0),(1498,25,2,542,'2023-09-25 08:00:00','2023-09-25 09:30:00',8,1,14,14,0),(1499,25,2,551,'2023-09-25 11:45:00','2023-09-25 01:15:00',6,1,14,14,0),(1500,28,4,57,'2023-09-25 19:45:00','2023-09-25 21:15:00',2,1,1,14,0),(1501,22,6,55,'2023-09-25 20:30:00','2023-09-25 22:00:00',4,1,1,14,0),(1502,8,5,202,'2023-09-25 20:30:00','2023-09-25 22:00:00',2,1,4,14,0),(1503,32,5,503,'2023-09-26 06:15:00','2023-09-26 10:00:00',12,1,11,14,0),(1504,9,1,428,'2023-09-26 07:00:00','2023-09-26 08:30:00',10,1,12,14,0),(1505,102,7,514,'2023-09-26 07:15:00','2023-09-26 09:30:00',8,1,14,14,0),(1506,9,1,435,'2023-09-26 18:15:00','2023-09-26 21:15:00',5,1,12,14,0),(1507,108,7,29,'2023-09-26 18:15:00','2023-09-26 20:30:00',8,1,1,14,0),(1508,108,7,43,'2023-09-26 20:30:00','2023-09-26 21:45:00',8,1,1,14,0),(1509,34,7,432,'2023-09-27 10:15:00','2023-09-27 11:30:00',7,1,12,14,0),(1510,108,7,44,'2023-09-27 18:15:00','2023-09-27 20:30:00',5,1,1,14,0),(1511,22,6,45,'2023-09-27 18:15:00','2023-09-27 19:45:00',3,1,1,14,0),(1512,28,4,16,'2023-09-27 18:15:00','2023-09-27 19:45:00',2,1,1,14,0),(1513,78,3,95,'2023-09-27 19:45:00','2023-09-27 22:00:00',4,1,2,14,0),(1514,108,7,17,'2023-09-27 20:30:00','2023-09-27 21:45:00',5,1,1,14,0),(1515,78,3,254,'2023-09-27 20:30:00','2023-09-27 21:45:00',5,1,4,14,0),(1516,80,6,73,'2023-09-27 20:30:00','2023-09-27 21:45:00',12,1,2,14,0),(1517,22,6,52,'2023-09-27 20:30:00','2023-09-27 22:00:00',2,1,1,14,0),(1518,32,3,503,'2023-09-28 06:15:00','2023-09-28 10:00:00',8,1,11,14,0),(1519,89,1,496,'2023-09-28 08:00:00','2023-09-28 12:00:00',8,1,11,14,0),(1520,8,2,204,'2023-09-28 08:00:00','2023-09-28 12:00:00',3,1,4,14,0),(1521,102,6,510,'2023-09-28 09:30:00','2023-09-28 11:30:00',4,1,14,14,0),(1522,102,6,550,'2023-09-28 11:30:00','2023-09-28 01:30:00',8,1,14,14,0),(1523,18,2,450,'2023-09-28 18:15:00','2023-09-28 19:45:00',10,1,11,14,0),(1524,23,1,59,'2023-09-28 18:15:00','2023-09-28 20:30:00',2,1,1,14,0),(1525,26,6,14,'2023-09-28 18:15:00','2023-09-28 20:30:00',2,1,1,14,0),(1526,9,1,416,'2023-09-28 18:15:00','2023-09-28 22:00:00',10,1,12,14,0),(1527,28,4,35,'2023-09-28 18:15:00','2023-09-28 20:30:00',2,1,1,14,0),(1528,22,7,13,'2023-09-28 19:45:00','2023-09-28 21:15:00',2,1,1,14,0),(1529,22,7,39,'2023-09-28 20:30:00','2023-09-28 22:00:00',2,1,1,14,0),(1530,9,1,400,'2023-09-29 07:00:00','2023-09-29 09:30:00',10,1,12,14,0),(1531,16,1,420,'2023-09-29 08:30:00','2023-09-29 10:45:00',4,1,12,14,0),(1532,93,2,397,'2023-09-29 08:30:00','2023-09-29 12:00:00',10,1,12,14,0),(1533,107,6,27,'2023-09-30 08:00:00','2023-09-30 12:00:00',8,1,1,14,0),(1534,108,6,57,'2023-09-30 14:15:00','2023-09-30 18:45:00',1,1,1,14,0),(1535,8,7,202,'2023-09-30 14:15:00','2023-09-30 18:00:00',4,1,4,14,0),(1536,23,7,55,'2023-09-30 18:15:00','2023-09-30 20:30:00',2,1,1,14,0),(1537,26,6,29,'2023-09-30 18:15:00','2023-09-30 20:30:00',2,1,1,14,0),(1538,25,2,552,'2023-10-02 08:00:00','2023-10-02 09:30:00',8,1,14,14,0),(1539,25,2,550,'2023-10-02 11:45:00','2023-10-02 01:15:00',6,1,14,14,0),(1540,18,5,483,'2023-10-02 18:15:00','2023-10-02 19:45:00',5,1,11,14,0),(1541,28,4,43,'2023-10-02 19:50:00','2023-10-02 21:30:00',2,1,1,14,0),(1542,34,5,448,'2023-10-02 20:30:00','2023-10-02 22:00:00',3,1,12,14,0),(1543,22,6,44,'2023-10-02 20:30:00','2023-10-02 22:00:00',4,1,1,14,0),(1544,30,1,204,'2023-10-02 20:30:00','2023-10-02 22:00:00',3,1,4,14,0),(1545,102,7,531,'2023-10-03 00:00:00','2023-10-03 14:00:00',8,1,14,14,0),(1546,36,6,45,'2023-10-03 06:00:00','2023-10-03 10:00:00',18,1,1,14,0),(1547,102,7,514,'2023-10-03 07:00:00','2023-10-03 10:00:00',5,1,14,14,0),(1548,25,2,551,'2023-10-03 08:45:00','2023-10-03 10:15:00',5,1,14,14,0),(1549,102,7,551,'2023-10-03 10:00:00','2023-10-03 00:00:00',8,1,14,14,0),(1550,25,2,508,'2023-10-03 10:15:00','2023-10-03 11:45:00',5,1,14,14,0),(1551,108,7,16,'2023-10-03 18:15:00','2023-10-03 20:30:00',8,1,1,14,0),(1552,9,1,434,'2023-10-03 18:15:00','2023-10-03 20:30:00',5,1,12,14,0),(1553,78,3,70,'2023-10-03 18:15:00','2023-10-03 19:45:00',6,1,2,14,0),(1554,28,4,17,'2023-10-03 18:20:00','2023-10-03 21:20:00',2,1,1,14,0),(1555,6,2,142,'2023-10-03 18:20:00','2023-10-03 21:20:00',25,1,3,14,0),(1556,108,7,52,'2023-10-03 20:30:00','2023-10-03 21:45:00',10,1,1,14,0),(1557,16,1,420,'2023-10-04 07:00:00','2023-10-04 08:30:00',4,1,12,14,0),(1558,30,3,520,'2023-10-04 07:30:00','2023-10-04 12:00:00',3,1,4,14,0),(1559,93,2,429,'2023-10-04 07:30:00','2023-10-04 12:00:00',10,1,12,14,0),(1560,22,6,59,'2023-10-04 08:30:00','2023-10-04 10:00:00',4,1,1,14,0),(1561,29,1,444,'2023-10-04 08:30:00','2023-10-04 10:45:00',3,1,12,14,0),(1562,29,1,397,'2023-10-04 10:45:00','2023-10-04 12:15:00',9,1,12,14,0),(1563,108,7,14,'2023-10-04 18:15:00','2023-10-04 19:45:00',5,1,1,14,0),(1564,29,1,426,'2023-10-04 18:15:00','2023-10-04 20:30:00',10,1,12,14,0),(1565,28,4,27,'2023-10-04 18:15:00','2023-10-04 20:30:00',2,1,1,14,0),(1566,32,1,487,'2023-10-04 18:15:00','2023-10-04 19:45:00',4,1,11,14,0),(1567,78,2,73,'2023-10-04 19:45:00','2023-10-04 22:00:00',4,1,2,14,0),(1568,108,7,32,'2023-10-04 20:30:00','2023-10-04 22:00:00',5,1,1,14,0),(1569,22,6,33,'2023-10-04 20:30:00','2023-10-04 22:00:00',3,1,1,14,0),(1570,78,2,520,'2023-10-04 20:30:00','2023-10-04 22:00:00',6,1,4,14,0),(1571,9,1,400,'2023-10-05 07:00:00','2023-10-05 09:15:00',10,1,12,14,0),(1572,102,7,550,'2023-10-05 07:30:00','2023-10-05 12:15:00',4,1,14,14,0),(1573,18,5,486,'2023-10-05 10:00:00','2023-10-05 11:30:00',7,1,11,14,0),(1574,32,3,482,'2023-10-05 18:15:00','2023-10-05 09:30:00',7,1,11,14,0),(1575,18,2,486,'2023-10-05 18:15:00','2023-10-05 19:45:00',10,1,11,14,0),(1576,23,5,35,'2023-10-05 18:15:00','2023-10-05 20:30:00',2,1,1,14,0),(1577,22,7,13,'2023-10-05 18:15:00','2023-10-05 20:30:00',2,1,1,14,0),(1578,6,3,128,'2023-10-05 18:15:00','2023-10-05 20:15:00',10,1,3,14,0),(1579,26,6,39,'2023-10-05 18:15:00','2023-10-05 20:30:00',2,1,1,14,0),(1580,77,5,448,'2023-10-05 18:15:00','2023-10-05 20:30:00',7,1,12,14,0),(1581,9,1,426,'2023-10-05 18:15:00','2023-10-05 22:00:00',10,1,12,14,0),(1582,22,7,57,'2023-10-05 20:30:00','2023-10-05 22:00:00',2,1,1,14,0),(1583,77,5,496,'2023-10-05 20:30:00','2023-10-05 22:00:00',7,1,11,14,0),(1584,22,1,55,'2023-10-06 18:15:00','2023-10-06 20:30:00',2,1,1,14,0),(1585,36,6,29,'2023-10-06 18:15:00','2023-10-06 20:30:00',4,1,1,14,0),(1586,29,7,400,'2023-10-06 18:15:00','2023-10-06 19:45:00',9,1,12,14,0),(1587,18,2,471,'2023-10-06 18:15:00','2023-10-06 19:45:00',12,1,11,14,0),(1588,29,7,434,'2023-10-06 19:45:00','2023-10-06 22:00:00',5,1,12,14,0),(1589,36,6,400,'2023-10-06 20:30:00','2023-10-06 22:00:00',4,1,12,14,0),(1590,32,1,450,'2023-10-07 02:00:00','2023-10-07 07:00:00',20,1,11,14,0),(1591,23,7,43,'2023-10-07 07:15:00','2023-10-07 12:45:00',2,1,1,14,0),(1592,78,5,555,'2023-10-07 07:30:00','2023-10-07 13:00:00',4,1,8,14,0),(1593,89,1,483,'2023-10-07 08:00:00','2023-10-07 12:45:00',7,1,11,14,0),(1594,108,7,44,'2023-10-07 14:15:00','2023-10-07 18:45:00',1,1,1,14,0),(1595,6,6,130,'2023-10-07 17:15:00','2023-10-07 19:00:00',4,1,3,14,0),(1596,77,1,426,'2023-10-09 06:15:00','2023-10-09 08:30:00',4,1,12,14,0),(1597,25,2,542,'2023-10-09 07:00:00','2023-10-09 10:00:00',8,1,14,14,0),(1598,25,2,510,'2023-10-09 10:00:00','2023-10-09 01:00:00',6,1,14,14,0),(1599,18,2,450,'2023-10-09 18:15:00','2023-10-09 19:45:00',5,1,11,14,0),(1600,23,7,45,'2023-10-09 18:45:00','2023-10-09 20:30:00',3,1,1,14,0),(1601,28,4,16,'2023-10-09 19:45:00','2023-10-09 21:15:00',2,1,1,14,0),(1602,22,6,17,'2023-10-09 20:30:00','2023-10-09 22:00:00',3,1,1,14,0),(1603,8,5,206,'2023-10-09 20:30:00','2023-10-09 22:00:00',1,1,4,14,0),(1604,9,1,426,'2023-10-10 07:00:00','2023-10-10 09:30:00',10,1,12,14,0),(1605,36,6,52,'2023-10-10 08:00:00','2023-10-10 22:00:00',2,1,1,14,0),(1606,25,2,531,'2023-10-10 08:45:00','2023-10-10 10:15:00',5,1,14,14,0),(1607,32,5,503,'2023-10-10 18:15:00','2023-10-10 22:00:00',10,1,11,14,0),(1608,36,6,59,'2023-10-10 18:15:00','2023-10-10 08:00:00',2,1,1,14,0),(1609,28,4,14,'2023-10-10 18:15:00','2023-10-10 22:00:00',2,1,1,14,0),(1610,9,1,393,'2023-10-10 18:15:00','2023-10-10 22:00:00',5,1,12,14,0),(1611,78,3,87,'2023-10-10 18:15:00','2023-10-10 19:45:00',8,1,2,14,0),(1612,25,3,552,'2023-10-11 10:15:00','2023-10-11 11:45:00',5,1,14,14,0),(1613,29,1,429,'2023-10-11 18:15:00','2023-10-11 19:45:00',10,1,12,14,0),(1614,78,2,185,'2023-10-11 18:15:00','2023-10-11 19:45:00',2,1,4,14,0),(1615,78,3,78,'2023-10-11 18:15:00','2023-10-11 19:45:00',4,1,2,14,0),(1616,28,4,27,'2023-10-11 18:15:00','2023-10-11 20:30:00',2,1,1,14,0),(1617,80,5,124,'2023-10-11 19:45:00','2023-10-11 22:00:00',6,1,2,14,0),(1618,22,6,32,'2023-10-11 20:30:00','2023-10-11 22:00:00',3,1,1,14,0),(1619,22,6,33,'2023-10-11 20:30:00','2023-10-11 22:00:00',2,1,1,14,0),(1620,9,1,395,'2023-10-12 07:00:00','2023-10-12 10:30:00',10,1,12,14,0),(1621,16,1,434,'2023-10-12 08:30:00','2023-10-12 10:45:00',4,1,12,14,0),(1622,27,6,508,'2023-10-12 08:42:00','2023-10-12 10:30:00',3,1,14,14,0),(1623,102,5,550,'2023-10-12 08:50:00','2023-10-12 12:30:00',4,1,14,14,0),(1624,9,1,420,'2023-10-12 11:30:00','2023-10-12 13:00:00',5,1,12,14,0),(1625,18,2,482,'2023-10-12 18:15:00','2023-10-12 20:30:00',10,1,11,14,0),(1626,23,5,35,'2023-10-12 18:15:00','2023-10-12 20:30:00',2,1,1,14,0),(1627,26,6,13,'2023-10-12 18:15:00','2023-10-12 20:30:00',2,1,1,14,0),(1628,9,1,397,'2023-10-12 18:15:00','2023-10-12 22:00:00',10,1,12,14,0),(1629,32,3,487,'2023-10-12 18:15:00','2023-10-12 19:45:00',7,1,11,14,0),(1630,28,4,39,'2023-10-12 19:30:00','2023-10-12 21:30:00',2,1,1,14,0),(1631,22,7,57,'2023-10-12 19:45:00','2023-10-12 21:15:00',2,1,1,14,0),(1632,8,2,520,'2023-10-12 19:45:00','2023-10-12 21:15:00',3,1,4,14,0),(1633,22,7,55,'2023-10-12 20:30:00','2023-10-12 22:00:00',2,1,1,14,0),(1634,22,6,29,'2023-10-13 18:15:00','2023-10-13 20:30:00',2,1,1,14,0),(1635,29,7,416,'2023-10-13 18:15:00','2023-10-13 19:45:00',9,1,12,14,0),(1636,29,7,409,'2023-10-13 19:45:00','2023-10-13 22:00:00',5,1,12,14,0),(1637,16,1,428,'2023-10-13 20:30:00','2023-10-13 22:00:00',6,1,12,14,0),(1638,25,2,550,'2023-10-14 07:00:00','2023-10-14 01:00:00',8,1,14,14,0),(1639,78,5,555,'2023-10-14 07:15:00','2023-10-14 13:00:00',4,1,8,14,0),(1640,22,6,43,'2023-10-14 14:15:00','2023-10-14 19:15:00',1,1,1,14,0),(1641,32,1,503,'2023-10-17 06:00:00','2023-10-17 10:00:00',8,1,11,14,0),(1642,9,1,400,'2023-10-17 07:00:00','2023-10-17 09:15:00',10,1,12,14,0),(1643,102,7,542,'2023-10-17 07:00:00','2023-10-17 10:00:00',5,1,14,14,0),(1644,102,7,510,'2023-10-17 10:00:00','2023-10-17 00:00:00',8,1,14,14,0),(1645,34,6,397,'2023-10-17 11:30:00','2023-10-17 12:30:00',3,1,12,14,0),(1646,102,7,552,'2023-10-17 12:00:00','2023-10-17 14:00:00',8,1,14,14,0),(1647,36,6,44,'2023-10-17 18:00:00','2023-10-17 20:00:00',4,1,1,14,0),(1648,108,7,45,'2023-10-17 18:00:00','2023-10-17 20:30:00',8,1,1,14,0),(1649,9,1,428,'2023-10-17 18:15:00','2023-10-17 20:30:00',10,1,12,14,0),(1650,78,7,84,'2023-10-17 18:15:00','2023-10-17 19:45:00',8,1,2,14,0),(1651,28,4,16,'2023-10-17 19:45:00','2023-10-17 21:15:00',2,1,1,14,0),(1652,36,6,17,'2023-10-17 20:00:00','2023-10-17 21:45:00',3,1,1,14,0),(1653,108,7,52,'2023-10-17 20:30:00','2023-10-17 21:45:00',10,1,1,14,0),(1654,8,3,154,'2023-10-17 20:30:00','2023-10-17 21:40:00',2,1,4,14,0),(1655,6,2,142,'2023-10-17 20:30:00','2023-10-17 21:40:00',10,1,3,14,0),(1656,78,6,73,'2023-10-18 06:15:00','2023-10-18 08:30:00',5,1,2,14,0),(1657,16,1,444,'2023-10-18 07:00:00','2023-10-18 08:30:00',4,1,12,14,0),(1658,15,2,78,'2023-10-18 08:30:00','2023-10-18 22:00:00',20,1,2,14,0),(1659,15,2,84,'2023-10-18 08:30:00','2023-10-18 22:00:00',42,1,2,14,0),(1660,29,1,400,'2023-10-18 08:30:00','2023-10-18 10:45:00',3,1,12,14,0),(1661,16,7,429,'2023-10-18 08:30:00','2023-10-18 10:00:00',4,1,12,14,0),(1662,29,1,414,'2023-10-18 10:45:00','2023-10-18 12:15:00',9,1,12,14,0),(1663,108,7,59,'2023-10-18 18:15:00','2023-10-18 20:30:00',5,1,1,14,0),(1664,29,1,444,'2023-10-18 18:15:00','2023-10-18 20:30:00',10,1,12,14,0),(1665,78,3,66,'2023-10-18 18:15:00','2023-10-18 19:45:00',4,1,2,14,0),(1666,28,4,14,'2023-10-18 18:15:00','2023-10-18 19:45:00',2,1,1,14,0),(1667,22,6,27,'2023-10-18 19:45:00','2023-10-18 22:00:00',3,1,1,14,0),(1668,108,7,32,'2023-10-18 20:30:00','2023-10-18 21:45:00',5,1,1,14,0),(1669,22,6,33,'2023-10-18 20:30:00','2023-10-18 22:00:00',3,1,1,14,0),(1670,6,1,130,'2023-10-19 00:00:00','2023-10-19 00:00:00',28,1,3,14,0),(1671,32,3,483,'2023-10-19 06:15:00','2023-10-19 10:00:00',8,1,11,14,0),(1672,18,2,483,'2023-10-19 06:15:00','2023-10-19 07:45:00',10,1,11,14,0),(1673,23,5,35,'2023-10-19 06:15:00','2023-10-19 08:30:00',2,1,1,14,0),(1674,20,6,70,'2023-10-19 06:15:00','2023-10-19 08:30:00',10,1,2,14,0),(1675,36,7,13,'2023-10-19 06:15:00','2023-10-19 08:30:00',5,1,1,14,0),(1676,9,1,397,'2023-10-19 06:15:00','2023-10-19 10:00:00',8,1,12,14,0),(1677,78,7,555,'2023-10-19 18:15:00','2023-10-19 19:45:00',2,1,8,14,0),(1678,22,7,39,'2023-10-19 18:15:00','2023-10-19 20:30:00',2,1,1,14,0),(1679,22,7,57,'2023-10-19 20:30:00','2023-10-19 22:00:00',2,1,1,14,0),(1680,32,3,450,'2023-10-20 06:15:00','2023-10-20 10:00:00',3,1,11,14,0),(1681,36,6,409,'2023-10-20 08:30:00','2023-10-20 10:00:00',6,1,12,14,0),(1682,22,7,55,'2023-10-20 18:15:00','2023-10-20 20:30:00',1,1,1,14,0),(1683,36,6,29,'2023-10-20 18:15:00','2023-10-20 20:30:00',6,1,1,14,0),(1684,18,2,487,'2023-10-20 18:15:00','2023-10-20 19:45:00',5,1,11,14,0),(1685,29,7,450,'2023-10-20 18:15:00','2023-10-20 19:45:00',9,1,11,14,0),(1686,77,1,428,'2023-10-20 18:15:00','2023-10-20 20:30:00',7,1,12,14,0),(1687,16,1,437,'2023-10-20 18:15:00','2023-10-20 20:30:00',2,1,12,14,0),(1688,77,1,450,'2023-10-20 19:45:00','2023-10-20 22:00:00',7,1,11,14,0),(1689,29,7,683,'2023-10-20 19:45:00','2023-10-20 22:00:00',5,1,13,14,0),(1690,16,1,414,'2023-10-20 20:30:00','2023-10-20 22:00:00',5,1,12,14,0),(1691,78,5,555,'2023-10-21 07:15:00','2023-10-21 10:00:00',4,1,8,14,0),(1692,107,7,27,'2023-10-21 08:00:00','2023-10-21 12:00:00',6,1,1,14,0),(1693,8,7,206,'2023-10-21 14:00:00','2023-10-21 17:45:00',5,1,4,14,0),(1694,22,6,43,'2023-10-21 14:15:00','2023-10-21 19:15:00',1,1,1,14,0),(1695,15,2,84,'2023-10-21 14:30:00','2023-10-21 19:00:00',10,1,2,14,0),(1696,6,6,130,'2023-10-21 14:30:00','2023-10-21 19:00:00',10,1,3,14,0),(1697,80,7,84,'2023-10-21 14:30:00','2023-10-21 19:00:00',25,1,2,14,0),(1698,23,7,44,'2023-10-23 06:15:00','2023-10-23 08:30:00',3,1,1,14,0),(1699,77,1,416,'2023-10-23 06:15:00','2023-10-23 08:30:00',4,1,12,14,0),(1700,28,4,45,'2023-10-23 06:15:00','2023-10-23 20:30:00',2,1,1,14,0),(1701,22,6,16,'2023-10-23 18:15:00','2023-10-23 20:30:00',2,1,1,14,0),(1702,18,5,496,'2023-10-23 18:15:00','2023-10-23 19:45:00',6,1,11,14,0),(1703,15,2,84,'2023-10-23 20:30:00','2023-10-23 22:00:00',9,1,2,14,0),(1704,22,6,17,'2023-10-23 20:30:00','2023-10-23 22:00:00',2,1,1,14,0),(1705,22,7,52,'2023-10-23 20:30:00','2023-10-23 22:00:00',3,1,1,14,0),(1706,32,5,503,'2023-10-24 06:15:00','2023-10-24 07:45:00',8,1,11,14,0),(1707,36,6,59,'2023-10-24 06:15:00','2023-10-24 07:45:00',4,1,1,14,0),(1708,78,2,70,'2023-10-24 06:15:00','2023-10-24 07:45:00',10,1,2,14,0),(1709,9,1,429,'2023-10-24 07:00:00','2023-10-24 09:00:00',10,1,12,14,0),(1710,36,6,14,'2023-10-24 07:45:00','2023-10-24 10:00:00',3,1,1,14,0),(1711,34,7,409,'2023-10-24 11:30:00','2023-10-24 12:30:00',3,1,12,14,0),(1712,108,7,27,'2023-10-24 18:15:00','2023-10-24 20:30:00',8,1,1,14,0),(1713,28,4,32,'2023-10-24 18:20:00','2023-10-24 20:15:00',2,1,1,14,0),(1714,108,7,33,'2023-10-24 20:30:00','2023-10-24 21:45:00',10,1,1,14,0),(1715,16,1,432,'2023-10-25 07:00:00','2023-10-25 08:30:00',4,1,12,14,0),(1716,22,6,35,'2023-10-25 08:30:00','2023-10-25 10:00:00',3,1,1,14,0),(1717,29,1,437,'2023-10-25 08:30:00','2023-10-25 10:45:00',3,1,12,14,0),(1718,16,7,444,'2023-10-25 08:30:00','2023-10-25 10:00:00',9,1,12,14,0),(1719,32,1,482,'2023-10-25 08:30:00','2023-10-25 10:00:00',3,1,11,14,0),(1720,29,1,395,'2023-10-25 10:45:00','2023-10-25 12:15:00',9,1,12,14,0),(1721,108,7,13,'2023-10-25 18:15:00','2023-10-25 19:45:00',5,1,1,14,0),(1722,29,1,426,'2023-10-25 18:15:00','2023-10-25 20:30:00',10,1,12,14,0),(1723,28,4,39,'2023-10-25 18:15:00','2023-10-25 20:30:00',2,1,1,14,0),(1724,108,7,57,'2023-10-25 20:30:00','2023-10-25 22:00:00',5,1,1,14,0),(1725,22,6,55,'2023-10-25 20:30:00','2023-10-25 22:00:00',2,1,1,14,0),(1726,28,4,29,'2023-10-26 06:15:00','2023-10-26 10:00:00',2,1,1,14,0),(1727,9,1,400,'2023-10-26 07:00:00','2023-10-26 10:00:00',10,1,12,14,0),(1728,93,2,400,'2023-10-26 07:00:00','2023-10-26 12:00:00',10,1,12,14,0),(1729,16,7,414,'2023-10-26 08:30:00','2023-10-26 10:00:00',4,1,12,14,0),(1730,18,5,486,'2023-10-26 10:00:00','2023-10-26 11:45:00',5,1,11,14,0),(1731,26,6,43,'2023-10-26 18:14:00','2023-10-26 20:30:00',2,1,1,14,0),(1732,32,3,486,'2023-10-26 18:15:00','2023-10-26 20:30:00',7,1,11,14,0),(1733,18,2,470,'2023-10-26 18:15:00','2023-10-26 19:45:00',10,1,11,14,0),(1734,23,5,44,'2023-10-26 18:15:00','2023-10-26 20:30:00',2,1,1,14,0),(1735,9,1,448,'2023-10-26 18:15:00','2023-10-26 22:00:00',8,1,12,14,0),(1736,22,7,45,'2023-10-26 20:30:00','2023-10-26 22:00:00',2,1,1,14,0),(1737,22,7,16,'2023-10-26 20:30:00','2023-10-26 22:00:00',2,1,1,14,0),(1738,32,3,471,'2023-10-27 06:15:00','2023-10-27 07:45:00',3,1,11,14,0),(1739,77,5,471,'2023-10-27 08:30:00','2023-10-27 10:00:00',7,1,11,14,0),(1740,36,6,448,'2023-10-27 08:30:00','2023-10-27 10:00:00',4,1,12,14,0),(1741,22,6,17,'2023-10-27 18:15:00','2023-10-27 20:30:00',2,1,1,14,0),(1742,36,6,52,'2023-10-27 18:15:00','2023-10-27 20:30:00',6,1,1,14,0),(1743,18,2,486,'2023-10-27 18:15:00','2023-10-27 19:45:00',6,1,11,14,0),(1744,29,7,503,'2023-10-27 18:15:00','2023-10-27 19:45:00',9,1,11,14,0),(1745,77,5,416,'2023-10-27 18:15:00','2023-10-27 07:45:00',7,1,12,14,0),(1746,16,1,426,'2023-10-27 18:15:00','2023-10-27 20:30:00',2,1,12,14,0),(1747,29,7,683,'2023-10-27 19:45:00','2023-10-27 22:00:00',5,1,13,14,0),(1748,16,1,393,'2023-10-27 20:30:00','2023-10-27 22:00:00',5,1,12,14,0),(1749,107,7,27,'2023-10-28 00:00:00','2023-10-28 00:00:00',10,1,1,14,0),(1750,32,1,503,'2023-10-28 02:00:00','2023-10-28 07:00:00',7,1,11,14,0),(1751,25,2,551,'2023-10-28 07:00:00','2023-10-28 12:45:00',6,1,14,14,0),(1752,18,1,471,'2023-10-28 10:15:00','2023-10-28 13:00:00',10,1,11,14,0),(1753,8,7,204,'2023-10-28 14:00:00','2023-10-28 17:00:00',2,1,4,14,0),(1754,22,6,59,'2023-10-28 14:15:00','2023-10-28 19:15:00',1,1,1,14,0),(1755,15,2,84,'2023-10-30 06:15:00','2023-10-30 20:00:00',9,1,2,14,0),(1756,23,7,14,'2023-10-30 06:15:00','2023-10-30 08:30:00',3,1,1,14,0),(1757,18,5,487,'2023-10-30 06:15:00','2023-10-30 07:45:00',5,1,11,14,0),(1758,22,6,27,'2023-10-30 20:30:00','2023-10-30 22:00:00',5,1,1,14,0),(1759,28,4,32,'2023-10-30 20:30:00','2023-10-30 22:00:00',2,1,1,14,0),(1760,102,6,542,'2023-10-31 00:00:00','2023-10-31 13:00:00',8,1,14,14,0),(1761,9,1,435,'2023-10-31 07:00:00','2023-10-31 09:30:00',10,1,12,14,0),(1762,102,6,531,'2023-10-31 07:00:00','2023-10-31 10:00:00',5,1,14,14,0),(1763,25,2,508,'2023-10-31 08:45:00','2023-10-31 10:15:00',6,1,14,14,0),(1764,102,6,542,'2023-10-31 10:00:00','2023-10-31 12:00:00',8,1,14,14,0),(1765,25,2,508,'2023-10-31 10:00:00','2023-10-31 11:45:00',6,1,14,14,0),(1766,108,7,33,'2023-10-31 18:15:00','2023-10-31 20:30:00',8,1,1,14,0),(1767,78,3,70,'2023-10-31 18:15:00','2023-10-31 19:45:00',10,1,2,14,0),(1768,6,2,137,'2023-10-31 18:30:00','2023-10-31 20:30:00',28,1,3,14,0),(1769,108,7,35,'2023-10-31 20:30:00','2023-10-31 22:00:00',10,1,1,14,0),(1770,16,1,397,'2023-11-01 07:00:00','2023-11-01 08:30:00',4,1,12,14,0),(1771,29,1,448,'2023-11-01 08:30:00','2023-11-01 10:45:00',3,1,12,14,0),(1772,16,7,428,'2023-11-01 08:30:00','2023-11-01 10:00:00',9,1,12,14,0),(1773,29,1,429,'2023-11-01 10:45:00','2023-11-01 12:15:00',9,1,12,14,0),(1774,15,2,78,'2023-11-01 18:15:00','2023-11-01 20:30:00',20,1,2,14,0),(1775,108,7,13,'2023-11-01 18:15:00','2023-11-01 19:45:00',5,1,1,14,0),(1776,78,6,202,'2023-11-01 18:15:00','2023-11-01 19:45:00',6,1,4,14,0),(1777,29,1,420,'2023-11-01 18:15:00','2023-11-01 20:30:00',10,1,12,14,0),(1778,28,4,39,'2023-11-01 18:15:00','2023-11-01 20:30:00',2,1,1,14,0),(1779,78,3,101,'2023-11-01 19:45:00','2023-11-01 22:00:00',4,1,2,14,0),(1780,15,2,84,'2023-11-01 20:30:00','2023-11-01 00:00:00',42,1,2,14,0),(1781,108,7,57,'2023-11-01 20:30:00','2023-11-01 22:00:00',5,1,1,14,0),(1782,22,6,55,'2023-11-01 20:30:00','2023-11-01 22:00:00',3,1,1,14,0),(1783,22,6,29,'2023-11-01 20:30:00','2023-11-01 22:00:00',3,1,1,14,0),(1784,18,2,487,'2023-11-02 06:15:00','2023-11-02 07:45:00',10,1,11,14,0),(1785,23,5,43,'2023-11-02 06:15:00','2023-11-02 08:30:00',2,1,1,14,0),(1786,20,3,78,'2023-11-02 06:15:00','2023-11-02 08:30:00',8,1,2,14,0),(1787,36,6,44,'2023-11-02 06:15:00','2023-11-02 08:30:00',2,1,1,14,0),(1788,9,1,432,'2023-11-02 06:15:00','2023-11-02 00:00:00',10,1,12,14,0),(1789,9,1,429,'2023-11-02 07:00:00','2023-11-02 10:30:00',10,1,12,14,0),(1790,102,7,510,'2023-11-02 07:30:00','2023-11-02 10:00:00',4,1,14,14,0),(1791,22,7,45,'2023-11-02 08:30:00','2023-11-02 10:00:00',2,1,1,14,0),(1792,22,7,16,'2023-11-02 08:30:00','2023-11-02 10:00:00',2,1,1,14,0),(1793,18,6,471,'2023-11-02 10:15:00','2023-11-02 11:30:00',5,1,11,14,0),(1794,28,4,17,'2023-11-02 19:00:00','2023-11-02 19:45:00',2,1,1,14,0),(1795,91,5,429,'2023-11-03 06:15:00','2023-11-03 19:45:00',6,1,12,14,0),(1796,22,1,52,'2023-11-03 18:15:00','2023-11-03 20:30:00',1,1,1,14,0),(1797,36,6,35,'2023-11-03 18:15:00','2023-11-03 20:30:00',6,1,1,14,0),(1798,18,1,487,'2023-11-03 18:15:00','2023-11-03 19:45:00',10,1,11,14,0),(1799,29,7,503,'2023-11-03 18:15:00','2023-11-03 19:45:00',9,1,11,14,0),(1800,16,1,414,'2023-11-03 18:15:00','2023-11-03 20:30:00',2,1,12,14,0),(1801,91,5,432,'2023-11-03 19:45:00','2023-11-03 21:15:00',10,1,12,14,0),(1802,29,7,683,'2023-11-03 19:45:00','2023-11-03 22:00:00',5,1,13,14,0),(1803,36,6,14,'2023-11-03 20:30:00','2023-11-03 22:00:00',3,1,1,14,0),(1804,16,1,393,'2023-11-03 20:30:00','2023-11-03 22:00:00',5,1,12,14,0),(1805,32,1,503,'2023-11-04 02:00:00','2023-11-04 07:00:00',10,1,11,14,0),(1806,8,7,204,'2023-11-04 02:00:00','2023-11-04 17:00:00',5,1,4,14,0),(1807,33,5,556,'2023-11-04 02:30:00','2023-11-04 05:00:00',5,1,15,14,0),(1808,6,6,142,'2023-11-04 02:30:00','2023-11-04 05:30:00',10,1,3,14,0),(1809,2,5,95,'2023-11-04 07:30:00','2023-11-04 12:45:00',10,1,2,14,0),(1810,80,2,73,'2023-11-04 09:00:00','2023-11-04 13:00:00',22,1,2,14,0),(1811,18,1,471,'2023-11-04 10:00:00','2023-11-04 12:45:00',10,1,11,14,0),(1812,80,2,84,'2023-11-04 14:00:00','2023-11-04 16:00:00',16,1,2,14,0),(1813,22,6,27,'2023-11-04 14:15:00','2023-11-04 19:15:00',1,1,1,14,0),(1814,102,7,520,'2023-11-07 00:00:00','2023-11-07 14:00:00',8,1,14,14,0),(1815,32,5,503,'2023-11-07 06:00:00','2023-11-07 10:00:00',8,1,11,14,0),(1816,9,1,420,'2023-11-07 07:00:00','2023-11-07 10:00:00',10,1,12,14,0),(1817,102,6,508,'2023-11-07 07:00:00','2023-11-07 10:00:00',5,1,14,14,0),(1818,102,7,531,'2023-11-07 10:00:00','2023-11-07 00:00:00',8,1,14,14,0),(1819,34,1,448,'2023-11-07 11:30:00','2023-11-07 13:00:00',3,1,12,14,0),(1820,36,6,32,'2023-11-07 18:15:00','2023-11-07 20:30:00',4,1,1,14,0),(1821,9,1,448,'2023-11-07 18:15:00','2023-11-07 09:15:00',5,1,12,14,0),(1822,108,7,33,'2023-11-07 18:15:00','2023-11-07 20:30:00',8,1,1,14,0),(1823,28,4,35,'2023-11-07 18:15:00','2023-11-07 19:45:00',2,1,1,14,0),(1824,78,3,73,'2023-11-07 18:15:00','2023-11-07 19:45:00',10,1,2,14,0),(1825,6,2,137,'2023-11-07 18:20:00','2023-11-07 20:15:00',28,1,3,14,0),(1826,36,6,13,'2023-11-07 20:30:00','2023-11-07 21:45:00',3,1,1,14,0),(1827,108,7,39,'2023-11-07 20:30:00','2023-11-07 21:45:00',10,1,1,14,0),(1828,15,2,84,'2023-11-08 06:15:00','2023-11-08 08:30:00',42,1,2,14,0),(1829,16,1,429,'2023-11-08 07:00:00','2023-11-08 08:30:00',4,1,12,14,0),(1830,29,1,416,'2023-11-08 08:30:00','2023-11-08 10:45:00',3,1,12,14,0),(1831,16,7,409,'2023-11-08 08:30:00','2023-11-08 10:00:00',9,1,12,14,0),(1832,29,1,416,'2023-11-08 10:45:00','2023-11-08 12:15:00',9,1,12,14,0),(1833,28,4,57,'2023-11-08 18:00:00','2023-11-08 21:00:00',2,1,1,14,0),(1834,108,7,55,'2023-11-08 18:15:00','2023-11-08 20:30:00',5,1,1,14,0),(1835,29,1,393,'2023-11-08 18:15:00','2023-11-08 20:30:00',10,1,12,14,0),(1836,22,6,29,'2023-11-08 18:15:00','2023-11-08 19:45:00',2,1,1,14,0),(1837,78,3,73,'2023-11-08 18:15:00','2023-11-08 19:45:00',4,1,2,14,0),(1838,78,6,254,'2023-11-08 19:45:00','2023-11-08 22:00:00',5,1,4,14,0),(1839,15,2,78,'2023-11-08 20:30:00','2023-11-08 22:00:00',24,1,2,14,0),(1840,22,6,43,'2023-11-08 20:30:00','2023-11-08 22:00:00',2,1,1,14,0),(1841,108,7,44,'2023-11-08 20:30:00','2023-11-08 21:45:00',5,1,1,14,0),(1842,93,2,448,'2023-11-09 00:00:00','2023-11-09 00:00:00',10,1,12,14,0),(1843,18,2,496,'2023-11-09 06:15:00','2023-11-09 07:45:00',10,1,11,14,0),(1844,22,7,45,'2023-11-09 06:15:00','2023-11-09 08:30:00',2,1,1,14,0),(1845,36,6,16,'2023-11-09 06:15:00','2023-11-09 08:30:00',2,1,1,14,0),(1846,9,1,409,'2023-11-09 06:15:00','2023-11-09 22:00:00',10,1,12,14,0),(1847,9,1,448,'2023-11-09 07:00:00','2023-11-09 13:00:00',10,1,12,14,0),(1848,22,7,17,'2023-11-09 08:30:00','2023-11-09 10:00:00',2,1,1,14,0),(1849,16,7,393,'2023-11-09 08:30:00','2023-11-09 10:45:00',4,1,12,14,0),(1850,25,6,514,'2023-11-09 09:00:00','2023-11-09 10:30:00',6,1,14,14,0),(1851,18,5,487,'2023-11-09 10:00:00','2023-11-09 11:30:00',5,1,11,14,0),(1852,25,6,520,'2023-11-09 10:30:00','2023-11-09 12:00:00',6,1,14,14,0),(1853,32,3,483,'2023-11-09 18:00:00','2023-11-09 22:00:00',7,1,11,14,0),(1854,6,5,130,'2023-11-09 18:30:00','2023-11-09 20:00:00',10,1,3,14,0),(1855,88,4,91,'2023-11-10 06:10:00','2023-11-10 09:40:00',9,1,2,14,0),(1856,32,3,470,'2023-11-10 06:15:00','2023-11-10 10:00:00',3,1,11,14,0),(1857,36,6,52,'2023-11-10 06:15:00','2023-11-10 08:30:00',6,1,1,14,0),(1858,18,2,482,'2023-11-10 06:15:00','2023-11-10 07:45:00',10,1,11,14,0),(1859,36,6,420,'2023-11-10 08:30:00','2023-11-10 10:00:00',4,1,12,14,0),(1860,91,1,435,'2023-11-10 18:10:00','2023-11-10 19:45:00',6,1,12,14,0),(1861,22,1,59,'2023-11-10 18:15:00','2023-11-10 20:30:00',2,1,1,14,0),(1862,29,7,551,'2023-11-10 18:15:00','2023-11-10 19:45:00',9,1,11,14,0),(1863,16,1,420,'2023-11-10 18:15:00','2023-11-10 20:30:00',2,1,12,14,0),(1864,91,3,426,'2023-11-10 19:45:00','2023-11-10 21:15:00',10,1,12,14,0),(1865,29,7,683,'2023-11-10 19:45:00','2023-11-10 22:00:00',5,1,13,14,0),(1866,16,1,432,'2023-11-10 20:30:00','2023-11-10 22:00:00',5,1,12,14,0),(1867,107,7,27,'2023-11-11 00:00:00','2023-11-11 00:00:00',6,1,1,14,0),(1868,25,2,542,'2023-11-11 07:00:00','2023-11-11 01:00:00',6,1,14,14,0),(1869,22,6,14,'2023-11-11 14:15:00','2023-11-11 19:15:00',3,1,1,14,0),(1870,36,6,27,'2023-11-14 06:15:00','2023-11-14 07:45:00',4,1,1,14,0),(1871,9,1,393,'2023-11-14 07:00:00','2023-11-14 10:00:00',10,1,12,14,0),(1872,36,6,32,'2023-11-14 07:45:00','2023-11-14 10:00:00',3,1,1,14,0),(1873,25,7,510,'2023-11-14 08:45:00','2023-11-14 10:15:00',6,1,14,14,0),(1874,25,7,551,'2023-11-14 10:15:00','2023-11-14 12:45:00',6,1,14,14,0),(1875,34,1,414,'2023-11-14 11:30:00','2023-11-14 01:00:00',3,1,12,14,0),(1876,108,7,33,'2023-11-14 18:00:00','2023-11-14 22:00:00',10,1,1,14,0),(1877,9,1,395,'2023-11-14 18:00:00','2023-11-14 22:00:00',5,1,12,14,0),(1878,28,4,35,'2023-11-14 18:15:00','2023-11-14 20:30:00',2,1,1,14,0),(1879,32,5,503,'2023-11-14 18:30:00','2023-11-14 20:20:00',7,1,11,14,0),(1880,108,7,13,'2023-11-14 20:30:00','2023-11-14 21:45:00',8,1,1,14,0),(1881,6,2,137,'2023-11-14 20:30:00','2023-11-14 21:30:00',10,1,3,14,0),(1882,6,2,128,'2023-11-14 20:30:00','2023-11-14 21:30:00',28,1,3,14,0),(1883,16,1,435,'2023-11-15 07:00:00','2023-11-15 08:30:00',4,1,12,14,0),(1884,29,1,435,'2023-11-15 08:30:00','2023-11-15 10:45:00',3,1,12,14,0),(1885,78,2,206,'2023-11-15 08:30:00','2023-11-15 10:00:00',5,1,4,14,0),(1886,29,1,414,'2023-11-15 10:45:00','2023-11-15 12:15:00',9,1,12,14,0),(1887,22,6,39,'2023-11-15 18:15:00','2023-11-15 19:45:00',2,1,1,14,0),(1888,29,1,416,'2023-11-15 18:15:00','2023-11-15 20:30:00',10,1,12,14,0),(1889,6,2,137,'2023-11-15 18:15:00','2023-11-15 19:45:00',6,1,3,14,0),(1890,28,4,57,'2023-11-15 18:15:00','2023-11-15 20:30:00',2,1,1,14,0),(1891,78,3,66,'2023-11-15 19:45:00','2023-11-15 22:00:00',4,1,2,14,0),(1892,64,6,128,'2023-11-15 20:00:00','2023-11-15 21:30:00',5,1,3,14,0),(1893,32,1,503,'2023-11-15 20:00:00','2023-11-15 21:30:00',3,1,11,14,0),(1894,108,7,55,'2023-11-15 20:30:00','2023-11-15 21:45:00',5,1,1,14,0),(1895,22,6,29,'2023-11-15 20:30:00','2023-11-15 22:00:00',2,1,1,14,0),(1896,18,5,483,'2023-11-16 00:00:00','2023-11-16 11:30:00',10,1,11,14,0),(1897,32,3,471,'2023-11-16 06:15:00','2023-11-16 09:30:00',7,1,11,14,0),(1898,18,2,503,'2023-11-16 06:15:00','2023-11-16 07:45:00',10,1,11,14,0),(1899,23,5,43,'2023-11-16 06:15:00','2023-11-16 08:30:00',2,1,1,14,0),(1900,36,6,44,'2023-11-16 06:15:00','2023-11-16 08:30:00',1,1,1,14,0),(1901,9,1,435,'2023-11-16 07:00:00','2023-11-16 13:00:00',10,1,12,14,0),(1902,93,6,426,'2023-11-16 08:30:00','2023-11-16 00:00:00',10,1,12,14,0),(1903,102,6,531,'2023-11-16 09:00:00','2023-11-16 12:00:00',4,1,14,14,0),(1904,22,7,45,'2023-11-16 18:15:00','2023-11-16 20:30:00',2,1,1,14,0),(1905,9,1,416,'2023-11-16 18:15:00','2023-11-16 22:00:00',10,1,12,14,0),(1906,6,7,128,'2023-11-16 18:20:00','2023-11-16 20:30:00',8,1,3,14,0),(1907,11,7,101,'2023-11-16 19:45:00','2023-11-16 21:45:00',28,1,2,14,0),(1908,80,7,206,'2023-11-16 20:30:00','2023-11-16 22:00:00',2,1,4,14,0),(1909,22,7,16,'2023-11-16 20:30:00','2023-11-16 22:00:00',2,1,1,14,0),(1910,32,3,450,'2023-11-17 06:15:00','2023-11-17 08:30:00',3,1,11,14,0),(1911,18,2,483,'2023-11-17 06:15:00','2023-11-17 19:45:00',6,1,11,14,0),(1912,36,6,435,'2023-11-17 08:30:00','2023-11-17 10:00:00',4,1,12,14,0),(1913,22,1,17,'2023-11-17 18:15:00','2023-11-17 20:30:00',2,1,1,14,0),(1914,36,6,52,'2023-11-17 18:15:00','2023-11-17 20:30:00',6,1,1,14,0),(1915,29,7,503,'2023-11-17 18:15:00','2023-11-17 19:45:00',9,1,11,14,0),(1916,91,5,444,'2023-11-17 18:15:00','2023-11-17 19:45:00',7,1,12,14,0),(1917,91,5,471,'2023-11-17 19:45:00','2023-11-17 21:15:00',9,1,11,14,0),(1918,29,7,683,'2023-11-17 19:45:00','2023-11-17 22:00:00',5,1,13,14,0),(1919,107,7,27,'2023-11-18 00:00:00','2023-11-18 00:00:00',4,1,1,14,0),(1920,32,1,551,'2023-11-18 07:00:00','2023-11-18 13:00:00',8,1,11,14,0),(1921,25,2,542,'2023-11-18 07:15:00','2023-11-18 12:45:00',4,1,14,14,0),(1922,22,7,59,'2023-11-18 14:15:00','2023-11-18 19:15:00',2,1,1,14,0),(1923,19,5,78,'2023-11-18 14:30:00','2023-11-18 17:00:00',27,1,2,14,0),(1924,108,7,14,'2023-11-18 18:30:00','2023-11-18 19:45:00',5,1,1,14,0),(1925,25,2,552,'2023-11-20 07:00:00','2023-11-20 10:00:00',8,1,14,14,0),(1926,25,2,552,'2023-11-20 10:00:00','2023-11-20 01:00:00',5,1,14,14,0),(1927,18,5,486,'2023-11-20 18:15:00','2023-11-20 19:45:00',6,1,11,14,0),(1928,91,1,428,'2023-11-20 18:15:00','2023-11-20 20:30:00',3,1,12,14,0),(1929,6,2,137,'2023-11-20 18:30:00','2023-11-20 19:45:00',5,1,3,14,0),(1930,22,7,27,'2023-11-20 20:30:00','2023-11-20 22:00:00',5,1,1,14,0),(1931,28,6,32,'2023-11-20 20:30:00','2023-11-20 22:00:00',2,1,1,14,0),(1932,6,2,128,'2023-11-21 06:15:00','2023-11-21 08:20:00',28,1,3,14,0),(1933,9,1,428,'2023-11-21 07:00:00','2023-11-21 09:30:00',10,1,12,14,0),(1934,36,6,33,'2023-11-21 08:00:00','2023-11-21 10:00:00',3,1,1,14,0),(1935,6,2,128,'2023-11-21 08:30:00','2023-11-21 09:30:00',10,1,3,14,0),(1936,9,1,444,'2023-11-21 18:15:00','2023-11-21 21:30:00',5,1,12,14,0),(1937,16,1,429,'2023-11-22 07:00:00','2023-11-22 08:30:00',4,1,12,14,0),(1938,29,1,444,'2023-11-22 08:30:00','2023-11-22 10:45:00',3,1,12,14,0),(1939,29,1,444,'2023-11-22 10:45:00','2023-11-22 12:15:00',9,1,12,14,0),(1940,108,7,35,'2023-11-22 18:15:00','2023-11-22 20:30:00',5,1,1,14,0),(1941,29,1,420,'2023-11-22 18:15:00','2023-11-22 20:30:00',10,1,12,14,0),(1942,6,2,128,'2023-11-22 18:20:00','2023-11-22 18:30:00',5,1,3,14,0),(1943,64,6,124,'2023-11-22 18:20:00','2023-11-22 18:30:00',5,1,2,14,0),(1944,28,4,13,'2023-11-22 20:00:00','2023-11-22 22:00:00',2,1,1,14,0),(1945,108,7,39,'2023-11-22 20:30:00','2023-11-22 21:30:00',5,1,1,14,0),(1946,80,5,73,'2023-11-22 20:30:00','2023-11-22 22:00:00',6,1,2,14,0),(1947,9,1,414,'2023-11-23 07:00:00','2023-11-23 13:00:00',10,1,12,14,0),(1948,18,2,482,'2023-11-23 08:15:00','2023-11-23 19:45:00',10,1,11,14,0),(1949,15,6,124,'2023-11-23 20:30:00','2023-11-23 22:00:00',10,1,2,14,0),(1950,36,6,57,'2023-11-24 08:30:00','2023-11-24 10:00:00',4,1,1,14,0),(1951,22,6,55,'2023-11-24 18:15:00','2023-11-24 20:30:00',2,1,1,14,0),(1952,18,2,482,'2023-11-24 18:15:00','2023-11-24 19:45:00',8,1,11,14,0),(1953,25,2,551,'2023-11-25 07:00:00','2023-11-25 12:45:00',5,1,14,14,0),(1954,66,5,130,'2023-11-25 07:30:00','2023-11-25 12:30:00',5,1,3,14,0),(1955,107,7,27,'2023-11-25 08:00:00','2023-11-25 12:00:00',6,1,1,14,0),(1956,22,6,29,'2023-11-25 14:15:00','2023-11-25 18:45:00',2,1,1,14,0),(1957,80,6,78,'2023-11-25 15:00:00','2023-11-25 18:00:00',15,1,2,14,0),(1958,37,1,137,'2023-11-25 15:00:00','2023-11-25 16:45:00',6,1,3,14,0),(1959,25,2,551,'2023-11-27 08:00:00','2023-11-27 09:40:00',8,1,14,14,0),(1960,23,7,43,'2023-11-27 18:15:00','2023-11-27 20:30:00',3,1,1,14,0),(1961,18,5,450,'2023-11-27 18:15:00','2023-11-27 19:45:00',15,1,11,14,0),(1962,22,6,44,'2023-11-27 20:30:00','2023-11-27 22:00:00',5,1,1,14,0),(1963,28,4,45,'2023-11-27 20:30:00','2023-11-27 22:00:00',2,1,1,14,0),(1964,36,6,16,'2023-11-28 18:15:00','2023-11-28 19:45:00',4,1,1,14,0),(1965,108,7,17,'2023-11-28 18:15:00','2023-11-28 20:30:00',8,1,1,14,0),(1966,6,2,130,'2023-11-28 18:30:00','2023-11-28 20:15:00',28,1,3,14,0),(1967,36,6,52,'2023-11-28 19:45:00','2023-11-28 21:55:00',3,1,1,14,0),(1968,108,7,59,'2023-11-28 20:30:00','2023-11-28 21:55:00',10,1,1,14,0),(1969,18,2,482,'2023-11-29 18:15:00','2023-11-29 19:45:00',10,1,11,14,0),(1970,36,6,14,'2023-11-29 18:15:00','2023-11-29 08:30:00',2,1,1,14,0),(1971,22,6,35,'2023-11-29 18:30:00','2023-11-29 19:45:00',2,1,1,14,0),(1972,22,6,13,'2023-11-29 20:30:00','2023-11-29 22:00:00',3,1,1,14,0),(1973,23,7,39,'2023-11-30 18:15:00','2023-11-30 08:30:00',3,1,1,14,0),(1974,22,7,57,'2023-11-30 18:15:00','2023-11-30 20:30:00',2,1,1,14,0),(1975,22,7,55,'2023-11-30 20:30:00','2023-11-30 22:00:00',2,1,1,14,0),(1976,36,6,435,'2023-12-01 08:30:00','2023-12-01 22:00:00',4,1,12,14,0),(1977,22,1,29,'2023-12-01 18:15:00','2023-12-01 20:30:00',2,1,1,14,0),(1978,36,6,43,'2023-12-01 18:15:00','2023-12-01 20:30:00',6,1,1,14,0),(1979,30,6,206,'2024-01-14 07:00:00','2024-01-14 12:00:00',7,1,4,6,0),(1980,18,4,683,'2024-01-20 07:00:00','2024-01-20 13:00:00',1,1,13,6,0),(1981,18,1,496,'2024-02-10 07:15:00','2024-02-10 13:15:00',5,1,11,6,0),(1982,34,1,444,'2024-02-10 08:30:00','2024-02-10 10:00:00',2,1,12,6,0),(1983,29,1,482,'2024-02-10 19:45:00','2024-02-10 22:00:00',12,1,11,6,0),(1984,27,1,551,'2024-02-12 09:30:00','2024-02-12 12:00:00',8,1,14,6,0),(1985,34,1,434,'2024-02-12 18:15:00','2024-02-12 20:30:00',3,1,12,6,0),(1986,32,6,503,'2024-02-13 06:00:00','2024-02-13 08:15:00',9,1,11,6,0),(1987,9,1,448,'2024-02-13 07:00:00','2024-02-13 13:00:00',9,1,12,6,0),(1988,70,7,552,'2024-02-13 07:40:00','2024-02-13 00:00:00',8,1,14,6,0),(1989,32,6,416,'2024-02-13 08:30:00','2024-02-13 10:45:00',6,1,12,6,0),(1990,9,1,409,'2024-02-13 10:45:00','2024-02-13 13:00:00',9,1,12,6,0),(1991,16,1,429,'2024-02-13 18:15:00','2024-02-13 19:45:00',4,1,12,6,0),(1992,23,2,44,'2024-02-13 18:15:00','2024-02-13 19:45:00',1,1,1,6,0),(1993,34,1,444,'2024-02-13 19:45:00','2024-02-13 22:00:00',2,1,12,6,0),(1994,68,5,555,'2024-02-13 19:45:00','2024-02-13 22:00:00',2,1,8,6,0),(1995,67,1,552,'2024-02-14 07:15:00','2024-02-14 08:45:00',8,1,14,6,0),(1996,67,6,510,'2024-02-14 07:35:00','2024-02-14 11:45:00',5,1,14,6,0),(1997,65,1,531,'2024-02-14 09:00:00','2024-02-14 10:30:00',3,1,14,6,0),(1998,18,1,450,'2024-02-14 18:15:00','2024-02-14 20:00:00',1,1,11,6,0),(1999,36,4,45,'2024-02-14 18:15:00','2024-02-14 20:30:00',3,1,1,6,0),(2000,68,5,84,'2024-02-14 18:15:00','2024-02-14 19:45:00',7,1,2,6,0),(2001,28,2,16,'2024-02-14 19:45:00','2024-02-14 22:00:00',1,1,1,6,0),(2002,68,5,185,'2024-02-14 19:45:00','2024-02-14 22:00:00',1,1,4,6,0),(2003,36,6,17,'2024-02-14 20:30:00','2024-02-14 22:00:00',1,1,1,6,0),(2004,93,1,434,'2024-02-15 07:00:00','2024-02-15 13:00:00',1,1,12,6,0),(2005,9,1,416,'2024-02-15 07:45:00','2024-02-15 22:00:00',1,1,12,6,0),(2006,67,1,531,'2024-02-15 08:45:00','2024-02-15 10:15:00',8,1,14,6,0),(2007,9,1,429,'2024-02-15 18:15:00','2024-02-15 19:45:00',1,1,12,6,0),(2008,22,5,52,'2024-02-15 18:15:00','2024-02-15 19:45:00',1,1,1,6,0),(2009,26,5,59,'2024-02-15 18:30:00','2024-02-15 20:30:00',1,1,1,6,0),(2010,28,6,14,'2024-02-15 19:45:00','2024-02-15 22:00:00',1,1,1,6,0),(2011,34,1,444,'2024-02-15 19:45:00','2024-02-15 20:00:00',2,1,12,6,0),(2012,26,5,27,'2024-02-15 20:30:00','2024-02-15 22:00:00',1,1,1,6,0),(2013,16,1,397,'2024-02-16 07:00:00','2024-02-16 08:30:00',3,1,12,6,0),(2014,29,1,450,'2024-02-16 08:30:00','2024-02-16 10:00:00',8,1,11,6,0),(2015,29,1,503,'2024-02-16 10:00:00','2024-02-16 13:00:00',3,1,11,6,0),(2016,36,2,32,'2024-02-16 18:15:00','2024-02-16 20:30:00',1,1,1,6,0),(2017,29,1,426,'2024-02-16 18:15:00','2024-02-16 20:30:00',3,1,12,6,0),(2018,22,6,33,'2024-02-16 18:15:00','2024-02-16 20:30:00',1,1,1,6,0),(2019,23,7,35,'2024-02-16 18:15:00','2024-02-16 19:45:00',1,1,1,6,0),(2020,68,5,555,'2024-02-16 18:15:00','2024-02-16 19:45:00',2,1,8,6,0),(2021,68,5,13,'2024-02-16 18:15:00','2024-02-16 19:45:00',4,1,1,6,0),(2022,29,1,393,'2024-02-16 20:30:00','2024-02-16 22:00:00',6,1,12,6,0),(2023,22,6,39,'2024-02-16 20:30:00','2024-02-16 22:00:00',4,1,1,6,0),(2024,36,2,57,'2024-02-16 20:30:00','2024-02-16 22:00:00',1,1,1,6,0),(2025,23,1,55,'2024-02-17 02:15:00','2024-02-17 19:15:00',1,1,1,6,0),(2026,93,1,393,'2024-02-17 07:00:00','2024-02-17 13:00:00',1,1,12,6,0),(2027,23,6,29,'2024-02-17 07:15:00','2024-02-17 13:15:00',1,1,1,6,0),(2028,26,6,43,'2024-02-17 14:15:00','2024-02-17 18:45:00',1,1,1,6,0),(2029,28,2,44,'2024-02-17 14:15:00','2024-02-17 21:15:00',1,1,1,6,0),(2030,67,7,520,'2024-02-19 07:15:00','2024-02-19 08:45:00',6,1,14,6,0),(2031,67,7,551,'2024-02-19 10:15:00','2024-02-19 11:45:00',6,1,14,6,0),(2032,34,1,395,'2024-02-19 18:15:00','2024-02-19 20:30:00',3,1,12,6,0),(2033,22,6,45,'2024-02-19 18:15:00','2024-02-19 20:30:00',2,1,1,6,0),(2034,29,1,486,'2024-02-19 19:45:00','2024-02-19 22:00:00',12,1,11,6,0),(2035,34,1,444,'2024-02-19 20:30:00','2024-02-19 22:00:00',3,1,12,6,0),(2036,9,1,397,'2024-02-20 07:00:00','2024-02-20 13:00:00',12,1,12,6,0),(2037,67,7,531,'2024-02-20 07:38:00','2024-02-20 12:15:00',5,1,14,6,0),(2038,32,6,487,'2024-02-20 08:15:00','2024-02-20 10:15:00',5,1,11,6,0),(2039,23,2,16,'2024-02-20 18:15:00','2024-02-20 19:45:00',3,1,1,6,0),(2040,34,1,444,'2024-02-20 19:45:00','2024-02-20 22:00:00',3,1,12,6,0),(2041,18,6,503,'2024-02-20 19:45:00','2024-02-20 22:00:00',6,1,11,6,0),(2042,68,5,555,'2024-02-20 19:45:00','2024-02-20 22:00:00',2,1,8,6,0),(2043,23,2,17,'2024-02-20 20:30:00','2024-02-20 21:45:00',3,1,1,6,0),(2044,67,7,508,'2024-02-21 07:15:00','2024-02-21 08:45:00',8,1,14,6,0),(2045,67,7,551,'2024-02-21 08:45:00','2024-02-21 10:15:00',8,1,14,6,0),(2046,26,6,52,'2024-02-21 18:15:00','2024-02-21 20:30:00',1,1,1,6,0),(2047,36,7,59,'2024-02-21 18:15:00','2024-02-21 20:30:00',4,1,1,6,0),(2048,68,5,91,'2024-02-21 18:15:00','2024-02-21 19:45:00',11,1,2,6,0),(2049,28,2,14,'2024-02-21 19:45:00','2024-02-21 22:00:00',4,1,1,6,0),(2050,68,5,204,'2024-02-21 19:45:00','2024-02-21 22:00:00',1,1,4,6,0),(2051,23,6,27,'2024-02-21 20:30:00','2024-02-21 22:00:00',2,1,1,6,0),(2052,36,7,32,'2024-02-21 20:30:00','2024-02-21 00:00:00',1,1,1,6,0),(2053,9,7,416,'2024-02-22 07:00:00','2024-02-22 10:00:00',2,1,12,6,0),(2054,93,1,428,'2024-02-22 07:30:00','2024-02-22 13:00:00',8,1,12,6,0),(2055,9,1,434,'2024-02-22 18:15:00','2024-02-22 22:00:00',8,1,12,6,0),(2056,22,6,33,'2024-02-22 18:15:00','2024-02-22 19:45:00',4,1,1,6,0),(2057,26,2,35,'2024-02-22 18:15:00','2024-02-22 22:00:00',1,1,1,6,0),(2058,22,7,13,'2024-02-22 19:45:00','2024-02-22 22:00:00',1,1,1,6,0),(2059,28,6,39,'2024-02-22 19:45:00','2024-02-22 22:00:00',5,1,1,6,0),(2060,34,1,432,'2024-02-22 19:45:00','2024-02-22 22:00:00',2,1,12,6,0),(2061,29,1,482,'2024-02-22 20:30:00','2024-02-22 22:00:00',3,1,11,6,0),(2062,16,1,409,'2024-02-23 07:00:00','2024-02-23 08:30:00',4,1,12,6,0),(2063,29,1,426,'2024-02-23 08:30:00','2024-02-23 10:00:00',8,1,12,6,0),(2064,22,6,57,'2024-02-23 08:30:00','2024-02-23 22:00:00',5,1,1,6,0),(2065,29,1,429,'2024-02-23 10:00:00','2024-02-23 13:00:00',3,1,12,6,0),(2066,36,7,55,'2024-02-23 18:15:00','2024-02-23 20:30:00',3,1,1,6,0),(2067,29,1,397,'2024-02-23 18:15:00','2024-02-23 20:30:00',3,1,12,6,0),(2068,22,6,29,'2024-02-23 18:15:00','2024-02-23 20:30:00',1,1,1,6,0),(2069,23,7,43,'2024-02-23 18:15:00','2024-02-23 19:45:00',3,1,1,6,0),(2070,68,5,44,'2024-02-23 19:45:00','2024-02-23 22:00:00',2,1,1,6,0),(2071,23,7,45,'2024-02-23 20:30:00','2024-02-23 22:00:00',1,1,1,6,0),(2072,29,1,437,'2024-02-23 20:30:00','2024-02-23 22:00:00',6,1,12,6,0),(2073,36,2,16,'2024-02-23 20:30:00','2024-02-23 22:00:00',3,1,1,6,0),(2074,93,1,434,'2024-02-24 07:00:00','2024-02-24 13:00:00',6,1,12,6,0),(2075,23,7,17,'2024-02-24 07:15:00','2024-02-24 13:15:00',1,1,1,6,0),(2076,68,6,204,'2024-02-24 07:15:00','2024-02-24 13:00:00',2,1,4,6,0),(2077,8,5,186,'2024-02-24 10:00:00','2024-02-24 19:15:00',3,1,4,6,0),(2078,26,6,52,'2024-02-24 14:15:00','2024-02-24 19:15:00',2,1,1,6,0),(2079,28,2,59,'2024-02-24 14:15:00','2024-02-24 19:15:00',1,1,1,6,0),(2080,22,7,14,'2024-02-24 14:15:00','2024-02-24 19:15:00',1,1,1,6,0),(2081,23,3,27,'2024-02-24 14:15:00','2024-02-24 19:15:00',1,1,1,6,0),(2082,68,7,87,'2024-02-24 14:15:00','2024-02-24 19:15:00',10,1,2,6,0),(2083,18,1,486,'2024-02-24 14:15:00','2024-02-24 19:15:00',1,1,11,6,0),(2084,19,3,124,'2024-02-24 16:30:00','2024-02-24 18:30:00',28,1,2,6,0),(2085,34,1,426,'2024-02-26 18:15:00','2024-02-26 20:30:00',3,1,12,6,0),(2086,22,6,32,'2024-02-26 18:15:00','2024-02-26 20:30:00',2,1,1,6,0),(2087,34,1,444,'2024-02-26 20:30:00','2024-02-26 22:00:00',2,1,12,6,0),(2088,9,1,409,'2024-02-27 07:00:00','2024-02-27 13:00:00',9,1,12,6,0),(2089,16,1,397,'2024-02-27 18:15:00','2024-02-27 19:45:00',4,1,12,6,0),(2090,23,2,33,'2024-02-27 18:15:00','2024-02-27 19:45:00',3,1,1,6,0),(2091,68,5,555,'2024-02-27 18:15:00','2024-02-27 22:00:00',2,1,8,6,0),(2092,34,1,444,'2024-02-27 19:45:00','2024-02-27 22:00:00',3,1,12,6,0),(2093,18,6,470,'2024-02-27 19:45:00','2024-02-27 21:15:00',1,1,11,6,0),(2094,67,7,508,'2024-02-28 07:15:00','2024-02-28 08:45:00',1,1,14,6,0),(2095,67,7,510,'2024-02-28 08:45:00','2024-02-28 10:15:00',1,1,14,6,0),(2096,36,7,35,'2024-02-28 18:15:00','2024-02-28 20:30:00',4,1,1,6,0),(2097,68,5,555,'2024-02-28 18:15:00','2024-02-28 19:45:00',10,1,8,6,0),(2098,28,6,13,'2024-02-28 19:45:00','2024-02-28 22:00:00',7,1,1,6,0),(2099,68,5,186,'2024-02-28 19:45:00','2024-02-28 22:00:00',1,1,4,6,0),(2100,18,1,551,'2024-02-28 20:30:00','2024-02-28 22:00:00',1,1,11,6,0),(2101,23,6,39,'2024-02-28 20:30:00','2024-02-28 22:00:00',1,1,1,6,0),(2102,36,7,57,'2024-02-28 20:30:00','2024-02-28 22:00:00',1,1,1,6,0),(2103,93,1,414,'2024-02-29 07:00:00','2024-02-29 13:00:00',8,1,12,6,0),(2104,34,1,409,'2024-02-29 07:45:00','2024-02-29 10:00:00',2,1,12,6,0),(2105,26,2,55,'2024-02-29 18:15:00','2024-02-29 22:00:00',1,1,1,6,0),(2106,69,6,73,'2024-02-29 18:15:00','2024-02-29 20:30:00',8,1,2,6,0),(2107,9,1,397,'2024-02-29 18:15:00','2024-02-29 22:00:00',8,1,12,6,0),(2108,22,6,29,'2024-02-29 18:15:00','2024-02-29 19:45:00',4,1,1,6,0),(2109,22,6,43,'2024-02-29 19:45:00','2024-02-29 22:00:00',1,1,1,6,0),(2110,28,6,44,'2024-02-29 19:45:00','2024-02-29 22:00:00',5,1,1,6,0),(2111,29,1,487,'2024-02-29 20:30:00','2024-02-29 22:00:00',2,1,11,6,0),(2112,69,6,66,'2024-02-29 20:30:00','2024-02-29 22:00:00',9,1,2,6,0),(2113,9,1,434,'2024-03-01 07:00:00','2024-03-01 13:00:00',3,1,12,6,0),(2114,16,1,429,'2024-03-01 07:00:00','2024-03-01 08:30:00',4,1,12,6,0),(2115,29,1,397,'2024-03-01 08:30:00','2024-03-01 10:00:00',8,1,12,6,0),(2116,29,1,395,'2024-03-01 10:00:00','2024-03-01 13:00:00',3,1,12,6,0),(2117,29,1,397,'2024-03-01 18:15:00','2024-03-01 20:30:00',3,1,12,6,0),(2118,22,6,45,'2024-03-01 18:15:00','2024-03-01 20:30:00',1,1,1,6,0),(2119,23,7,16,'2024-03-01 18:15:00','2024-03-01 20:30:00',3,1,1,6,0),(2120,29,1,437,'2024-03-01 20:30:00','2024-03-01 22:00:00',6,1,12,6,0),(2121,22,6,17,'2024-03-01 20:30:00','2024-03-01 22:00:00',5,1,1,6,0),(2122,18,1,483,'2024-03-02 02:15:00','2024-03-02 19:00:00',1,1,11,6,0),(2123,68,5,185,'2024-03-02 07:15:00','2024-03-02 13:00:00',2,1,4,6,0),(2124,93,1,435,'2024-03-02 07:30:00','2024-03-02 13:00:00',6,1,12,6,0),(2125,23,2,52,'2024-03-02 07:30:00','2024-03-02 13:00:00',1,1,1,6,0),(2126,8,4,154,'2024-03-02 08:30:00','2024-03-02 13:15:00',4,1,4,6,0),(2127,26,6,59,'2024-03-02 14:15:00','2024-03-02 19:15:00',2,1,1,6,0),(2128,69,5,124,'2024-03-02 14:15:00','2024-03-02 19:00:00',6,1,2,6,0),(2129,23,2,14,'2024-03-02 14:15:00','2024-03-02 19:00:00',1,1,1,6,0),(2130,8,3,206,'2024-03-02 14:15:00','2024-03-02 19:00:00',12,1,4,6,0),(2131,68,7,73,'2024-03-02 14:15:00','2024-03-02 19:00:00',7,1,2,6,0),(2132,67,7,520,'2024-03-04 07:15:00','2024-03-04 10:00:00',1,1,14,6,0),(2133,67,7,531,'2024-03-04 10:15:00','2024-03-04 11:15:00',1,1,14,6,0),(2134,29,7,487,'2024-03-04 18:15:00','2024-03-04 19:45:00',1,1,11,6,0),(2135,34,1,414,'2024-03-04 18:15:00','2024-03-04 20:30:00',3,1,12,6,0),(2136,29,7,428,'2024-03-04 19:45:00','2024-03-04 20:30:00',2,1,12,6,0),(2137,34,1,444,'2024-03-04 20:30:00','2024-03-04 22:00:00',2,1,12,6,0),(2138,29,7,483,'2024-03-04 20:30:00','2024-03-04 22:00:00',10,1,11,6,0),(2139,32,6,496,'2024-03-05 06:15:00','2024-03-05 19:45:00',12,1,11,6,0),(2140,67,7,520,'2024-03-05 07:15:00','2024-03-05 12:15:00',5,1,14,6,0),(2141,18,6,470,'2024-03-05 07:45:00','2024-03-05 22:00:00',1,1,11,6,0),(2142,32,6,496,'2024-03-05 08:30:00','2024-03-05 10:30:00',4,1,11,6,0),(2143,23,2,27,'2024-03-05 18:15:00','2024-03-05 19:45:00',3,1,1,6,0),(2144,9,1,420,'2024-03-05 18:15:00','2024-03-05 19:45:00',8,1,12,6,0),(2145,68,5,555,'2024-03-05 18:15:00','2024-03-05 19:45:00',2,1,8,6,0),(2146,34,1,444,'2024-03-05 19:45:00','2024-03-05 22:00:00',3,1,12,6,0),(2147,68,5,555,'2024-03-05 19:45:00','2024-03-05 22:00:00',2,1,8,6,0),(2148,67,7,514,'2024-03-06 07:15:00','2024-03-06 08:45:00',1,1,14,6,0),(2149,67,6,550,'2024-03-06 07:15:00','2024-03-06 12:15:00',5,1,14,6,0),(2150,67,7,542,'2024-03-06 08:45:00','2024-03-06 10:15:00',1,1,14,6,0),(2151,65,1,531,'2024-03-06 09:00:00','2024-03-06 10:30:00',3,1,14,6,0),(2152,36,7,32,'2024-03-06 18:15:00','2024-03-06 20:30:00',4,1,1,6,0),(2153,68,5,120,'2024-03-06 18:15:00','2024-03-06 19:45:00',7,1,2,6,0),(2154,18,1,496,'2024-03-06 18:15:00','2024-03-06 22:00:00',6,1,11,6,0),(2155,28,2,33,'2024-03-06 19:45:00','2024-03-06 22:00:00',4,1,1,6,0),(2156,68,5,254,'2024-03-06 19:45:00','2024-03-06 22:00:00',1,1,4,6,0),(2157,23,7,35,'2024-03-06 20:30:00','2024-03-06 22:00:00',1,1,1,6,0),(2158,36,7,13,'2024-03-06 20:30:00','2024-03-06 22:00:00',4,1,1,6,0),(2159,93,1,426,'2024-03-07 07:30:00','2024-03-07 13:00:00',8,1,12,6,0),(2160,26,6,39,'2024-03-07 17:00:00','2024-03-07 22:00:00',1,1,1,6,0),(2161,9,1,420,'2024-03-07 18:15:00','2024-03-07 22:00:00',8,1,12,6,0),(2162,22,7,57,'2024-03-07 18:15:00','2024-03-07 19:45:00',3,1,1,6,0),(2163,22,6,55,'2024-03-07 19:45:00','2024-03-07 22:00:00',1,1,1,6,0),(2164,28,7,29,'2024-03-07 19:45:00','2024-03-07 22:00:00',5,1,1,6,0),(2165,34,1,414,'2024-03-07 19:45:00','2024-03-07 22:00:00',2,1,12,6,0),(2166,9,6,393,'2024-03-08 07:00:00','2024-03-08 10:00:00',2,1,12,6,0),(2167,16,1,397,'2024-03-08 07:00:00','2024-03-08 08:30:00',4,1,12,6,0),(2168,29,1,409,'2024-03-08 08:30:00','2024-03-08 10:00:00',8,1,12,6,0),(2169,29,1,420,'2024-03-08 10:00:00','2024-03-08 13:00:00',3,1,12,6,0),(2170,29,1,416,'2024-03-08 18:15:00','2024-03-08 20:30:00',3,1,12,6,0),(2171,22,6,43,'2024-03-08 18:15:00','2024-03-08 20:30:00',1,1,1,6,0),(2172,23,7,44,'2024-03-08 18:15:00','2024-03-08 19:45:00',3,1,1,6,0),(2173,23,7,45,'2024-03-08 20:30:00','2024-03-08 22:00:00',1,1,1,6,0),(2174,29,1,420,'2024-03-08 20:30:00','2024-03-08 22:00:00',6,1,12,6,0),(2175,22,6,16,'2024-03-08 20:30:00','2024-03-08 22:00:00',5,1,1,6,0),(2176,25,7,510,'2024-03-09 02:15:00','2024-03-09 06:45:00',5,1,14,6,0),(2177,13,3,95,'2024-03-09 07:30:00','2024-03-09 12:00:00',15,1,2,6,0),(2178,67,7,520,'2024-03-09 08:15:00','2024-03-09 10:00:00',1,1,14,6,0),(2179,8,5,186,'2024-03-09 10:00:00','2024-03-09 12:00:00',5,1,4,6,0),(2180,67,7,550,'2024-03-09 10:15:00','2024-03-09 11:45:00',1,1,14,6,0),(2181,26,6,17,'2024-03-09 14:15:00','2024-03-09 19:00:00',2,1,1,6,0),(2182,28,2,52,'2024-03-09 14:15:00','2024-03-09 20:00:00',1,1,1,6,0),(2183,68,1,101,'2024-03-09 14:15:00','2024-03-09 19:00:00',7,1,2,6,0),(2184,29,7,483,'2024-03-11 18:15:00','2024-03-11 19:45:00',1,1,11,6,0),(2185,34,1,444,'2024-03-11 18:15:00','2024-03-11 20:30:00',3,1,12,6,0),(2186,22,6,59,'2024-03-11 18:15:00','2024-03-11 20:30:00',3,1,1,6,0),(2187,29,7,428,'2024-03-11 19:45:00','2024-03-11 20:30:00',2,1,12,6,0),(2188,29,7,470,'2024-03-11 20:30:00','2024-03-11 22:00:00',10,1,11,6,0),(2189,32,6,470,'2024-03-12 06:15:00','2024-03-12 07:45:00',12,1,11,6,0),(2190,32,6,496,'2024-03-12 08:30:00','2024-03-12 10:00:00',4,1,11,6,0),(2191,68,5,555,'2024-03-12 18:15:00','2024-03-12 19:45:00',2,1,8,6,0),(2192,23,2,14,'2024-03-12 18:15:00','2024-03-12 19:45:00',3,1,1,6,0),(2193,34,1,444,'2024-03-12 19:45:00','2024-03-12 22:00:00',3,1,12,6,0),(2194,23,2,27,'2024-03-12 19:45:00','2024-03-12 22:00:00',3,1,1,6,0),(2195,18,6,397,'2024-03-12 19:45:00','2024-03-12 22:00:00',1,1,12,6,0),(2196,68,5,555,'2024-03-12 19:45:00','2024-03-12 22:00:00',2,1,8,6,0),(2197,65,6,550,'2024-03-13 09:45:00','2024-03-13 10:45:00',3,1,14,6,0),(2198,36,7,32,'2024-03-13 18:15:00','2024-03-13 20:30:00',4,1,1,6,0),(2199,68,5,91,'2024-03-13 18:15:00','2024-03-13 19:45:00',9,1,2,6,0),(2200,18,1,486,'2024-03-13 18:15:00','2024-03-13 19:45:00',5,1,11,6,0),(2201,28,2,33,'2024-03-13 19:45:00','2024-03-13 22:00:00',7,1,1,6,0),(2202,18,1,486,'2024-03-13 19:45:00','2024-03-13 22:00:00',14,1,11,6,0),(2203,68,5,300,'2024-03-13 19:45:00','2024-03-13 22:00:00',2,1,4,6,0),(2204,26,6,35,'2024-03-14 18:15:00','2024-03-14 20:45:00',1,1,1,6,0),(2205,9,1,393,'2024-03-14 18:15:00','2024-03-14 22:00:00',4,1,12,6,0),(2206,22,7,13,'2024-03-14 18:15:00','2024-03-14 19:45:00',5,1,1,6,0),(2207,22,7,39,'2024-03-14 19:45:00','2024-03-14 22:00:00',1,1,1,6,0),(2208,28,6,57,'2024-03-14 19:45:00','2024-03-14 22:00:00',5,1,1,6,0),(2209,34,1,400,'2024-03-14 19:45:00','2024-03-14 22:00:00',2,1,12,6,0),(2210,26,6,55,'2024-03-14 20:30:00','2024-03-14 22:00:00',4,1,1,6,0),(2211,29,1,487,'2024-03-14 20:30:00','2024-03-14 22:00:00',2,1,11,6,0),(2212,69,5,84,'2024-03-14 20:30:00','2024-03-14 22:00:00',6,1,2,6,0),(2213,29,1,395,'2024-03-15 08:30:00','2024-03-15 10:00:00',8,1,12,6,0),(2214,29,1,429,'2024-03-15 10:00:00','2024-03-15 13:00:00',3,1,12,6,0),(2215,29,1,397,'2024-03-15 18:15:00','2024-03-15 20:30:00',3,1,12,6,0),(2216,22,6,29,'2024-03-15 18:15:00','2024-03-15 20:30:00',1,1,1,6,0),(2217,23,7,43,'2024-03-15 18:15:00','2024-03-15 19:45:00',3,1,1,6,0),(2218,68,5,44,'2024-03-15 19:45:00','2024-03-15 22:00:00',2,1,1,6,0),(2219,29,1,416,'2024-03-15 20:30:00','2024-03-15 22:00:00',6,1,12,6,0),(2220,22,6,45,'2024-03-15 20:30:00','2024-03-15 22:00:00',5,1,1,6,0),(2221,93,1,487,'2024-03-16 07:30:00','2024-03-16 12:30:00',6,1,11,6,0),(2222,30,7,300,'2024-03-16 11:00:00','2024-03-16 13:00:00',4,1,4,6,0),(2223,26,6,16,'2024-03-16 12:00:00','2024-03-16 14:00:00',6,1,1,6,0),(2224,69,6,78,'2024-03-16 15:30:00','2024-03-16 18:30:00',8,1,2,6,0),(2225,8,2,202,'2024-03-16 16:30:00','2024-03-16 18:00:00',10,1,4,6,0),(2226,67,7,520,'2024-03-18 08:15:00','2024-03-18 10:00:00',6,1,14,6,0),(2227,67,7,550,'2024-03-18 10:00:00','2024-03-18 11:45:00',4,1,14,6,0),(2228,34,1,429,'2024-03-18 18:15:00','2024-03-18 20:30:00',3,1,12,6,0),(2229,22,6,17,'2024-03-18 18:15:00','2024-03-18 20:30:00',2,1,1,6,0),(2230,32,6,482,'2024-03-19 06:15:00','2024-03-19 07:45:00',12,1,11,6,0),(2231,9,1,428,'2024-03-19 07:00:00','2024-03-19 12:15:00',8,1,12,6,0),(2232,18,6,420,'2024-03-19 07:45:00','2024-03-19 10:00:00',1,1,12,6,0),(2233,32,6,551,'2024-03-19 08:30:00','2024-03-19 10:00:00',4,1,11,6,0),(2234,98,1,254,'2024-03-19 15:30:00','2024-03-19 17:00:00',14,1,4,6,0),(2235,41,3,292,'2024-03-19 18:15:00','2024-03-19 19:45:00',4,1,6,6,0),(2236,16,1,429,'2024-03-19 18:15:00','2024-03-19 19:45:00',5,1,12,6,0),(2237,68,7,555,'2024-03-19 18:15:00','2024-03-19 19:45:00',2,1,8,6,0),(2238,23,2,52,'2024-03-19 18:15:00','2024-03-19 19:45:00',3,1,1,6,0),(2239,34,1,444,'2024-03-19 19:45:00','2024-03-19 22:00:00',3,1,12,6,0),(2240,23,2,59,'2024-03-19 19:45:00','2024-03-19 21:45:00',3,1,1,6,0),(2241,68,7,555,'2024-03-19 19:45:00','2024-03-19 22:00:00',2,1,8,6,0),(2242,36,7,14,'2024-03-20 06:15:00','2024-03-20 08:30:00',4,1,1,6,0),(2243,18,1,471,'2024-03-20 06:30:00','2024-03-20 22:00:00',1,1,11,6,0),(2244,67,7,520,'2024-03-20 07:15:00','2024-03-20 08:45:00',8,1,14,6,0),(2245,67,7,542,'2024-03-20 08:45:00','2024-03-20 10:15:00',8,1,14,6,0),(2246,68,6,95,'2024-03-20 18:15:00','2024-03-20 19:45:00',7,1,2,6,0),(2247,28,2,27,'2024-03-20 19:45:00','2024-03-20 22:00:00',7,1,1,6,0),(2248,68,3,185,'2024-03-21 06:15:00','2024-03-21 08:30:00',4,1,4,6,0),(2249,93,1,432,'2024-03-21 07:30:00','2024-03-21 12:00:00',6,1,12,6,0),(2250,22,6,32,'2024-03-21 18:15:00','2024-03-21 19:45:00',4,1,1,6,0),(2251,22,6,33,'2024-03-21 19:45:00','2024-03-21 22:00:00',1,1,1,6,0),(2252,28,7,35,'2024-03-21 19:45:00','2024-03-21 22:00:00',5,1,1,6,0),(2253,34,1,409,'2024-03-21 19:45:00','2024-03-21 22:00:00',2,1,12,6,0),(2254,68,3,202,'2024-03-21 20:30:00','2024-03-21 22:00:00',4,1,4,6,0),(2255,80,5,101,'2024-03-21 20:30:00','2024-03-21 22:00:00',8,1,2,6,0),(2256,8,5,206,'2024-03-22 14:15:00','2024-03-22 17:30:00',11,1,4,6,0),(2257,29,1,428,'2024-03-22 18:15:00','2024-03-22 20:30:00',3,1,12,6,0),(2258,22,6,13,'2024-03-22 18:15:00','2024-03-22 20:30:00',1,1,1,6,0),(2259,23,7,39,'2024-03-22 18:15:00','2024-03-22 19:45:00',3,1,1,6,0),(2260,23,7,57,'2024-03-22 20:30:00','2024-03-22 22:00:00',1,1,1,6,0),(2261,29,1,437,'2024-03-22 20:30:00','2024-03-22 22:00:00',6,1,12,6,0),(2262,22,6,55,'2024-03-22 20:30:00','2024-03-22 22:00:00',4,1,1,6,0),(2263,20,6,101,'2024-03-23 11:00:00','2024-03-23 13:15:00',11,1,2,6,0),(2264,23,7,29,'2024-03-23 14:15:00','2024-03-23 19:15:00',1,1,1,6,0),(2265,41,6,185,'2024-03-23 16:41:00','2024-03-23 18:30:00',1,1,4,6,0),(2266,27,6,508,'2024-04-01 07:30:00','2024-04-01 11:10:00',3,1,14,6,0),(2267,67,7,520,'2024-04-01 08:30:00','2024-04-01 10:00:00',8,1,14,6,0),(2268,67,7,531,'2024-04-01 10:00:00','2024-04-01 11:45:00',4,1,14,6,0),(2269,29,7,487,'2024-04-01 18:15:00','2024-04-01 19:45:00',1,1,11,6,0),(2270,34,1,437,'2024-04-01 18:15:00','2024-04-01 20:30:00',3,1,12,6,0),(2271,22,6,43,'2024-04-01 18:15:00','2024-04-01 20:30:00',2,1,1,6,0),(2272,29,7,434,'2024-04-01 19:45:00','2024-04-01 20:30:00',2,1,12,6,0),(2273,29,7,483,'2024-04-01 20:30:00','2024-04-01 22:00:00',10,1,11,6,0),(2274,34,1,400,'2024-04-01 20:30:00','2024-04-01 22:00:00',2,1,12,6,0),(2275,9,1,409,'2024-04-02 07:00:00','2024-04-02 12:15:00',10,1,12,6,0),(2276,93,2,434,'2024-04-02 07:30:00','2024-04-02 13:00:00',8,1,12,6,0),(2277,32,6,450,'2024-04-02 08:30:00','2024-04-02 10:00:00',4,1,11,6,0),(2278,5,6,550,'2024-04-02 10:00:00','2024-04-02 12:00:00',4,1,14,6,0),(2279,16,1,416,'2024-04-02 18:15:00','2024-04-02 19:45:00',5,1,12,6,0),(2280,68,7,555,'2024-04-02 18:15:00','2024-04-02 19:45:00',2,1,8,6,0),(2281,23,2,44,'2024-04-02 18:15:00','2024-04-02 19:45:00',3,1,1,6,0),(2282,34,1,444,'2024-04-02 19:45:00','2024-04-02 22:00:00',3,1,12,6,0),(2283,18,6,395,'2024-04-02 19:45:00','2024-04-02 22:00:00',7,1,12,6,0),(2284,68,7,555,'2024-04-02 19:45:00','2024-04-02 22:00:00',2,1,8,6,0),(2285,23,2,45,'2024-04-02 20:30:00','2024-04-02 22:00:00',3,1,1,6,0),(2286,18,1,486,'2024-04-03 06:15:00','2024-04-03 19:45:00',5,1,11,6,0),(2287,67,7,551,'2024-04-03 07:00:00','2024-04-03 08:45:00',8,1,14,6,0),(2288,18,1,487,'2024-04-03 07:45:00','2024-04-03 21:30:00',15,1,11,6,0),(2289,67,7,542,'2024-04-03 08:45:00','2024-04-03 10:00:00',8,1,14,6,0),(2290,64,3,154,'2024-04-03 18:15:00','2024-04-03 20:15:00',4,1,4,6,0),(2291,28,2,16,'2024-04-03 19:45:00','2024-04-03 22:00:00',7,1,1,6,0),(2292,29,1,470,'2024-04-03 20:30:00','2024-04-03 22:00:00',2,1,11,6,0),(2293,64,3,254,'2024-04-03 20:30:00','2024-04-03 22:00:00',4,1,4,6,0),(2294,26,3,17,'2024-04-04 18:15:00','2024-04-04 20:30:00',1,1,1,6,0),(2295,9,1,393,'2024-04-04 18:15:00','2024-04-04 22:00:00',8,1,12,6,0),(2296,22,6,52,'2024-04-04 18:15:00','2024-04-04 19:45:00',4,1,1,6,0),(2297,22,6,59,'2024-04-04 19:45:00','2024-04-04 22:00:00',1,1,1,6,0),(2298,28,7,14,'2024-04-04 19:45:00','2024-04-04 22:00:00',5,1,1,6,0),(2299,34,1,444,'2024-04-04 19:45:00','2024-04-04 22:00:00',2,1,12,6,0),(2300,69,5,95,'2024-04-04 20:30:00','2024-04-04 22:00:00',7,1,2,6,0),(2301,9,1,448,'2024-04-05 07:00:00','2024-04-05 10:45:00',2,1,12,6,0),(2302,16,1,432,'2024-04-05 07:00:00','2024-04-05 08:30:00',4,1,12,6,0),(2303,29,1,435,'2024-04-05 08:30:00','2024-04-05 10:00:00',8,1,12,6,0),(2304,29,1,435,'2024-04-05 10:00:00','2024-04-05 13:00:00',3,1,12,6,0),(2305,29,1,414,'2024-04-05 18:15:00','2024-04-05 20:30:00',3,1,12,6,0),(2306,37,2,120,'2024-04-05 18:15:00','2024-04-05 22:00:00',1,1,2,6,0),(2307,22,6,27,'2024-04-05 18:15:00','2024-04-05 20:30:00',1,1,1,6,0),(2308,23,7,32,'2024-04-05 18:15:00','2024-04-05 19:45:00',3,1,1,6,0),(2309,23,7,33,'2024-04-05 20:00:00','2024-04-05 22:00:00',1,1,1,6,0),(2310,29,1,426,'2024-04-05 20:30:00','2024-04-05 22:00:00',6,1,12,6,0),(2311,22,6,35,'2024-04-05 20:30:00','2024-04-05 22:00:00',5,1,1,6,0),(2312,84,5,556,'2024-04-06 02:45:00','2024-04-06 18:00:00',7,1,15,6,0),(2313,8,2,186,'2024-04-06 07:15:00','2024-04-06 17:00:00',11,1,4,6,0),(2314,93,1,551,'2024-04-06 07:30:00','2024-04-06 13:00:00',6,1,11,6,0),(2315,37,2,87,'2024-04-06 07:30:00','2024-04-06 13:00:00',9,1,2,6,0),(2316,69,5,78,'2024-04-06 14:00:00','2024-04-06 18:00:00',32,1,2,6,0),(2317,26,6,13,'2024-04-06 14:00:00','2024-04-06 17:00:00',11,1,1,6,0),(2318,32,7,483,'2024-04-08 06:15:00','2024-04-08 07:45:00',3,1,11,6,0),(2319,34,1,409,'2024-04-08 18:15:00','2024-04-08 20:30:00',3,1,12,6,0),(2320,22,6,39,'2024-04-08 18:15:00','2024-04-08 20:30:00',2,1,1,6,0),(2321,29,1,482,'2024-04-08 19:45:00','2024-04-08 22:00:00',10,1,11,6,0),(2322,34,1,397,'2024-04-08 20:30:00','2024-04-08 22:00:00',2,1,12,6,0),(2323,16,1,432,'2024-04-09 00:00:00','2024-04-09 19:45:00',5,1,12,6,0),(2324,9,1,426,'2024-04-09 07:00:00','2024-04-09 12:45:00',10,1,12,6,0),(2325,32,6,503,'2024-04-09 08:30:00','2024-04-09 10:00:00',4,1,11,6,0),(2326,41,3,292,'2024-04-09 18:00:00','2024-04-09 19:45:00',5,1,6,6,0),(2327,68,5,555,'2024-04-09 18:00:00','2024-04-09 19:45:00',2,1,8,6,0),(2328,23,2,57,'2024-04-09 18:15:00','2024-04-09 19:45:00',3,1,1,6,0),(2329,6,7,142,'2024-04-09 18:30:00','2024-04-09 19:45:00',18,1,3,6,0),(2330,34,1,444,'2024-04-09 19:45:00','2024-04-09 22:00:00',3,1,12,6,0),(2331,18,6,393,'2024-04-09 19:45:00','2024-04-09 21:30:00',7,1,12,6,0),(2332,68,5,555,'2024-04-09 19:45:00','2024-04-09 22:00:00',2,1,8,6,0),(2333,23,2,55,'2024-04-09 20:30:00','2024-04-09 22:00:00',3,1,1,6,0),(2334,36,7,29,'2024-04-10 06:30:00','2024-04-10 08:30:00',4,1,1,6,0),(2335,93,1,426,'2024-04-10 07:30:00','2024-04-10 13:00:00',6,1,12,6,0),(2336,68,6,78,'2024-04-10 18:00:00','2024-04-10 19:45:00',9,1,2,6,0),(2337,18,1,496,'2024-04-10 18:15:00','2024-04-10 20:15:00',4,1,11,6,0),(2338,28,2,43,'2024-04-10 19:45:00','2024-04-10 22:00:00',7,1,1,6,0),(2339,6,6,137,'2024-04-10 19:45:00','2024-04-10 22:00:00',22,1,3,6,0),(2340,68,6,202,'2024-04-10 19:45:00','2024-04-10 22:00:00',1,1,4,6,0),(2341,18,1,470,'2024-04-10 20:15:00','2024-04-10 22:00:00',15,1,11,6,0),(2342,23,7,44,'2024-04-10 20:30:00','2024-04-10 22:00:00',1,1,1,6,0),(2343,26,6,45,'2024-04-11 18:15:00','2024-04-11 20:30:00',5,1,1,6,0),(2344,64,3,202,'2024-04-11 18:15:00','2024-04-11 20:30:00',4,1,4,6,0),(2345,69,5,91,'2024-04-11 18:15:00','2024-04-11 20:30:00',7,1,2,6,0),(2346,9,1,444,'2024-04-11 18:15:00','2024-04-11 22:00:00',8,1,12,6,0),(2347,22,6,16,'2024-04-11 18:15:00','2024-04-11 19:45:00',4,1,1,6,0),(2348,34,1,448,'2024-04-11 19:45:00','2024-04-11 22:00:00',2,1,12,6,0),(2349,22,6,17,'2024-04-11 19:45:00','2024-04-11 22:00:00',1,1,1,6,0),(2350,28,2,52,'2024-04-11 19:45:00','2024-04-11 22:00:00',5,1,1,6,0),(2351,26,6,59,'2024-04-11 20:30:00','2024-04-11 22:00:00',5,1,1,6,0),(2352,64,3,185,'2024-04-11 20:30:00','2024-04-11 22:00:00',4,1,4,6,0),(2353,9,7,393,'2024-04-12 07:00:00','2024-04-12 12:00:00',2,1,12,6,0),(2354,16,1,435,'2024-04-12 07:00:00','2024-04-12 08:30:00',4,1,12,6,0),(2355,29,1,414,'2024-04-12 08:30:00','2024-04-12 10:00:00',8,1,12,6,0),(2356,29,1,420,'2024-04-12 10:00:00','2024-04-12 13:00:00',3,1,12,6,0),(2357,29,1,409,'2024-04-12 18:15:00','2024-04-12 20:30:00',3,1,12,6,0),(2358,37,4,87,'2024-04-12 18:15:00','2024-04-12 22:00:00',9,1,2,6,0),(2359,22,6,14,'2024-04-12 18:15:00','2024-04-12 20:30:00',1,1,1,6,0),(2360,23,7,27,'2024-04-12 18:15:00','2024-04-12 19:45:00',3,1,1,6,0),(2361,6,5,128,'2024-04-12 18:15:00','2024-04-12 20:30:00',20,1,3,6,0),(2362,23,7,32,'2024-04-12 20:30:00','2024-04-12 22:00:00',1,1,1,6,0),(2363,29,1,444,'2024-04-12 20:30:00','2024-04-12 22:00:00',6,1,12,6,0),(2364,22,6,33,'2024-04-12 20:30:00','2024-04-12 22:00:00',3,1,1,6,0),(2365,67,7,542,'2024-04-13 02:15:00','2024-04-13 07:15:00',6,1,14,6,0),(2366,18,1,496,'2024-04-13 02:15:00','2024-04-13 18:30:00',4,1,11,6,0),(2367,37,4,87,'2024-04-13 07:15:00','2024-04-13 13:00:00',9,1,2,6,0),(2368,32,1,496,'2024-04-13 07:15:00','2024-04-13 13:00:00',4,1,11,6,0),(2369,26,6,35,'2024-04-13 14:15:00','2024-04-13 18:30:00',6,1,1,6,0),(2370,29,7,496,'2024-04-15 18:15:00','2024-04-15 19:45:00',1,1,11,6,0),(2371,34,1,448,'2024-04-15 18:15:00','2024-04-15 20:30:00',3,1,12,6,0),(2372,22,6,13,'2024-04-15 18:15:00','2024-04-15 20:30:00',1,1,1,6,0),(2373,29,7,420,'2024-04-15 19:45:00','2024-04-15 20:30:00',2,1,12,6,0),(2374,29,7,483,'2024-04-15 20:30:00','2024-04-15 22:00:00',10,1,11,6,0),(2375,32,6,486,'2024-04-16 08:30:00','2024-04-16 10:00:00',4,1,11,6,0),(2376,16,1,397,'2024-04-16 18:15:00','2024-04-16 19:45:00',5,1,12,6,0),(2377,68,7,555,'2024-04-16 18:15:00','2024-04-16 19:45:00',2,1,8,6,0),(2378,32,6,450,'2024-04-16 18:15:00','2024-04-16 19:45:00',12,1,11,6,0),(2379,6,5,142,'2024-04-16 18:30:00','2024-04-16 20:20:00',18,1,3,6,0),(2380,34,1,444,'2024-04-16 19:45:00','2024-04-16 22:00:00',3,1,12,6,0),(2381,18,6,482,'2024-04-16 19:45:00','2024-04-16 21:15:00',7,1,11,6,0),(2382,68,7,555,'2024-04-16 19:45:00','2024-04-16 22:00:00',2,1,8,6,0),(2383,68,5,520,'2024-04-17 07:15:00','2024-04-17 13:00:00',1,1,4,6,0),(2384,67,7,542,'2024-04-17 07:15:00','2024-04-17 08:45:00',1,1,14,6,0),(2385,67,7,510,'2024-04-17 08:45:00','2024-04-17 10:15:00',1,1,14,6,0),(2386,22,7,39,'2024-04-17 14:15:00','2024-04-17 19:15:00',1,1,1,6,0),(2387,68,7,84,'2024-04-17 14:15:00','2024-04-17 19:00:00',9,1,2,6,0),(2388,68,6,124,'2024-04-17 18:15:00','2024-04-17 19:45:00',9,1,2,6,0),(2389,18,1,483,'2024-04-17 18:15:00','2024-04-17 20:15:00',4,1,11,6,0),(2390,36,7,57,'2024-04-17 18:30:00','2024-04-17 20:20:00',4,1,1,6,0),(2391,28,2,55,'2024-04-17 19:45:00','2024-04-17 22:00:00',7,1,1,6,0),(2392,68,6,154,'2024-04-17 19:45:00','2024-04-17 22:00:00',1,1,4,6,0),(2393,6,6,137,'2024-04-17 19:45:00','2024-04-17 21:30:00',18,1,3,6,0),(2394,18,1,470,'2024-04-17 20:15:00','2024-04-17 22:00:00',12,1,11,6,0),(2395,29,1,487,'2024-04-17 20:30:00','2024-04-17 22:00:00',2,1,11,6,0),(2396,23,7,29,'2024-04-17 20:30:00','2024-04-17 22:00:00',1,1,1,6,0),(2397,93,1,437,'2024-04-18 07:30:00','2024-04-18 13:00:00',6,1,12,6,0),(2398,18,7,450,'2024-04-18 10:00:00','2024-04-18 11:30:00',3,1,11,6,0),(2399,64,3,185,'2024-04-18 18:15:00','2024-04-18 20:30:00',4,1,4,6,0),(2400,69,7,70,'2024-04-18 18:15:00','2024-04-18 20:30:00',6,1,2,6,0),(2401,64,3,186,'2024-04-18 18:15:00','2024-04-18 22:00:00',4,1,4,6,0),(2402,22,6,43,'2024-04-18 18:15:00','2024-04-18 19:45:00',3,1,1,6,0),(2403,34,1,409,'2024-04-18 18:15:00','2024-04-18 19:45:00',2,1,12,6,0),(2404,22,6,44,'2024-04-18 19:45:00','2024-04-18 22:00:00',1,1,1,6,0),(2405,28,2,45,'2024-04-18 19:45:00','2024-04-18 22:00:00',5,1,1,6,0),(2406,16,1,395,'2024-04-19 07:00:00','2024-04-19 08:30:00',4,1,12,6,0),(2407,32,1,482,'2024-04-19 07:15:00','2024-04-19 13:00:00',4,1,11,6,0),(2408,29,1,397,'2024-04-19 08:30:00','2024-04-19 10:00:00',8,1,12,6,0),(2409,29,1,397,'2024-04-19 10:00:00','2024-04-19 13:00:00',3,1,12,6,0),(2410,28,6,16,'2024-04-19 14:00:00','2024-04-19 18:00:00',2,1,1,6,0),(2411,29,1,429,'2024-04-19 18:15:00','2024-04-19 20:30:00',3,1,12,6,0),(2412,23,7,17,'2024-04-19 18:15:00','2024-04-19 19:45:00',3,1,1,6,0),(2413,22,6,52,'2024-04-19 18:15:00','2024-04-19 20:30:00',1,1,1,6,0),(2414,6,5,130,'2024-04-19 18:20:00','2024-04-19 20:20:00',16,1,3,6,0),(2415,23,7,59,'2024-04-19 20:30:00','2024-04-19 22:00:00',1,1,1,6,0),(2416,29,1,448,'2024-04-19 20:30:00','2024-04-19 22:00:00',6,1,12,6,0),(2417,22,6,14,'2024-04-19 20:30:00','2024-04-19 22:00:00',3,1,1,6,0),(2418,67,7,514,'2024-04-20 07:00:00','2024-04-20 12:00:00',3,1,14,6,0),(2419,8,6,254,'2024-04-20 10:00:00','2024-04-20 17:30:00',15,1,4,6,0),(2420,67,7,520,'2024-04-20 14:00:00','2024-04-20 18:00:00',4,1,14,6,0),(2421,68,5,73,'2024-04-20 14:00:00','2024-04-20 19:30:00',2,1,2,6,0),(2422,18,1,471,'2024-04-20 14:00:00','2024-04-20 19:00:00',5,1,11,6,0),(2423,67,7,520,'2024-04-22 07:15:00','2024-04-22 08:45:00',6,1,14,6,0),(2424,29,7,470,'2024-04-22 18:15:00','2024-04-22 19:45:00',1,1,11,6,0),(2425,34,1,429,'2024-04-22 18:15:00','2024-04-22 20:30:00',3,1,12,6,0),(2426,22,6,35,'2024-04-22 18:15:00','2024-04-22 20:30:00',2,1,1,6,0),(2427,29,7,448,'2024-04-22 19:45:00','2024-04-22 20:30:00',2,1,12,6,0),(2428,29,7,551,'2024-04-22 20:30:00','2024-04-22 22:00:00',10,1,11,6,0),(2429,68,5,555,'2024-04-23 18:15:00','2024-04-23 19:45:00',2,1,8,6,0),(2430,23,2,13,'2024-04-23 18:15:00','2024-04-23 19:45:00',3,1,1,6,0),(2431,32,6,503,'2024-04-23 18:15:00','2024-04-23 19:45:00',12,1,11,6,0),(2432,18,6,434,'2024-04-23 19:45:00','2024-04-23 22:00:00',7,1,12,6,0),(2433,68,5,555,'2024-04-23 19:45:00','2024-04-23 22:00:00',2,1,8,6,0),(2434,23,2,39,'2024-04-23 20:30:00','2024-04-23 22:00:00',3,1,1,6,0),(2435,18,1,486,'2024-04-24 06:15:00','2024-04-24 19:45:00',4,1,11,6,0),(2436,5,5,514,'2024-04-24 07:00:00','2024-04-24 08:45:00',5,1,14,6,0),(2437,5,5,552,'2024-04-24 08:45:00','2024-04-24 10:00:00',5,1,14,6,0),(2438,5,7,508,'2024-04-24 11:00:00','2024-04-24 12:30:00',4,1,14,6,0),(2439,36,7,57,'2024-04-24 18:15:00','2024-04-24 20:30:00',4,1,1,6,0),(2440,68,6,124,'2024-04-24 18:15:00','2024-04-24 19:45:00',9,1,2,6,0),(2441,28,2,55,'2024-04-24 19:45:00','2024-04-24 22:00:00',7,1,1,6,0),(2442,18,1,434,'2024-04-24 19:45:00','2024-04-24 22:00:00',14,1,12,6,0),(2443,68,6,204,'2024-04-24 19:45:00','2024-04-24 22:00:00',2,1,4,6,0),(2444,23,7,29,'2024-04-24 20:30:00','2024-04-24 22:00:00',1,1,1,6,0),(2445,22,6,43,'2024-04-25 18:15:00','2024-04-25 19:45:00',4,1,1,6,0),(2446,34,1,400,'2024-04-25 18:15:00','2024-04-25 19:45:00',2,1,12,6,0),(2447,22,6,44,'2024-04-25 19:45:00','2024-04-25 22:00:00',1,1,1,6,0),(2448,9,7,426,'2024-04-26 07:00:00','2024-04-26 12:00:00',2,1,12,6,0),(2449,29,1,434,'2024-04-26 08:30:00','2024-04-26 10:00:00',8,1,12,6,0),(2450,29,1,432,'2024-04-26 10:00:00','2024-04-26 13:00:00',3,1,12,6,0),(2451,29,1,428,'2024-04-26 18:15:00','2024-04-26 20:30:00',3,1,12,6,0),(2452,23,7,45,'2024-04-26 18:15:00','2024-04-26 19:45:00',3,1,1,6,0),(2453,22,6,16,'2024-04-26 18:15:00','2024-04-26 20:30:00',1,1,1,6,0),(2454,18,3,471,'2024-04-26 18:15:00','2024-04-26 19:45:00',4,1,11,6,0),(2455,68,6,17,'2024-04-26 18:15:00','2024-04-26 19:45:00',2,1,1,6,0),(2456,6,5,137,'2024-04-26 18:20:00','2024-04-26 20:20:00',18,1,3,6,0),(2457,18,3,486,'2024-04-26 19:45:00','2024-04-26 22:00:00',3,1,11,6,0),(2458,23,7,52,'2024-04-26 20:30:00','2024-04-26 22:00:00',1,1,1,6,0),(2459,29,1,397,'2024-04-26 20:30:00','2024-04-26 22:00:00',6,1,12,6,0),(2460,22,6,59,'2024-04-26 20:30:00','2024-04-26 22:00:00',5,1,1,6,0),(2461,26,6,14,'2024-04-27 07:00:00','2024-04-27 14:00:00',2,1,1,6,0),(2462,26,7,27,'2024-04-27 14:00:00','2024-04-27 19:00:00',2,1,1,6,0),(2463,18,1,496,'2024-04-27 14:00:00','2024-04-27 19:00:00',4,1,11,6,0),(2464,6,6,130,'2024-04-27 14:30:00','2024-04-27 18:00:00',18,1,3,6,0),(2465,29,7,483,'2024-04-29 18:15:00','2024-04-29 19:45:00',1,1,11,6,0),(2466,34,1,432,'2024-04-29 18:15:00','2024-04-29 20:30:00',2,1,12,6,0),(2467,29,7,393,'2024-04-29 19:45:00','2024-04-29 20:30:00',2,1,12,6,0),(2468,29,7,486,'2024-04-29 20:30:00','2024-04-29 22:00:00',10,1,11,6,0),(2469,9,1,437,'2024-04-30 07:00:00','2024-04-30 10:00:00',10,1,12,6,0),(2470,32,6,471,'2024-04-30 08:30:00','2024-04-30 10:00:00',4,1,11,6,0),(2471,18,6,470,'2024-04-30 19:45:00','2024-04-30 22:00:00',8,1,11,6,0),(2472,18,6,450,'2024-05-02 10:00:00','2024-05-02 11:30:00',3,1,11,6,0),(2473,26,6,32,'2024-05-02 18:15:00','2024-05-02 20:30:00',1,1,1,6,0),(2474,64,3,154,'2024-05-02 18:15:00','2024-05-02 20:30:00',4,1,4,6,0),(2475,9,1,397,'2024-05-02 18:15:00','2024-05-02 22:00:00',10,1,12,6,0),(2476,22,6,33,'2024-05-02 18:15:00','2024-05-02 19:45:00',4,1,1,6,0),(2477,22,6,35,'2024-05-02 19:45:00','2024-05-02 22:00:00',1,1,1,6,0),(2478,64,3,520,'2024-05-02 20:30:00','2024-05-02 22:00:00',4,1,4,6,0),(2479,9,7,429,'2024-05-03 07:00:00','2024-05-03 12:00:00',2,1,12,6,0),(2480,29,1,416,'2024-05-03 08:30:00','2024-05-03 10:00:00',8,1,12,6,0),(2481,29,1,400,'2024-05-03 10:00:00','2024-05-03 13:00:00',3,1,12,6,0),(2482,37,2,300,'2024-05-03 18:15:00','2024-05-03 22:00:00',1,1,4,6,0),(2483,29,1,444,'2024-05-03 18:15:00','2024-05-03 20:30:00',3,1,12,6,0),(2484,22,6,13,'2024-05-03 18:15:00','2024-05-03 20:30:00',1,1,1,6,0),(2485,68,5,39,'2024-05-03 18:15:00','2024-05-03 19:45:00',1,1,1,6,0),(2486,29,1,395,'2024-05-03 20:30:00','2024-05-03 22:00:00',6,1,12,6,0),(2487,22,6,57,'2024-05-03 20:30:00','2024-05-03 22:00:00',5,1,1,6,0),(2488,26,6,55,'2024-05-04 07:00:00','2024-05-04 18:00:00',2,1,1,6,0),(2489,37,2,186,'2024-05-04 07:00:00','2024-05-04 13:00:00',14,1,4,6,0),(2490,69,5,84,'2024-05-04 07:30:00','2024-05-04 13:00:00',8,1,2,6,0),(2491,82,3,91,'2024-05-04 07:30:00','2024-05-04 13:00:00',10,1,2,6,0),(2492,32,1,470,'2024-05-04 07:30:00','2024-05-04 13:00:00',4,1,11,6,0),(2493,8,2,186,'2024-05-04 14:15:00','2024-05-04 17:00:00',10,1,4,6,0),(2494,26,6,29,'2024-05-04 14:15:00','2024-05-04 19:00:00',2,1,1,6,0),(2495,68,5,66,'2024-05-04 14:15:00','2024-05-04 19:30:00',4,1,2,6,0),(2496,18,1,496,'2024-05-04 14:15:00','2024-05-04 19:00:00',5,1,11,6,0),(2497,67,7,520,'2024-05-05 07:15:00','2024-05-05 08:45:00',6,1,14,6,0),(2498,67,7,550,'2024-05-05 09:15:00','2024-05-05 10:45:00',4,1,14,6,0),(2499,29,7,471,'2024-05-06 18:15:00','2024-05-06 19:45:00',1,1,11,6,0),(2500,34,1,432,'2024-05-06 18:15:00','2024-05-06 20:30:00',3,1,12,6,0),(2501,22,6,43,'2024-05-06 18:15:00','2024-05-06 20:30:00',2,1,1,6,0),(2502,29,7,428,'2024-05-06 19:45:00','2024-05-06 20:30:00',2,1,12,6,0),(2503,29,7,450,'2024-05-06 20:30:00','2024-05-06 22:00:00',10,1,11,6,0),(2504,9,1,429,'2024-05-07 07:00:00','2024-05-07 12:00:00',10,1,12,6,0),(2505,32,6,482,'2024-05-07 08:30:00','2024-05-07 10:00:00',4,1,11,6,0),(2506,16,1,434,'2024-05-07 18:15:00','2024-05-07 19:45:00',5,1,12,6,0),(2507,23,2,44,'2024-05-07 18:15:00','2024-05-07 19:45:00',3,1,1,6,0),(2508,68,5,555,'2024-05-07 18:15:00','2024-05-07 19:45:00',2,1,8,6,0),(2509,28,2,45,'2024-05-07 19:45:00','2024-05-07 22:00:00',7,1,1,6,0),(2510,68,5,555,'2024-05-07 19:45:00','2024-05-07 22:00:00',2,1,8,6,0),(2511,23,2,16,'2024-05-07 20:30:00','2024-05-07 22:00:00',3,1,1,6,0),(2512,19,2,78,'2024-05-08 18:15:00','2024-05-08 19:45:00',13,1,2,6,0),(2513,36,7,17,'2024-05-08 18:15:00','2024-05-08 20:30:00',4,1,1,6,0),(2514,68,6,70,'2024-05-08 18:15:00','2024-05-08 19:45:00',7,1,2,6,0),(2515,68,6,254,'2024-05-08 19:45:00','2024-05-08 22:00:00',1,1,4,6,0),(2516,23,7,52,'2024-05-08 20:30:00','2024-05-08 22:00:00',1,1,1,6,0),(2517,5,6,542,'2024-05-09 07:15:00','2024-05-09 10:30:00',8,1,14,6,0),(2518,93,1,434,'2024-05-09 07:30:00','2024-05-09 13:00:00',6,1,12,6,0),(2519,18,6,393,'2024-05-09 10:00:00','2024-05-09 11:30:00',3,1,12,6,0),(2520,22,6,59,'2024-05-09 18:15:00','2024-05-09 19:45:00',5,1,1,6,0),(2521,22,6,14,'2024-05-09 19:45:00','2024-05-09 22:00:00',1,1,1,6,0),(2522,28,2,27,'2024-05-09 19:45:00','2024-05-09 22:00:00',5,1,1,6,0),(2523,22,6,32,'2024-05-10 06:15:00','2024-05-10 20:30:00',1,1,1,6,0),(2524,37,2,202,'2024-05-10 07:00:00','2024-05-10 13:00:00',14,1,4,6,0),(2525,16,1,416,'2024-05-10 07:00:00','2024-05-10 08:30:00',5,1,12,6,0),(2526,29,1,400,'2024-05-10 08:30:00','2024-05-10 10:00:00',8,1,12,6,0),(2527,29,1,429,'2024-05-10 10:00:00','2024-05-10 13:00:00',3,1,12,6,0),(2528,37,2,204,'2024-05-10 18:15:00','2024-05-10 22:00:00',14,1,4,6,0),(2529,29,1,434,'2024-05-10 18:15:00','2024-05-10 20:30:00',3,1,12,6,0),(2530,23,7,33,'2024-05-10 18:15:00','2024-05-10 19:45:00',3,1,1,6,0),(2531,18,3,450,'2024-05-10 18:15:00','2024-05-10 19:45:00',5,1,11,6,0),(2532,6,6,142,'2024-05-10 18:30:00','2024-05-10 20:40:00',18,1,3,6,0),(2533,18,3,450,'2024-05-10 20:00:00','2024-05-10 22:00:00',4,1,11,6,0),(2534,23,7,35,'2024-05-10 20:30:00','2024-05-10 22:00:00',1,1,1,6,0),(2535,29,1,397,'2024-05-10 20:30:00','2024-05-10 22:00:00',6,1,12,6,0),(2536,22,6,13,'2024-05-10 20:30:00','2024-05-10 22:00:00',5,1,1,6,0),(2537,66,5,101,'2024-05-11 06:15:00','2024-05-11 20:30:00',23,1,2,6,0),(2538,26,6,39,'2024-05-11 07:00:00','2024-05-11 19:00:00',2,1,1,6,0),(2539,82,3,84,'2024-05-11 07:00:00','2024-05-11 13:00:00',11,1,2,6,0),(2540,68,2,91,'2024-05-11 14:15:00','2024-05-11 19:30:00',6,1,2,6,0),(2541,66,6,101,'2024-05-12 20:30:00','2024-05-12 22:00:00',20,1,2,6,0),(2542,9,1,426,'2024-05-14 07:00:00','2024-05-14 12:45:00',10,1,12,6,0),(2543,32,6,482,'2024-05-14 08:30:00','2024-05-14 10:00:00',4,1,11,6,0),(2544,16,1,429,'2024-05-14 18:15:00','2024-05-14 19:45:00',5,1,12,6,0),(2545,32,6,551,'2024-05-14 18:15:00','2024-05-14 19:45:00',12,1,11,6,0),(2546,6,5,130,'2024-05-14 18:30:00','2024-05-14 20:15:00',20,1,3,6,0),(2547,18,6,395,'2024-05-14 19:45:00','2024-05-14 21:30:00',7,1,12,6,0),(2548,5,5,508,'2024-05-15 07:00:00','2024-05-15 08:45:00',5,1,14,6,0),(2549,5,5,520,'2024-05-15 08:45:00','2024-05-15 11:00:00',5,1,14,6,0),(2550,5,5,551,'2024-05-15 11:00:00','2024-05-15 12:30:00',4,1,14,6,0),(2551,36,7,57,'2024-05-15 18:15:00','2024-05-15 20:45:00',4,1,1,6,0),(2552,68,6,120,'2024-05-15 18:15:00','2024-05-15 19:45:00',7,1,2,6,0),(2553,18,1,483,'2024-05-15 18:15:00','2024-05-15 19:45:00',4,1,11,6,0),(2554,28,2,55,'2024-05-15 19:45:00','2024-05-15 22:00:00',7,1,1,6,0),(2555,18,1,503,'2024-05-15 19:45:00','2024-05-15 22:00:00',12,1,11,6,0),(2556,68,6,254,'2024-05-15 19:45:00','2024-05-15 22:00:00',1,1,4,6,0),(2557,29,1,486,'2024-05-15 20:30:00','2024-05-15 22:00:00',2,1,11,6,0),(2558,18,6,450,'2024-05-16 10:00:00','2024-05-16 11:30:00',4,1,11,6,0),(2559,26,6,29,'2024-05-16 18:15:00','2024-05-16 20:00:00',2,1,1,6,0),(2560,64,3,206,'2024-05-16 18:15:00','2024-05-16 20:00:00',4,1,4,6,0),(2561,22,7,43,'2024-05-16 18:15:00','2024-05-16 19:45:00',4,1,1,6,0),(2562,22,7,44,'2024-05-16 19:45:00','2024-05-16 22:00:00',1,1,1,6,0),(2563,26,6,45,'2024-05-16 20:00:00','2024-05-16 22:00:00',5,1,1,6,0),(2564,64,3,154,'2024-05-16 20:00:00','2024-05-16 22:00:00',4,1,4,6,0),(2565,29,1,428,'2024-05-17 08:30:00','2024-05-17 10:00:00',8,1,12,6,0),(2566,29,1,416,'2024-05-17 10:00:00','2024-05-17 13:00:00',3,1,12,6,0),(2567,37,2,186,'2024-05-17 18:00:00','2024-05-17 22:00:00',14,1,4,6,0),(2568,29,1,432,'2024-05-17 18:15:00','2024-05-17 20:30:00',3,1,12,6,0),(2569,23,7,16,'2024-05-17 18:15:00','2024-05-17 19:45:00',3,1,1,6,0),(2570,22,7,17,'2024-05-17 18:15:00','2024-05-17 20:30:00',1,1,1,6,0),(2571,18,3,487,'2024-05-17 18:15:00','2024-05-17 19:45:00',4,1,11,6,0),(2572,18,3,471,'2024-05-17 19:45:00','2024-05-17 22:00:00',3,1,11,6,0),(2573,23,7,52,'2024-05-17 20:30:00','2024-05-17 22:00:00',1,1,1,6,0),(2574,29,1,448,'2024-05-17 20:30:00','2024-05-17 22:00:00',6,1,12,6,0),(2575,22,7,59,'2024-05-17 20:30:00','2024-05-17 22:00:00',4,1,1,6,0),(2576,26,6,14,'2024-05-18 07:15:00','2024-05-18 13:15:00',2,1,1,6,0),(2577,64,1,520,'2024-05-18 07:15:00','2024-05-18 13:00:00',11,1,4,6,0),(2578,82,3,66,'2024-05-18 07:15:00','2024-05-18 22:00:00',11,1,2,6,0),(2579,64,3,186,'2024-05-18 13:00:00','2024-05-18 19:00:00',11,1,4,6,0),(2580,9,1,420,'2024-05-20 11:00:00','2024-05-20 13:15:00',2,1,12,6,0),(2581,9,1,397,'2024-05-21 07:00:00','2024-05-21 12:00:00',10,1,12,6,0),(2582,32,6,551,'2024-05-21 08:30:00','2024-05-21 10:00:00',4,1,11,6,0),(2583,16,1,432,'2024-05-21 18:15:00','2024-05-21 19:45:00',5,1,12,6,0),(2584,32,6,551,'2024-05-21 18:15:00','2024-05-21 19:45:00',12,1,11,6,0),(2585,67,7,552,'2024-05-22 07:15:00','2024-05-22 08:45:00',8,1,14,6,0),(2586,5,6,514,'2024-05-22 07:15:00','2024-05-22 08:30:00',5,1,14,6,0),(2587,18,1,487,'2024-05-22 07:45:00','2024-05-22 22:00:00',1,1,11,6,0),(2588,5,6,508,'2024-05-22 08:30:00','2024-05-22 11:00:00',5,1,14,6,0),(2589,67,7,508,'2024-05-22 08:45:00','2024-05-22 10:00:00',8,1,14,6,0),(2590,5,6,520,'2024-05-22 11:00:00','2024-05-22 12:45:00',4,1,14,6,0),(2591,8,7,393,'2024-05-23 10:00:00','2024-05-23 11:30:00',1,1,12,6,0),(2592,29,7,432,'2024-05-24 10:00:00','2024-05-24 13:00:00',3,1,12,6,0),(2593,36,7,27,'2024-05-28 06:15:00','2024-05-28 20:30:00',4,1,1,6,0),(2594,9,1,448,'2024-05-28 07:00:00','2024-05-28 12:30:00',11,1,12,6,0),(2595,23,2,32,'2024-05-28 18:15:00','2024-05-28 19:45:00',3,1,1,6,0),(2596,23,2,33,'2024-05-28 20:30:00','2024-05-28 22:00:00',3,1,1,6,0),(2597,68,6,124,'2024-05-29 18:15:00','2024-05-29 19:45:00',7,1,2,6,0),(2598,18,1,486,'2024-05-29 18:30:00','2024-05-29 20:15:00',4,1,11,6,0),(2599,28,2,35,'2024-05-29 19:45:00','2024-05-29 22:00:00',7,1,1,6,0),(2600,68,6,204,'2024-05-29 19:45:00','2024-05-29 22:00:00',1,1,4,6,0),(2601,18,1,551,'2024-05-29 20:15:00','2024-05-29 22:00:00',15,1,11,6,0),(2602,18,1,393,'2024-05-30 10:00:00','2024-05-30 11:30:00',3,1,12,6,0),(2603,29,1,437,'2024-05-30 11:30:00','2024-05-30 13:00:00',1,1,12,6,0),(2604,29,1,416,'2024-05-30 20:30:00','2024-05-30 22:00:00',2,1,12,6,0),(2605,29,1,414,'2024-05-31 18:15:00','2024-05-31 20:30:00',3,1,12,6,0),(2606,23,7,13,'2024-05-31 18:15:00','2024-05-31 19:45:00',3,1,1,6,0),(2607,18,3,429,'2024-05-31 18:15:00','2024-05-31 19:45:00',4,1,12,6,0),(2608,18,3,450,'2024-05-31 20:00:00','2024-05-31 22:00:00',3,1,11,6,0),(2609,23,7,39,'2024-05-31 20:30:00','2024-05-31 22:00:00',1,1,1,6,0),(2610,29,1,444,'2024-05-31 20:30:00','2024-05-31 22:00:00',6,1,12,6,0),(2611,26,6,57,'2024-06-01 07:30:00','2024-06-01 14:00:00',2,1,1,7,0),(2612,64,1,185,'2024-06-01 07:30:00','2024-06-01 14:00:00',10,1,4,7,0),(2613,64,3,186,'2024-06-01 14:00:00','2024-06-01 19:00:00',10,1,4,7,0),(2614,9,1,414,'2024-06-04 09:00:00','2024-06-04 13:00:00',11,1,12,7,0),(2615,23,2,55,'2024-06-04 18:15:00','2024-06-04 19:45:00',3,1,1,7,0),(2616,26,6,29,'2024-06-04 18:30:00','2024-06-04 20:30:00',6,1,1,7,0),(2617,23,2,43,'2024-06-04 20:30:00','2024-06-04 22:00:00',3,1,1,7,0),(2618,67,7,551,'2024-06-05 07:15:00','2024-06-05 08:45:00',8,1,14,7,0),(2619,67,7,552,'2024-06-05 08:45:00','2024-06-05 10:15:00',8,1,14,7,0),(2620,28,2,44,'2024-06-05 19:45:00','2024-06-05 22:00:00',7,1,1,7,0),(2621,9,1,400,'2024-06-06 09:30:00','2024-06-06 13:00:00',1,1,12,7,0),(2622,26,6,45,'2024-06-06 18:15:00','2024-06-06 20:30:00',2,1,1,7,0),(2623,22,6,16,'2024-06-06 18:15:00','2024-06-06 19:45:00',5,1,1,7,0),(2624,28,2,17,'2024-06-06 19:45:00','2024-06-06 22:00:00',7,1,1,7,0),(2625,22,6,52,'2024-06-06 19:45:00','2024-06-06 22:00:00',1,1,1,7,0),(2626,9,1,393,'2024-06-07 09:30:00','2024-06-07 13:00:00',5,1,12,7,0),(2627,26,6,59,'2024-06-08 07:15:00','2024-06-08 14:00:00',2,1,1,7,0),(2628,28,4,14,'2024-06-26 07:00:00','2024-06-26 08:30:00',2,1,1,7,0),(2629,16,1,437,'2024-06-26 08:30:00','2024-06-26 10:45:00',4,1,12,7,0),(2630,29,1,395,'2024-06-26 10:45:00','2024-06-26 12:15:00',5,1,12,7,0),(2631,29,1,426,'2024-06-26 18:15:00','2024-06-26 20:30:00',10,1,12,7,0),(2632,29,1,428,'2024-06-26 18:15:00','2024-06-26 20:30:00',6,1,12,7,0),(2633,5,7,542,'2024-07-14 07:15:00','2024-07-14 13:15:00',4,1,14,7,0),(2634,5,7,550,'2024-07-14 10:50:00','2024-07-14 13:00:00',1,1,14,7,0),(2635,57,2,510,'2024-08-10 02:15:00','2024-08-10 05:00:00',1,1,14,7,0),(2636,23,7,27,'2024-08-10 07:15:00','2024-08-10 08:45:00',2,1,1,7,0),(2637,28,1,32,'2024-08-10 08:30:00','2024-08-10 10:00:00',5,1,1,7,0),(2638,45,1,154,'2024-08-10 08:45:00','2024-08-10 11:00:00',2,1,4,7,0),(2639,22,6,33,'2024-08-10 11:00:00','2024-08-10 12:45:00',1,1,1,7,0),(2640,58,4,514,'2024-08-10 14:15:00','2024-08-10 17:00:00',1,1,14,7,0),(2641,47,3,154,'2024-08-10 18:15:00','2024-08-10 19:45:00',4,1,4,7,0),(2642,27,1,552,'2024-08-10 18:15:00','2024-08-10 20:30:00',3,1,14,7,0),(2643,23,5,137,'2024-08-12 07:15:00','2024-08-12 08:45:00',1,1,3,7,0),(2644,25,7,508,'2024-08-12 08:30:00','2024-08-12 11:30:00',5,1,14,7,0),(2645,36,6,35,'2024-08-12 09:30:00','2024-08-12 11:45:00',1,1,1,7,0),(2646,23,6,13,'2024-08-12 18:15:00','2024-08-12 20:30:00',1,1,1,7,0),(2647,25,7,552,'2024-08-12 18:15:00','2024-08-12 20:30:00',5,1,14,7,0),(2648,36,5,13,'2024-08-12 18:15:00','2024-08-12 19:00:00',1,1,1,7,0),(2649,25,7,542,'2024-08-12 20:30:00','2024-08-12 22:00:00',5,1,14,7,0),(2650,23,5,39,'2024-08-13 07:15:00','2024-08-13 08:45:00',1,1,1,7,0),(2651,9,1,448,'2024-08-13 18:15:00','2024-08-13 20:30:00',2,1,12,7,0),(2652,22,6,57,'2024-08-14 07:00:00','2024-08-14 13:15:00',1,1,1,7,0),(2653,34,1,400,'2024-08-14 08:45:00','2024-08-14 10:15:00',2,1,12,7,0),(2654,24,5,66,'2024-08-14 10:15:00','2024-08-14 13:15:00',1,1,2,7,0),(2655,26,5,55,'2024-08-15 07:15:00','2024-08-15 10:15:00',4,1,1,7,0),(2656,5,6,550,'2024-08-15 10:00:00','2024-08-15 12:15:00',8,1,14,7,0),(2657,5,6,514,'2024-08-15 10:15:00','2024-08-15 12:45:00',8,1,14,7,0),(2658,36,2,29,'2024-08-15 10:15:00','2024-08-15 13:15:00',1,1,1,7,0),(2659,29,1,444,'2024-08-15 18:15:00','2024-08-15 19:45:00',1,1,12,7,0),(2660,9,1,435,'2024-08-15 18:15:00','2024-08-15 20:30:00',1,1,12,7,0),(2661,5,6,510,'2024-08-15 18:15:00','2024-08-15 20:30:00',4,1,14,7,0),(2662,22,6,43,'2024-08-15 18:15:00','2024-08-15 20:30:00',1,1,1,7,0),(2663,29,1,426,'2024-08-15 18:15:00','2024-08-15 19:45:00',1,1,12,7,0),(2664,25,7,520,'2024-08-15 19:45:00','2024-08-15 22:00:00',3,1,14,7,0),(2665,22,6,44,'2024-08-15 20:30:00','2024-08-15 22:00:00',3,1,1,7,0),(2666,5,6,520,'2024-08-16 06:15:00','2024-08-16 08:30:00',4,1,14,7,0),(2667,5,6,531,'2024-08-16 06:15:00','2024-08-16 08:30:00',8,1,14,7,0),(2668,36,6,45,'2024-08-16 07:15:00','2024-08-16 12:45:00',1,1,1,7,0),(2669,29,1,395,'2024-08-16 07:15:00','2024-08-16 13:15:00',1,1,12,7,0),(2670,22,7,16,'2024-08-16 14:15:00','2024-08-16 19:15:00',6,1,1,7,0),(2671,22,6,17,'2024-08-16 14:15:00','2024-08-16 17:00:00',1,1,1,7,0),(2672,23,7,52,'2024-08-16 18:15:00','2024-08-16 20:30:00',1,1,1,7,0),(2673,23,7,59,'2024-08-16 18:15:00','2024-08-16 20:30:00',1,1,1,7,0),(2674,56,5,683,'2024-08-16 20:30:00','2024-08-16 22:00:00',1,1,13,7,0),(2675,24,5,78,'2024-08-17 07:00:00','2024-08-17 10:00:00',6,1,2,7,0),(2676,57,2,551,'2024-08-17 14:15:00','2024-08-17 18:00:00',3,1,14,7,0),(2677,28,1,14,'2024-08-17 18:15:00','2024-08-17 20:30:00',4,1,1,7,0),(2678,22,7,27,'2024-08-17 18:15:00','2024-08-17 20:30:00',1,1,1,7,0),(2679,22,7,32,'2024-08-17 20:00:00','2024-08-17 21:45:00',1,1,1,7,0),(2680,23,2,33,'2024-08-20 07:15:00','2024-08-20 08:45:00',1,1,1,7,0),(2681,28,5,35,'2024-08-20 09:30:00','2024-08-20 11:30:00',4,1,1,7,0),(2682,22,6,13,'2024-08-20 18:15:00','2024-08-20 19:45:00',2,1,1,7,0),(2683,56,5,555,'2024-08-21 07:00:00','2024-08-21 11:30:00',1,1,8,7,0),(2684,34,1,435,'2024-08-21 07:15:00','2024-08-21 08:45:00',2,1,12,7,0),(2685,24,5,101,'2024-08-21 08:45:00','2024-08-21 10:15:00',2,1,2,7,0),(2686,22,6,39,'2024-08-21 10:15:00','2024-08-21 13:20:00',1,1,1,7,0),(2687,5,7,510,'2024-08-21 18:15:00','2024-08-21 20:30:00',4,1,14,7,0),(2688,34,1,416,'2024-08-21 18:15:00','2024-08-21 19:45:00',2,1,12,7,0),(2689,5,7,550,'2024-08-21 20:30:00','2024-08-21 22:00:00',4,1,14,7,0),(2690,29,1,429,'2024-08-22 07:15:00','2024-08-22 10:15:00',4,1,12,7,0),(2691,26,5,57,'2024-08-22 07:45:00','2024-08-22 22:00:00',5,1,1,7,0),(2692,30,3,55,'2024-08-22 07:45:00','2024-08-22 22:00:00',2,1,1,7,0),(2693,22,6,29,'2024-08-22 10:00:00','2024-08-22 12:15:00',3,1,1,7,0),(2694,5,6,542,'2024-08-22 10:15:00','2024-08-22 11:45:00',8,1,14,7,0),(2695,36,6,43,'2024-08-22 10:20:00','2024-08-22 13:20:00',2,1,1,7,0),(2696,5,6,520,'2024-08-22 18:15:00','2024-08-22 20:30:00',8,1,14,7,0),(2697,28,7,44,'2024-08-22 18:15:00','2024-08-22 20:30:00',4,1,1,7,0),(2698,5,6,550,'2024-08-22 18:15:00','2024-08-22 20:30:00',4,1,14,7,0),(2699,9,1,420,'2024-08-22 18:15:00','2024-08-22 20:30:00',2,1,12,7,0),(2700,25,7,514,'2024-08-22 18:15:00','2024-08-22 19:45:00',4,1,14,7,0),(2701,23,7,45,'2024-08-23 06:15:00','2024-08-23 20:30:00',6,1,1,7,0),(2702,5,6,551,'2024-08-23 06:15:00','2024-08-23 08:30:00',8,1,14,7,0),(2703,29,1,434,'2024-08-23 07:15:00','2024-08-23 08:45:00',2,1,12,7,0),(2704,56,5,555,'2024-08-23 07:15:00','2024-08-23 13:15:00',2,1,8,7,0),(2705,22,7,16,'2024-08-23 08:45:00','2024-08-23 11:00:00',4,1,1,7,0),(2706,36,6,17,'2024-08-23 14:15:00','2024-08-23 19:15:00',3,1,1,7,0),(2707,23,7,52,'2024-08-23 18:15:00','2024-08-23 21:15:00',6,1,1,7,0),(2708,56,5,59,'2024-08-23 18:15:00','2024-08-23 20:30:00',6,1,1,7,0),(2709,5,6,542,'2024-08-23 20:30:00','2024-08-23 22:00:00',4,1,14,7,0),(2710,29,1,429,'2024-08-23 20:30:00','2024-08-23 22:00:00',4,1,12,7,0),(2711,22,7,14,'2024-08-24 11:00:00','2024-08-24 12:30:00',1,1,1,7,0),(2712,22,7,27,'2024-08-24 18:15:00','2024-08-24 20:30:00',1,1,1,7,0),(2713,23,5,84,'2024-08-26 10:00:00','2024-08-26 12:30:00',3,1,2,7,0),(2714,23,6,32,'2024-08-26 11:30:00','2024-08-26 13:45:00',6,1,1,7,0),(2715,22,1,400,'2024-08-26 18:15:00','2024-08-26 20:30:00',1,1,12,7,0),(2716,25,7,510,'2024-08-26 18:15:00','2024-08-26 19:30:00',4,1,14,7,0),(2717,25,7,552,'2024-08-26 18:15:00','2024-08-26 19:45:00',8,1,14,7,0),(2718,36,6,33,'2024-08-26 19:45:00','2024-08-26 22:00:00',8,1,1,7,0),(2719,36,5,300,'2024-08-26 19:45:00','2024-08-26 22:00:00',4,1,4,7,0),(2720,34,1,429,'2024-08-26 20:30:00','2024-08-26 22:00:00',1,1,12,7,0),(2721,25,7,510,'2024-08-26 20:30:00','2024-08-26 21:45:00',3,1,14,7,0),(2722,22,6,35,'2024-08-27 07:00:00','2024-08-27 08:30:00',2,1,1,7,0),(2723,23,2,13,'2024-08-27 18:15:00','2024-08-27 19:45:00',1,1,1,7,0),(2724,9,1,400,'2024-08-27 18:15:00','2024-08-27 20:30:00',4,1,12,7,0),(2725,29,1,400,'2024-08-27 18:15:00','2024-08-27 20:30:00',1,1,12,7,0),(2726,28,5,39,'2024-08-27 20:30:00','2024-08-27 22:00:00',3,1,1,7,0),(2727,34,1,435,'2024-08-28 07:15:00','2024-08-28 08:45:00',3,1,12,7,0),(2728,24,5,120,'2024-08-28 10:00:00','2024-08-28 13:00:00',3,1,2,7,0),(2729,56,5,555,'2024-08-28 10:15:00','2024-08-28 11:45:00',1,1,8,7,0),(2730,36,6,57,'2024-08-29 06:15:00','2024-08-29 08:30:00',2,1,1,7,0),(2731,22,6,55,'2024-08-29 08:30:00','2024-08-29 10:00:00',1,1,1,7,0),(2732,5,6,552,'2024-08-29 18:15:00','2024-08-29 20:30:00',8,1,14,7,0),(2733,9,1,437,'2024-08-29 18:15:00','2024-08-29 21:15:00',2,1,12,7,0),(2734,34,1,416,'2024-08-29 18:15:00','2024-08-29 20:30:00',2,1,12,7,0),(2735,25,7,508,'2024-08-29 18:15:00','2024-08-29 20:30:00',4,1,14,7,0),(2736,29,1,426,'2024-08-29 18:15:00','2024-08-29 19:45:00',4,1,12,7,0),(2737,26,5,29,'2024-08-29 19:45:00','2024-08-29 22:00:00',6,1,1,7,0),(2738,18,4,482,'2024-08-30 06:15:00','2024-08-30 08:30:00',2,1,11,7,0),(2739,29,1,444,'2024-08-30 06:15:00','2024-08-30 08:30:00',2,1,12,7,0),(2740,56,5,555,'2024-08-30 07:15:00','2024-08-30 13:15:00',2,1,8,7,0),(2741,22,7,43,'2024-08-30 07:15:00','2024-08-30 08:45:00',4,1,1,7,0),(2742,23,7,44,'2024-08-30 08:45:00','2024-08-30 11:00:00',6,1,1,7,0),(2743,36,6,45,'2024-08-30 14:15:00','2024-08-30 19:15:00',3,1,1,7,0),(2744,56,5,555,'2024-08-30 20:30:00','2024-08-30 22:00:00',6,1,8,7,0),(2745,22,5,16,'2024-08-31 11:00:00','2024-08-31 12:30:00',1,1,1,7,0),(2746,22,5,17,'2024-08-31 18:15:00','2024-08-31 19:15:00',1,1,1,7,0),(2747,22,7,414,'2024-09-01 20:30:00','2024-09-01 22:00:00',5,1,12,7,0),(2748,25,7,551,'2024-09-02 08:30:00','2024-09-02 10:00:00',4,1,14,7,0),(2749,23,7,52,'2024-09-02 18:15:00','2024-09-02 20:30:00',6,1,1,7,0),(2750,23,5,70,'2024-09-02 18:15:00','2024-09-02 21:15:00',3,1,2,7,0),(2751,25,7,508,'2024-09-02 18:15:00','2024-09-02 20:30:00',4,1,14,7,0),(2752,25,7,531,'2024-09-02 19:45:00','2024-09-02 22:00:00',4,1,14,7,0),(2753,36,6,59,'2024-09-02 20:30:00','2024-09-02 22:00:00',8,1,1,7,0),(2754,16,1,428,'2024-09-03 06:15:00','2024-09-03 07:45:00',1,1,12,7,0),(2755,29,1,428,'2024-09-03 18:15:00','2024-09-03 20:30:00',1,1,12,7,0),(2756,56,5,555,'2024-09-03 18:15:00','2024-09-03 20:30:00',2,1,8,7,0),(2757,56,5,14,'2024-09-03 20:30:00','2024-09-03 22:00:00',6,1,1,7,0),(2758,36,6,27,'2024-09-06 07:30:00','2024-09-06 13:00:00',3,1,1,7,0),(2759,32,3,483,'2024-09-06 07:30:00','2024-09-06 13:00:00',4,1,11,7,0),(2760,22,7,32,'2024-09-06 11:00:00','2024-09-06 12:30:00',4,1,1,7,0),(2761,23,7,33,'2024-09-06 14:15:00','2024-09-06 19:00:00',6,1,1,7,0),(2762,24,5,91,'2024-09-07 07:15:00','2024-09-07 08:45:00',12,1,2,7,0),(2763,22,7,35,'2024-09-07 08:45:00','2024-09-07 10:45:00',1,1,1,7,0),(2764,57,2,531,'2024-09-07 10:45:00','2024-09-07 12:15:00',7,1,14,7,0),(2765,48,1,254,'2024-09-07 14:15:00','2024-09-07 19:15:00',3,1,4,7,0),(2766,23,6,13,'2024-09-07 14:15:00','2024-09-07 19:00:00',1,1,1,7,0),(2767,23,6,39,'2024-09-07 14:15:00','2024-09-07 19:15:00',1,1,1,7,0),(2768,27,4,508,'2024-09-07 14:15:00','2024-09-07 19:00:00',4,1,14,7,0),(2769,59,3,542,'2024-09-07 18:15:00','2024-09-07 20:30:00',1,1,14,7,0),(2770,23,5,87,'2024-09-09 10:00:00','2024-09-09 11:30:00',3,1,2,7,0),(2771,23,7,57,'2024-09-09 11:30:00','2024-09-09 14:00:00',6,1,1,7,0),(2772,36,5,13,'2024-09-09 18:15:00','2024-09-09 20:30:00',1,1,1,7,0),(2773,22,1,416,'2024-09-09 18:15:00','2024-09-09 21:15:00',5,1,12,7,0),(2774,25,7,510,'2024-09-09 18:15:00','2024-09-09 19:45:00',4,1,14,7,0),(2775,36,6,55,'2024-09-09 19:45:00','2024-09-09 22:00:00',9,1,1,7,0),(2776,25,7,550,'2024-09-09 20:30:00','2024-09-09 21:45:00',4,1,14,7,0),(2777,25,7,510,'2024-09-09 20:30:00','2024-09-09 21:45:00',4,1,14,7,0),(2778,9,1,429,'2024-09-10 06:15:00','2024-09-10 20:30:00',1,1,12,7,0),(2779,9,1,416,'2024-09-10 06:15:00','2024-09-10 20:30:00',1,1,12,7,0),(2780,16,7,414,'2024-09-10 07:00:00','2024-09-10 10:00:00',3,1,12,7,0),(2781,22,6,29,'2024-09-10 18:15:00','2024-09-10 19:45:00',2,1,1,7,0),(2782,18,3,496,'2024-09-10 18:15:00','2024-09-10 19:45:00',2,1,11,7,0),(2783,23,2,43,'2024-09-10 19:45:00','2024-09-10 22:00:00',1,1,1,7,0),(2784,28,5,44,'2024-09-10 20:30:00','2024-09-10 22:00:00',3,1,1,7,0),(2785,34,1,435,'2024-09-11 10:00:00','2024-09-11 13:00:00',2,1,12,7,0),(2786,56,5,555,'2024-09-11 18:15:00','2024-09-11 21:15:00',1,1,8,7,0),(2787,34,1,393,'2024-09-11 18:15:00','2024-09-11 19:45:00',4,1,12,7,0),(2788,24,5,101,'2024-09-11 18:15:00','2024-09-11 20:30:00',3,1,2,7,0),(2789,36,6,45,'2024-09-12 06:15:00','2024-09-12 08:30:00',2,1,1,7,0),(2790,30,3,186,'2024-09-12 06:15:00','2024-09-12 08:30:00',1,1,4,7,0),(2791,18,3,471,'2024-09-12 10:00:00','2024-09-12 13:00:00',1,1,11,7,0),(2792,26,5,16,'2024-09-12 17:45:00','2024-09-12 21:15:00',5,1,1,7,0),(2793,28,7,17,'2024-09-12 18:15:00','2024-09-12 20:30:00',2,1,1,7,0),(2794,9,1,432,'2024-09-12 18:15:00','2024-09-12 19:45:00',2,1,12,7,0),(2795,18,3,483,'2024-09-12 19:45:00','2024-09-12 22:00:00',1,1,11,7,0),(2796,29,1,432,'2024-09-12 19:45:00','2024-09-12 22:00:00',4,1,12,7,0),(2797,22,6,52,'2024-09-12 20:30:00','2024-09-12 22:00:00',3,1,1,7,0),(2798,18,4,482,'2024-09-13 07:15:00','2024-09-13 13:00:00',1,1,11,7,0),(2799,18,4,471,'2024-09-13 07:15:00','2024-09-13 14:15:00',1,1,11,7,0),(2800,29,1,434,'2024-09-13 12:15:00','2024-09-13 13:00:00',1,1,12,7,0),(2801,22,5,59,'2024-09-13 14:15:00','2024-09-13 19:00:00',3,1,1,7,0),(2802,29,1,432,'2024-09-13 18:00:00','2024-09-13 22:00:00',2,1,12,7,0),(2803,36,7,14,'2024-09-13 18:15:00','2024-09-13 20:30:00',3,1,1,7,0),(2804,23,7,27,'2024-09-13 18:15:00','2024-09-13 21:15:00',6,1,1,7,0),(2805,56,5,555,'2024-09-13 18:15:00','2024-09-13 19:45:00',2,1,8,7,0),(2806,30,3,185,'2024-09-13 18:15:00','2024-09-13 20:30:00',1,1,4,7,0),(2807,57,6,520,'2024-09-13 20:00:00','2024-09-13 21:15:00',15,1,14,7,0),(2808,56,5,32,'2024-09-13 20:30:00','2024-09-13 22:00:00',6,1,1,7,0),(2809,23,7,33,'2024-09-14 07:15:00','2024-09-14 08:45:00',1,1,1,7,0),(2810,24,5,91,'2024-09-14 08:45:00','2024-09-14 10:45:00',12,1,2,7,0),(2811,57,2,514,'2024-09-14 10:45:00','2024-09-14 12:15:00',7,1,14,7,0),(2812,48,1,520,'2024-09-14 14:00:00','2024-09-14 19:00:00',5,1,4,7,0),(2813,25,7,510,'2024-09-16 06:15:00','2024-09-16 20:30:00',3,1,14,7,0),(2814,22,1,428,'2024-09-16 06:15:00','2024-09-16 20:30:00',6,1,12,7,0),(2815,25,7,552,'2024-09-16 06:15:00','2024-09-16 20:30:00',4,1,14,7,0),(2816,23,6,35,'2024-09-16 18:15:00','2024-09-16 20:30:00',6,1,1,7,0),(2817,25,7,550,'2024-09-16 18:15:00','2024-09-16 21:00:00',8,1,14,7,0),(2818,32,3,483,'2024-09-16 19:45:00','2024-09-16 22:00:00',1,1,11,7,0),(2819,23,5,124,'2024-09-16 19:45:00','2024-09-16 22:00:00',3,1,2,7,0),(2820,36,7,13,'2024-09-16 20:30:00','2024-09-16 22:00:00',8,1,1,7,0),(2821,45,6,185,'2024-09-17 07:00:00','2024-09-17 10:00:00',3,1,4,7,0),(2822,28,5,39,'2024-09-17 07:15:00','2024-09-17 08:45:00',4,1,1,7,0),(2823,23,2,57,'2024-09-17 18:15:00','2024-09-17 20:00:00',1,1,1,7,0),(2824,22,2,435,'2024-09-17 18:15:00','2024-09-17 21:15:00',7,1,12,7,0),(2825,7,2,120,'2024-09-17 18:15:00','2024-09-17 20:00:00',1,1,2,7,0),(2826,22,6,55,'2024-09-17 19:45:00','2024-09-17 21:00:00',2,1,1,7,0),(2827,16,7,426,'2024-09-17 20:30:00','2024-09-17 22:00:00',3,1,12,7,0),(2828,5,7,552,'2024-09-18 07:00:00','2024-09-18 08:30:00',4,1,14,7,0),(2829,24,5,124,'2024-09-18 07:15:00','2024-09-18 08:30:00',3,1,2,7,0),(2830,56,6,555,'2024-09-18 10:15:00','2024-09-18 11:45:00',1,1,8,7,0),(2831,34,1,416,'2024-09-18 20:30:00','2024-09-18 22:00:00',2,1,12,7,0),(2832,45,2,254,'2024-09-19 10:00:00','2024-09-19 13:00:00',3,1,4,7,0),(2833,34,1,414,'2024-09-19 10:00:00','2024-09-19 11:30:00',2,1,12,7,0),(2834,5,6,552,'2024-09-19 11:30:00','2024-09-19 13:30:00',8,1,14,7,0),(2835,36,6,29,'2024-09-19 18:15:00','2024-09-19 20:30:00',2,1,1,7,0),(2836,9,1,393,'2024-09-19 18:15:00','2024-09-19 19:45:00',2,1,12,7,0),(2837,25,7,551,'2024-09-19 18:15:00','2024-09-19 20:30:00',4,1,14,7,0),(2838,29,1,448,'2024-09-19 18:15:00','2024-09-19 19:45:00',4,1,12,7,0),(2839,9,1,397,'2024-09-19 18:15:00','2024-09-19 19:45:00',1,1,12,7,0),(2840,26,5,43,'2024-09-19 19:45:00','2024-09-19 22:00:00',5,1,1,7,0),(2841,22,6,44,'2024-09-19 20:30:00','2024-09-19 22:00:00',3,1,1,7,0),(2842,36,6,45,'2024-09-20 18:15:00','2024-09-20 20:30:00',3,1,1,7,0),(2843,23,7,16,'2024-09-20 18:15:00','2024-09-20 19:45:00',6,1,1,7,0),(2844,22,6,17,'2024-09-20 18:15:00','2024-09-20 20:30:00',6,1,1,7,0),(2845,29,1,420,'2024-09-20 18:15:00','2024-09-20 21:15:00',2,1,12,7,0),(2846,18,4,483,'2024-09-20 20:00:00','2024-09-20 21:15:00',1,1,11,7,0),(2847,23,6,52,'2024-09-21 07:15:00','2024-09-21 13:15:00',1,1,1,7,0),(2848,23,6,59,'2024-09-21 14:15:00','2024-09-21 19:15:00',1,1,1,7,0),(2849,48,1,202,'2024-09-21 14:15:00','2024-09-21 19:00:00',4,1,4,7,0),(2850,57,2,550,'2024-09-21 14:15:00','2024-09-21 19:00:00',7,1,14,7,0),(2851,36,6,14,'2024-09-23 18:15:00','2024-09-23 20:30:00',8,1,1,7,0),(2852,23,5,87,'2024-09-23 18:15:00','2024-09-23 20:30:00',3,1,2,7,0),(2853,22,7,393,'2024-09-23 19:45:00','2024-09-23 22:00:00',4,1,12,7,0),(2854,23,6,35,'2024-09-23 20:30:00','2024-09-23 22:00:00',7,1,1,7,0),(2855,36,6,13,'2024-09-23 20:30:00','2024-09-23 22:00:00',1,1,1,7,0),(2856,18,3,450,'2024-09-24 06:15:00','2024-09-24 20:00:00',2,1,11,7,0),(2857,7,2,78,'2024-09-24 07:00:00','2024-09-24 10:00:00',1,1,2,7,0),(2858,16,1,434,'2024-09-24 08:30:00','2024-09-24 10:00:00',1,1,12,7,0),(2859,23,2,13,'2024-09-24 18:15:00','2024-09-24 20:30:00',1,1,1,7,0),(2860,22,6,39,'2024-09-24 18:15:00','2024-09-24 20:30:00',2,1,1,7,0),(2861,28,5,57,'2024-09-24 19:45:00','2024-09-24 22:00:00',3,1,1,7,0),(2862,26,7,55,'2024-09-25 07:00:00','2024-09-25 08:30:00',1,1,1,7,0),(2863,34,1,414,'2024-09-25 18:00:00','2024-09-25 19:45:00',2,1,12,7,0),(2864,34,1,393,'2024-09-25 18:15:00','2024-09-25 20:30:00',4,1,12,7,0),(2865,24,5,91,'2024-09-25 18:15:00','2024-09-25 19:45:00',3,1,2,7,0),(2866,22,7,29,'2024-09-26 10:00:00','2024-09-26 13:00:00',3,1,1,7,0),(2867,18,4,496,'2024-09-26 18:15:00','2024-09-26 19:45:00',1,1,11,7,0),(2868,34,1,420,'2024-09-26 18:15:00','2024-09-26 20:30:00',2,1,12,7,0),(2869,29,1,434,'2024-09-26 18:15:00','2024-09-26 19:45:00',4,1,12,7,0),(2870,26,5,43,'2024-09-26 18:15:00','2024-09-26 21:15:00',5,1,1,7,0),(2871,28,6,44,'2024-09-26 19:45:00','2024-09-26 22:00:00',2,1,1,7,0),(2872,36,6,45,'2024-09-26 19:45:00','2024-09-26 22:00:00',2,1,1,7,0),(2873,18,4,470,'2024-09-26 20:00:00','2024-09-26 21:00:00',1,1,11,7,0),(2874,22,7,16,'2024-09-27 06:15:00','2024-09-27 13:15:00',2,1,1,7,0),(2875,23,6,17,'2024-09-27 08:00:00','2024-09-27 13:00:00',1,1,1,7,0),(2876,23,6,52,'2024-09-27 14:15:00','2024-09-27 19:15:00',1,1,1,7,0),(2877,36,6,59,'2024-09-27 18:15:00','2024-09-27 19:45:00',3,1,1,7,0),(2878,23,6,14,'2024-09-27 18:15:00','2024-09-27 20:30:00',7,1,1,7,0),(2879,29,1,393,'2024-09-27 18:15:00','2024-09-27 20:00:00',1,1,12,7,0),(2880,18,4,551,'2024-09-27 18:15:00','2024-09-27 22:00:00',1,1,11,7,0),(2881,32,3,432,'2024-09-27 18:15:00','2024-09-27 21:15:00',5,1,12,7,0),(2882,29,1,426,'2024-09-27 18:15:00','2024-09-27 20:30:00',2,1,12,7,0),(2883,56,5,555,'2024-09-27 18:15:00','2024-09-27 20:30:00',2,1,8,7,0),(2884,18,4,486,'2024-09-27 20:15:00','2024-09-27 21:30:00',1,1,11,7,0),(2885,56,5,27,'2024-09-27 20:30:00','2024-09-27 22:00:00',6,1,1,7,0),(2886,48,1,185,'2024-09-28 14:00:00','2024-09-28 19:00:00',5,1,4,7,0),(2887,48,1,520,'2024-09-28 14:15:00','2024-09-28 19:00:00',5,1,4,7,0),(2888,57,2,550,'2024-09-28 14:15:00','2024-09-28 19:00:00',7,1,14,7,0),(2889,24,5,87,'2024-09-28 18:15:00','2024-09-28 20:30:00',13,1,2,7,0),(2890,22,1,397,'2024-09-30 08:30:00','2024-09-30 11:30:00',6,1,12,7,0),(2891,36,6,32,'2024-09-30 18:15:00','2024-09-30 21:00:00',8,1,1,7,0),(2892,23,6,33,'2024-09-30 18:15:00','2024-09-30 20:30:00',7,1,1,7,0),(2893,36,5,66,'2024-09-30 19:45:00','2024-09-30 22:00:00',19,1,2,7,0),(2894,32,3,450,'2024-09-30 20:30:00','2024-09-30 22:00:00',1,1,11,7,0),(2895,23,5,124,'2024-09-30 20:30:00','2024-09-30 22:00:00',3,1,2,7,0),(2896,7,2,73,'2024-10-01 07:00:00','2024-10-01 10:00:00',1,1,2,7,0),(2897,28,5,35,'2024-10-01 07:15:00','2024-10-01 08:45:00',3,1,1,7,0),(2898,23,2,13,'2024-10-01 18:15:00','2024-10-01 20:00:00',1,1,1,7,0),(2899,16,1,393,'2024-10-01 18:15:00','2024-10-01 20:30:00',1,1,12,7,0),(2900,18,3,483,'2024-10-01 18:15:00','2024-10-01 20:30:00',2,1,11,7,0),(2901,22,6,39,'2024-10-01 19:45:00','2024-10-01 22:00:00',2,1,1,7,0),(2902,24,5,87,'2024-10-02 11:45:00','2024-10-02 13:20:00',3,1,2,7,0),(2903,5,7,514,'2024-10-02 18:00:00','2024-10-02 19:45:00',4,1,14,7,0),(2904,56,5,555,'2024-10-02 18:15:00','2024-10-02 20:30:00',1,1,8,7,0),(2905,34,1,437,'2024-10-02 20:30:00','2024-10-02 22:00:00',2,1,12,7,0),(2906,22,6,57,'2024-10-03 10:00:00','2024-10-03 13:00:00',1,1,1,7,0),(2907,5,6,552,'2024-10-03 18:15:00','2024-10-03 21:15:00',8,1,14,7,0),(2908,16,1,448,'2024-10-03 18:15:00','2024-10-03 21:15:00',4,1,12,7,0),(2909,29,1,416,'2024-10-03 18:15:00','2024-10-03 19:45:00',4,1,12,7,0),(2910,29,1,428,'2024-10-03 18:15:00','2024-10-03 20:30:00',2,1,12,7,0),(2911,26,5,55,'2024-10-03 18:15:00','2024-10-03 19:45:00',5,1,1,7,0),(2912,18,3,496,'2024-10-03 19:45:00','2024-10-03 22:00:00',1,1,11,7,0),(2913,18,3,486,'2024-10-03 19:45:00','2024-10-03 22:00:00',1,1,11,7,0),(2914,36,6,29,'2024-10-03 20:15:00','2024-10-03 21:15:00',2,1,1,7,0),(2915,28,6,43,'2024-10-03 20:30:00','2024-10-03 22:00:00',2,1,1,7,0),(2916,29,1,395,'2024-10-03 20:30:00','2024-10-03 22:00:00',1,1,12,7,0),(2917,36,6,44,'2024-10-04 07:15:00','2024-10-04 13:15:00',3,1,1,7,0),(2918,32,3,432,'2024-10-04 07:15:00','2024-10-04 12:00:00',5,1,12,7,0),(2919,22,7,45,'2024-10-04 18:15:00','2024-10-04 20:30:00',6,1,1,7,0),(2920,56,5,555,'2024-10-04 18:15:00','2024-10-04 20:30:00',2,1,8,7,0),(2921,18,4,503,'2024-10-04 18:15:00','2024-10-04 20:00:00',1,1,11,7,0),(2922,56,5,16,'2024-10-04 18:15:00','2024-10-04 19:45:00',6,1,1,7,0),(2923,18,4,683,'2024-10-04 20:00:00','2024-10-04 21:00:00',1,1,13,7,0),(2924,46,3,186,'2024-10-05 07:15:00','2024-10-05 11:30:00',5,1,4,7,0),(2925,47,1,154,'2024-10-05 13:00:00','2024-10-05 18:00:00',5,1,4,7,0),(2926,25,7,514,'2024-10-05 14:15:00','2024-10-05 19:00:00',1,1,14,7,0),(2927,5,4,542,'2024-10-05 14:15:00','2024-10-05 19:00:00',5,1,14,7,0),(2928,58,2,551,'2024-10-05 15:36:00','2024-10-05 18:15:00',5,1,14,7,0),(2929,28,6,17,'2024-10-05 18:15:00','2024-10-05 20:30:00',1,1,1,7,0),(2930,24,5,91,'2024-10-05 18:15:00','2024-10-05 21:00:00',6,1,2,7,0),(2931,22,1,393,'2024-10-07 08:30:00','2024-10-07 11:30:00',6,1,12,7,0),(2932,23,6,52,'2024-10-07 11:30:00','2024-10-07 13:00:00',7,1,1,7,0),(2933,36,6,59,'2024-10-07 19:45:00','2024-10-07 22:00:00',9,1,1,7,0),(2934,32,3,483,'2024-10-07 20:30:00','2024-10-07 22:00:00',1,1,11,7,0),(2935,28,5,14,'2024-10-08 07:00:00','2024-10-08 10:00:00',3,1,1,7,0),(2936,22,6,27,'2024-10-08 07:15:00','2024-10-08 08:45:00',2,1,1,7,0),(2937,16,1,395,'2024-10-08 18:15:00','2024-10-08 20:30:00',1,1,12,7,0),(2938,29,1,448,'2024-10-08 18:15:00','2024-10-08 20:30:00',1,1,12,7,0),(2939,7,2,73,'2024-10-08 18:15:00','2024-10-08 19:45:00',1,1,2,7,0),(2940,23,2,32,'2024-10-08 19:45:00','2024-10-08 22:00:00',1,1,1,7,0),(2941,5,7,550,'2024-10-09 07:00:00','2024-10-09 08:45:00',4,1,14,7,0),(2942,34,1,428,'2024-10-09 10:00:00','2024-10-09 11:45:00',2,1,12,7,0),(2943,24,5,91,'2024-10-09 18:15:00','2024-10-09 20:30:00',3,1,2,7,0),(2944,9,1,434,'2024-10-10 07:15:00','2024-10-10 08:45:00',1,1,12,7,0),(2945,5,6,550,'2024-10-10 18:15:00','2024-10-10 19:45:00',8,1,14,7,0),(2946,34,1,434,'2024-10-10 18:15:00','2024-10-10 19:45:00',2,1,12,7,0),(2947,26,5,33,'2024-10-10 18:15:00','2024-10-10 21:15:00',5,1,1,7,0),(2948,36,6,35,'2024-10-10 19:45:00','2024-10-10 22:00:00',5,1,1,7,0),(2949,22,6,13,'2024-10-10 20:30:00','2024-10-10 22:00:00',3,1,1,7,0),(2950,29,1,414,'2024-10-10 20:30:00','2024-10-10 22:00:00',4,1,12,7,0),(2951,36,6,39,'2024-10-11 00:00:00','2024-10-11 00:00:00',3,1,1,7,0),(2952,18,4,470,'2024-10-11 00:00:00','2024-10-11 00:00:00',1,1,11,7,0),(2953,32,3,432,'2024-10-11 00:00:00','2024-10-11 00:00:00',5,1,12,7,0),(2954,56,5,555,'2024-10-11 00:00:00','2024-10-11 00:00:00',2,1,8,7,0),(2955,18,4,483,'2024-10-11 00:00:00','2024-10-11 00:00:00',1,1,11,7,0),(2956,56,5,57,'2024-10-11 00:00:00','2024-10-11 00:00:00',6,1,1,7,0),(2957,22,7,55,'2024-10-11 18:15:00','2024-10-11 20:30:00',4,1,1,7,0),(2958,23,7,29,'2024-10-11 20:30:00','2024-10-11 22:00:00',7,1,1,7,0),(2959,5,7,550,'2024-10-11 20:30:00','2024-10-11 22:00:00',4,1,14,7,0),(2960,25,7,510,'2024-10-12 01:15:00','2024-10-12 06:15:00',1,1,14,7,0),(2961,47,1,186,'2024-10-12 07:00:00','2024-10-12 05:00:00',4,1,4,7,0),(2962,58,2,520,'2024-10-12 07:07:00','2024-10-12 12:00:00',4,1,14,7,0),(2963,38,6,43,'2024-10-12 07:15:00','2024-10-12 13:15:00',1,1,1,7,0),(2964,46,3,186,'2024-10-12 07:15:00','2024-10-12 01:15:00',5,1,4,7,0),(2965,24,5,66,'2024-10-12 14:15:00','2024-10-12 19:00:00',3,1,2,7,0),(2966,29,1,434,'2024-10-15 11:30:00','2024-10-15 13:00:00',1,1,12,7,0),(2967,22,6,44,'2024-10-15 18:15:00','2024-10-15 20:30:00',2,1,1,7,0),(2968,18,3,483,'2024-10-15 18:15:00','2024-10-15 20:00:00',1,1,11,7,0),(2969,28,5,45,'2024-10-15 19:45:00','2024-10-15 22:00:00',3,1,1,7,0),(2970,34,1,448,'2024-10-16 07:00:00','2024-10-16 10:00:00',2,1,12,7,0),(2971,5,7,508,'2024-10-16 07:15:00','2024-10-16 08:45:00',4,1,14,7,0),(2972,34,1,426,'2024-10-17 08:00:00','2024-10-17 10:00:00',2,1,12,7,0),(2973,5,6,550,'2024-10-17 11:00:00','2024-10-17 12:30:00',8,1,14,7,0),(2974,29,1,437,'2024-10-18 18:15:00','2024-10-18 20:30:00',1,1,12,7,0),(2975,18,4,487,'2024-10-18 18:15:00','2024-10-18 19:45:00',1,1,11,7,0),(2976,32,3,432,'2024-10-18 18:15:00','2024-10-18 19:45:00',5,1,12,7,0),(2977,18,4,470,'2024-10-18 20:00:00','2024-10-18 21:00:00',1,1,11,7,0),(2978,46,3,186,'2024-10-19 07:15:00','2024-10-19 13:00:00',5,1,4,7,0),(2979,24,5,70,'2024-10-19 14:15:00','2024-10-19 19:00:00',3,1,2,7,0),(2980,19,7,70,'2024-10-20 14:15:00','2024-10-20 17:30:00',13,1,2,7,0),(2981,23,7,16,'2024-10-20 18:15:00','2024-10-20 20:30:00',1,1,1,7,0),(2982,28,5,17,'2024-10-20 19:45:00','2024-10-20 22:00:00',3,1,1,7,0),(2983,34,1,416,'2024-10-23 07:00:00','2024-10-23 10:00:00',2,1,12,7,0),(2984,5,7,542,'2024-10-23 07:15:00','2024-10-23 08:45:00',4,1,14,7,0),(2985,24,5,91,'2024-10-23 18:00:00','2024-10-23 19:45:00',3,1,2,7,0),(2986,34,1,435,'2024-10-24 07:00:00','2024-10-24 08:45:00',2,1,12,7,0),(2987,5,6,510,'2024-10-24 10:30:00','2024-10-24 12:00:00',8,1,14,7,0),(2988,5,7,531,'2024-10-24 10:30:00','2024-10-24 12:00:00',8,1,14,7,0),(2989,9,1,416,'2024-10-24 10:30:00','2024-10-24 12:00:00',8,1,12,7,0),(2990,6,2,128,'2024-10-24 20:30:00','2024-10-24 21:15:00',8,1,3,7,0),(2991,6,1,142,'2024-10-24 20:30:00','2024-10-24 21:15:00',26,1,3,7,0),(2992,16,1,409,'2024-10-25 08:30:00','2024-10-25 10:30:00',2,1,12,7,0),(2993,56,5,52,'2024-10-25 18:15:00','2024-10-25 20:30:00',6,1,1,7,0),(2994,56,5,555,'2024-10-25 20:30:00','2024-10-25 22:00:00',2,1,8,7,0),(2995,58,5,508,'2024-10-26 07:00:00','2024-10-26 12:00:00',4,1,14,7,0),(2996,37,6,300,'2024-10-26 07:30:00','2024-10-26 13:00:00',1,1,4,7,0),(2997,46,3,186,'2024-10-26 08:00:00','2024-10-26 13:00:00',5,1,4,7,0),(2998,19,2,84,'2024-10-26 10:30:00','2024-10-26 13:00:00',4,1,2,7,0),(2999,19,7,91,'2024-10-26 14:30:00','2024-10-26 18:30:00',13,1,2,7,0),(3000,16,1,393,'2024-10-29 08:00:00','2024-10-29 10:30:00',2,1,12,7,0),(3002,6,5,130,'2024-11-12 18:30:00','2024-11-12 20:00:00',1,1,3,7,1),(3003,16,1,420,'2024-11-12 08:30:00','2024-11-12 10:00:00',2,0,12,7,0),(3004,16,1,420,'2024-11-19 08:30:00','2024-11-19 10:00:00',1,1,12,7,0),(3005,16,1,420,'2024-11-26 08:30:00','2024-11-26 10:00:00',2,0,12,7,0),(3006,16,1,416,'2024-11-12 10:00:00','2024-11-12 11:30:00',2,0,12,7,0),(3007,16,1,416,'2024-11-19 10:00:00','2024-11-19 11:30:00',1,1,12,7,0),(3008,16,1,416,'2024-11-26 10:00:00','2024-11-26 11:30:00',1,0,12,7,0),(3009,5,6,542,'2024-11-13 07:00:00','2024-11-13 10:00:00',1,1,14,7,1),(3011,16,1,437,'2024-11-14 18:00:00','2024-11-14 20:30:00',1,1,12,7,1),(3012,26,5,13,'2024-11-16 07:15:00','2024-11-16 13:00:00',2,0,1,7,0),(3013,26,5,13,'2024-11-23 07:15:00','2024-11-23 13:00:00',5,1,1,7,0),(3014,26,5,13,'2024-11-30 07:15:00','2024-11-30 13:00:00',2,0,1,7,0),(3015,25,7,552,'2024-11-18 07:00:00','2024-11-18 07:30:00',3,1,14,7,1),(3016,23,5,66,'2024-11-18 18:15:00','2024-11-18 19:45:00',3,1,2,7,0),(3017,23,5,66,'2024-11-25 18:15:00','2024-11-25 19:45:00',1,0,2,7,0),(3018,13,2,87,'2024-11-18 18:30:00','2024-11-18 20:30:00',4,1,2,7,1),(3019,32,3,487,'2024-11-18 18:30:00','2024-11-18 21:00:00',1,1,11,7,0),(3020,32,3,487,'2024-11-25 18:30:00','2024-11-25 21:00:00',3,0,11,7,0),(3021,34,7,414,'2024-11-19 12:00:00','2024-11-19 13:00:00',2,1,12,7,1),(3022,28,5,33,'2024-11-19 19:45:00','2024-11-19 22:00:00',3,1,1,7,0),(3023,28,5,33,'2024-11-26 19:45:00','2024-11-26 22:00:00',1,0,1,7,0),(3024,19,7,120,'2024-11-20 18:15:00','2024-11-20 19:45:00',3,1,2,7,1),(3025,34,1,397,'2024-11-21 07:00:00','2024-11-21 10:00:00',1,1,12,7,1),(3026,25,7,551,'2024-11-21 09:00:00','2024-11-21 10:00:00',3,1,14,7,1),(3027,20,2,70,'2024-11-22 18:00:00','2024-11-22 20:00:00',10,1,2,7,1),(3029,25,7,531,'2024-11-23 14:00:00','2024-11-23 19:00:00',3,1,14,7,1),(3031,21,1,29,'2024-12-19 11:00:00','2024-12-19 11:30:00',1,1,1,7,1),(3032,21,1,29,'2024-12-20 11:30:00','2024-12-20 12:00:00',10,1,1,7,1),(3065,24,5,102,'2025-02-25 18:15:00','2025-02-25 19:45:00',0,0,2,8,0),(3066,24,5,102,'2025-03-04 18:15:00','2025-03-04 19:45:00',0,0,2,8,0),(3067,24,5,102,'2025-03-11 18:15:00','2025-03-11 19:45:00',0,0,2,8,0),(3068,24,5,102,'2025-03-18 18:15:00','2025-03-18 19:45:00',0,0,2,8,0),(3069,24,5,102,'2025-03-25 18:15:00','2025-03-25 19:45:00',0,0,2,8,0),(3070,24,5,102,'2025-04-01 18:15:00','2025-04-01 19:45:00',0,0,2,8,0),(3071,24,5,102,'2025-04-08 18:15:00','2025-04-08 19:45:00',0,0,2,8,0),(3072,24,5,102,'2025-04-15 18:15:00','2025-04-15 19:45:00',0,0,2,8,0),(3073,24,5,102,'2025-04-22 18:15:00','2025-04-22 19:45:00',0,0,2,8,0),(3074,24,5,102,'2025-04-29 18:15:00','2025-04-29 19:45:00',0,0,2,8,0),(3075,24,5,102,'2025-05-06 18:15:00','2025-05-06 19:45:00',0,0,2,8,0),(3076,24,5,102,'2025-05-13 18:15:00','2025-05-13 19:45:00',0,0,2,8,0),(3077,24,5,102,'2025-05-20 18:15:00','2025-05-20 19:45:00',0,0,2,8,0),(3078,24,5,102,'2025-05-27 18:15:00','2025-05-27 19:45:00',0,0,2,8,0),(3079,24,5,102,'2025-06-03 18:15:00','2025-06-03 19:45:00',0,0,2,8,0),(3080,24,5,102,'2025-06-10 18:15:00','2025-06-10 19:45:00',0,0,2,8,0),(3082,64,5,52,'2025-02-24 18:15:00','2025-02-24 20:30:00',0,0,1,8,0),(3083,64,5,52,'2025-03-03 18:15:00','2025-03-03 20:30:00',0,0,1,8,0),(3084,64,5,52,'2025-03-10 18:15:00','2025-03-10 20:30:00',0,0,1,8,0),(3085,64,5,52,'2025-03-17 18:15:00','2025-03-17 20:30:00',0,0,1,8,0),(3086,64,5,52,'2025-03-24 18:15:00','2025-03-24 20:30:00',0,0,1,8,0),(3087,64,5,52,'2025-03-31 18:15:00','2025-03-31 20:30:00',0,0,1,8,0),(3088,64,5,52,'2025-04-07 18:15:00','2025-04-07 20:30:00',0,0,1,8,0),(3089,64,5,52,'2025-04-14 18:15:00','2025-04-14 20:30:00',0,0,1,8,0),(3090,64,5,52,'2025-04-21 18:15:00','2025-04-21 20:30:00',0,0,1,8,0),(3091,64,5,52,'2025-04-28 18:15:00','2025-04-28 20:30:00',0,0,1,8,0),(3092,64,5,52,'2025-05-05 18:15:00','2025-05-05 20:30:00',0,0,1,8,0),(3093,64,5,52,'2025-05-12 18:15:00','2025-05-12 20:30:00',0,0,1,8,0),(3094,64,5,52,'2025-05-19 18:15:00','2025-05-19 20:30:00',0,0,1,8,0),(3095,64,5,52,'2025-05-26 18:15:00','2025-05-26 20:30:00',0,0,1,8,0),(3096,64,5,52,'2025-06-02 18:15:00','2025-06-02 20:30:00',0,0,1,8,0),(3097,64,5,52,'2025-06-09 18:15:00','2025-06-09 20:30:00',0,0,1,8,0),(3098,23,7,56,'2025-02-18 19:45:00','2025-02-18 22:00:00',0,0,1,8,0),(3099,23,7,56,'2025-02-25 19:45:00','2025-02-25 22:00:00',0,0,1,8,0),(3100,23,7,56,'2025-03-04 19:45:00','2025-03-04 22:00:00',0,0,1,8,0),(3101,23,7,56,'2025-03-11 19:45:00','2025-03-11 22:00:00',0,0,1,8,0),(3102,23,7,56,'2025-03-18 19:45:00','2025-03-18 22:00:00',0,0,1,8,0),(3103,23,7,56,'2025-03-25 19:45:00','2025-03-25 22:00:00',0,0,1,8,0),(3104,23,7,56,'2025-04-01 19:45:00','2025-04-01 22:00:00',0,0,1,8,0),(3105,23,7,56,'2025-04-08 19:45:00','2025-04-08 22:00:00',0,0,1,8,0),(3106,23,7,56,'2025-04-15 19:45:00','2025-04-15 22:00:00',0,0,1,8,0),(3107,23,7,56,'2025-04-22 19:45:00','2025-04-22 22:00:00',0,0,1,8,0),(3108,23,7,56,'2025-04-29 19:45:00','2025-04-29 22:00:00',0,0,1,8,0),(3109,23,7,56,'2025-05-06 19:45:00','2025-05-06 22:00:00',0,0,1,8,0),(3110,23,7,56,'2025-05-13 19:45:00','2025-05-13 22:00:00',0,0,1,8,0),(3111,23,7,56,'2025-05-20 19:45:00','2025-05-20 22:00:00',0,0,1,8,0),(3112,23,7,56,'2025-05-27 19:45:00','2025-05-27 22:00:00',0,0,1,8,0),(3113,23,7,56,'2025-06-03 19:45:00','2025-06-03 22:00:00',0,0,1,8,0),(3114,23,7,56,'2025-06-10 19:45:00','2025-06-10 22:00:00',0,0,1,8,0),(3115,64,7,57,'2025-02-21 18:15:00','2025-02-21 20:30:00',0,0,1,8,0),(3116,64,7,52,'2025-02-17 18:15:00','2025-02-17 20:30:00',0,0,1,8,0),(3117,64,7,52,'2025-02-24 18:15:00','2025-02-24 20:30:00',0,0,1,8,0),(3118,64,7,52,'2025-03-03 18:15:00','2025-03-03 20:30:00',0,0,1,8,0),(3119,64,7,52,'2025-03-10 18:15:00','2025-03-10 20:30:00',0,0,1,8,0),(3120,64,7,52,'2025-03-17 18:15:00','2025-03-17 20:30:00',0,0,1,8,0),(3121,64,7,52,'2025-03-24 18:15:00','2025-03-24 20:30:00',0,0,1,8,0),(3122,64,7,52,'2025-03-31 18:15:00','2025-03-31 20:30:00',0,0,1,8,0),(3123,64,7,52,'2025-04-07 18:15:00','2025-04-07 20:30:00',0,0,1,8,0),(3124,64,7,52,'2025-04-14 18:15:00','2025-04-14 20:30:00',0,0,1,8,0),(3125,64,7,52,'2025-04-21 18:15:00','2025-04-21 20:30:00',0,0,1,8,0),(3126,64,7,52,'2025-04-28 18:15:00','2025-04-28 20:30:00',0,0,1,8,0),(3127,64,7,52,'2025-05-05 18:15:00','2025-05-05 20:30:00',0,0,1,8,0),(3128,64,7,52,'2025-05-12 18:15:00','2025-05-12 20:30:00',0,0,1,8,0),(3129,64,7,52,'2025-05-19 18:15:00','2025-05-19 20:30:00',0,0,1,8,0),(3130,64,7,52,'2025-05-26 18:15:00','2025-05-26 20:30:00',0,0,1,8,0),(3131,64,7,52,'2025-06-02 18:15:00','2025-06-02 20:30:00',0,0,1,8,0),(3132,64,7,52,'2025-06-09 18:15:00','2025-06-09 20:30:00',0,0,1,8,0),(3133,64,7,41,'2025-02-19 18:15:00','2025-02-19 19:45:00',0,0,1,8,0),(3134,64,7,41,'2025-02-26 18:15:00','2025-02-26 19:45:00',0,0,1,8,0),(3135,64,7,41,'2025-03-05 18:15:00','2025-03-05 19:45:00',0,0,1,8,0),(3136,64,7,41,'2025-03-12 18:15:00','2025-03-12 19:45:00',0,0,1,8,0),(3137,64,7,41,'2025-03-19 18:15:00','2025-03-19 19:45:00',0,0,1,8,0),(3138,64,7,41,'2025-03-26 18:15:00','2025-03-26 19:45:00',0,0,1,8,0),(3139,64,7,41,'2025-04-02 18:15:00','2025-04-02 19:45:00',0,0,1,8,0),(3140,64,7,41,'2025-04-09 18:15:00','2025-04-09 19:45:00',0,0,1,8,0),(3141,64,7,41,'2025-04-16 18:15:00','2025-04-16 19:45:00',0,0,1,8,0),(3142,64,7,41,'2025-04-23 18:15:00','2025-04-23 19:45:00',0,0,1,8,0),(3143,64,7,41,'2025-04-30 18:15:00','2025-04-30 19:45:00',0,0,1,8,0),(3144,64,7,41,'2025-05-07 18:15:00','2025-05-07 19:45:00',0,0,1,8,0),(3145,64,7,41,'2025-05-14 18:15:00','2025-05-14 19:45:00',0,0,1,8,0),(3146,64,7,41,'2025-05-21 18:15:00','2025-05-21 19:45:00',0,0,1,8,0),(3147,64,7,41,'2025-05-28 18:15:00','2025-05-28 19:45:00',0,0,1,8,0),(3148,64,7,41,'2025-06-04 18:15:00','2025-06-04 19:45:00',0,0,1,8,0),(3149,64,7,41,'2025-06-11 18:15:00','2025-06-11 19:45:00',0,0,1,8,0),(3150,28,7,40,'2025-02-19 19:45:00','2025-02-19 22:00:00',0,0,1,8,0),(3151,28,7,40,'2025-02-26 19:45:00','2025-02-26 22:00:00',0,0,1,8,0),(3152,28,7,40,'2025-03-05 19:45:00','2025-03-05 22:00:00',0,0,1,8,0),(3153,28,7,40,'2025-03-12 19:45:00','2025-03-12 22:00:00',0,0,1,8,0),(3154,28,7,40,'2025-03-19 19:45:00','2025-03-19 22:00:00',0,0,1,8,0),(3155,28,7,40,'2025-03-26 19:45:00','2025-03-26 22:00:00',0,0,1,8,0),(3156,28,7,40,'2025-04-02 19:45:00','2025-04-02 22:00:00',0,0,1,8,0),(3157,28,7,40,'2025-04-09 19:45:00','2025-04-09 22:00:00',0,0,1,8,0),(3158,28,7,40,'2025-04-16 19:45:00','2025-04-16 22:00:00',0,0,1,8,0),(3159,28,7,40,'2025-04-23 19:45:00','2025-04-23 22:00:00',0,0,1,8,0),(3160,28,7,40,'2025-04-30 19:45:00','2025-04-30 22:00:00',0,0,1,8,0),(3161,28,7,40,'2025-05-07 19:45:00','2025-05-07 22:00:00',0,0,1,8,0),(3162,28,7,40,'2025-05-14 19:45:00','2025-05-14 22:00:00',0,0,1,8,0),(3163,28,7,40,'2025-05-21 19:45:00','2025-05-21 22:00:00',0,0,1,8,0),(3164,28,7,40,'2025-05-28 19:45:00','2025-05-28 22:00:00',0,0,1,8,0),(3165,28,7,40,'2025-06-04 19:45:00','2025-06-04 22:00:00',0,0,1,8,0),(3166,28,7,40,'2025-06-11 19:45:00','2025-06-11 22:00:00',0,0,1,8,0),(3167,28,7,39,'2025-02-20 19:45:00','2025-02-20 22:00:00',0,0,1,8,0),(3168,28,7,39,'2025-02-27 19:45:00','2025-02-27 22:00:00',0,0,1,8,0),(3169,28,7,39,'2025-03-06 19:45:00','2025-03-06 22:00:00',0,0,1,8,0),(3170,28,7,39,'2025-03-13 19:45:00','2025-03-13 22:00:00',0,0,1,8,0),(3171,28,7,39,'2025-03-20 19:45:00','2025-03-20 22:00:00',0,0,1,8,0),(3172,28,7,39,'2025-03-27 19:45:00','2025-03-27 22:00:00',0,0,1,8,0),(3173,28,7,39,'2025-04-03 19:45:00','2025-04-03 22:00:00',0,0,1,8,0),(3174,28,7,39,'2025-04-10 19:45:00','2025-04-10 22:00:00',0,0,1,8,0),(3175,28,7,39,'2025-04-17 19:45:00','2025-04-17 22:00:00',0,0,1,8,0),(3176,28,7,39,'2025-04-24 19:45:00','2025-04-24 22:00:00',0,0,1,8,0),(3177,28,7,39,'2025-05-01 19:45:00','2025-05-01 22:00:00',0,0,1,8,0),(3178,28,7,39,'2025-05-08 19:45:00','2025-05-08 22:00:00',0,0,1,8,0),(3179,28,7,39,'2025-05-15 19:45:00','2025-05-15 22:00:00',0,0,1,8,0),(3180,28,7,39,'2025-05-22 19:45:00','2025-05-22 22:00:00',0,0,1,8,0),(3181,28,7,39,'2025-05-29 19:45:00','2025-05-29 22:00:00',0,0,1,8,0),(3182,28,7,39,'2025-06-05 19:45:00','2025-06-05 22:00:00',0,0,1,8,0),(3183,28,7,39,'2025-06-12 19:45:00','2025-06-12 22:00:00',0,0,1,8,0),(3184,23,7,23,'2025-02-15 07:15:00','2025-02-15 09:30:00',0,0,1,8,0),(3185,23,7,23,'2025-02-22 07:15:00','2025-02-22 09:30:00',0,0,1,8,0),(3186,23,7,23,'2025-03-01 07:15:00','2025-03-01 09:30:00',0,0,1,8,0),(3187,23,7,23,'2025-03-08 07:15:00','2025-03-08 09:30:00',0,0,1,8,0),(3188,23,7,23,'2025-03-15 07:15:00','2025-03-15 09:30:00',0,0,1,8,0),(3189,23,7,23,'2025-03-22 07:15:00','2025-03-22 09:30:00',0,0,1,8,0),(3190,23,7,23,'2025-03-29 07:15:00','2025-03-29 09:30:00',0,0,1,8,0),(3191,23,7,23,'2025-04-05 07:15:00','2025-04-05 09:30:00',0,0,1,8,0),(3192,23,7,30,'2025-02-15 10:15:00','2025-02-15 12:30:00',0,0,1,8,0),(3193,23,7,30,'2025-02-22 10:15:00','2025-02-22 12:30:00',0,0,1,8,0),(3194,23,7,30,'2025-03-01 10:15:00','2025-03-01 12:30:00',0,0,1,8,0),(3195,23,7,30,'2025-03-08 10:15:00','2025-03-08 12:30:00',0,0,1,8,0),(3196,23,7,30,'2025-03-15 10:15:00','2025-03-15 12:30:00',0,0,1,8,0),(3197,23,7,30,'2025-03-22 10:15:00','2025-03-22 12:30:00',0,0,1,8,0),(3198,23,7,30,'2025-03-29 10:15:00','2025-03-29 12:30:00',0,0,1,8,0),(3199,23,7,30,'2025-04-05 10:15:00','2025-04-05 12:30:00',0,0,1,8,0),(3200,28,7,29,'2025-02-15 14:00:00','2025-02-15 16:15:00',0,0,1,8,0),(3201,28,7,29,'2025-02-22 14:00:00','2025-02-22 16:15:00',0,0,1,8,0),(3202,28,7,29,'2025-03-01 14:00:00','2025-03-01 16:15:00',0,0,1,8,0),(3203,28,7,29,'2025-03-08 14:00:00','2025-03-08 16:15:00',0,0,1,8,0),(3204,28,7,29,'2025-03-15 14:00:00','2025-03-15 16:15:00',0,0,1,8,0),(3205,28,7,29,'2025-03-22 14:00:00','2025-03-22 16:15:00',0,0,1,8,0),(3206,28,7,29,'2025-03-29 14:00:00','2025-03-29 16:15:00',0,0,1,8,0),(3207,28,7,29,'2025-04-05 14:00:00','2025-04-05 16:15:00',0,0,1,8,0),(3208,28,7,33,'2025-02-15 16:30:00','2025-02-15 18:30:00',0,0,1,8,0),(3209,28,7,33,'2025-02-22 16:30:00','2025-02-22 18:30:00',0,0,1,8,0),(3210,28,7,33,'2025-03-01 16:30:00','2025-03-01 18:30:00',0,0,1,8,0),(3211,28,7,33,'2025-03-08 16:30:00','2025-03-08 18:30:00',0,0,1,8,0),(3212,28,7,33,'2025-03-15 16:30:00','2025-03-15 18:30:00',0,0,1,8,0),(3213,28,7,33,'2025-03-22 16:30:00','2025-03-22 18:30:00',0,0,1,8,0),(3214,28,7,33,'2025-03-29 16:30:00','2025-03-29 18:30:00',0,0,1,8,0),(3215,28,7,33,'2025-04-05 16:30:00','2025-04-05 18:30:00',0,0,1,8,0),(3216,64,6,59,'2025-02-18 19:45:00','2025-02-18 22:00:00',0,0,1,8,0),(3217,64,6,59,'2025-02-25 19:45:00','2025-02-25 22:00:00',0,0,1,8,0),(3218,64,6,59,'2025-03-04 19:45:00','2025-03-04 22:00:00',0,0,1,8,0),(3219,64,6,59,'2025-03-11 19:45:00','2025-03-11 22:00:00',0,0,1,8,0),(3220,64,6,59,'2025-03-18 19:45:00','2025-03-18 22:00:00',0,0,1,8,0),(3221,64,6,59,'2025-03-25 19:45:00','2025-03-25 22:00:00',0,0,1,8,0),(3222,64,6,59,'2025-04-01 19:45:00','2025-04-01 22:00:00',0,0,1,8,0),(3223,64,6,59,'2025-04-08 19:45:00','2025-04-08 22:00:00',0,0,1,8,0),(3224,64,6,59,'2025-04-15 19:45:00','2025-04-15 22:00:00',0,0,1,8,0),(3225,64,6,59,'2025-04-22 19:45:00','2025-04-22 22:00:00',0,0,1,8,0),(3226,64,6,59,'2025-04-29 19:45:00','2025-04-29 22:00:00',0,0,1,8,0),(3227,64,6,59,'2025-05-06 19:45:00','2025-05-06 22:00:00',0,0,1,8,0),(3228,64,6,59,'2025-05-13 19:45:00','2025-05-13 22:00:00',0,0,1,8,0),(3229,64,6,59,'2025-05-20 19:45:00','2025-05-20 22:00:00',0,0,1,8,0),(3230,64,6,59,'2025-05-27 19:45:00','2025-05-27 22:00:00',0,0,1,8,0),(3231,64,6,59,'2025-06-03 19:45:00','2025-06-03 22:00:00',0,0,1,8,0),(3232,64,6,59,'2025-06-10 19:45:00','2025-06-10 22:00:00',0,0,1,8,0),(3234,9,1,441,'2025-02-17 18:15:00','2025-02-17 20:30:00',0,0,12,8,0),(3235,9,1,441,'2025-02-24 18:15:00','2025-02-24 20:30:00',0,0,12,8,0),(3236,9,1,441,'2025-03-03 18:15:00','2025-03-03 20:30:00',0,0,12,8,0),(3237,9,1,441,'2025-03-10 18:15:00','2025-03-10 20:30:00',0,0,12,8,0),(3238,9,1,441,'2025-03-17 18:15:00','2025-03-17 20:30:00',0,0,12,8,0),(3239,9,1,441,'2025-03-24 18:15:00','2025-03-24 20:30:00',0,0,12,8,0),(3240,9,1,441,'2025-03-31 18:15:00','2025-03-31 20:30:00',0,0,12,8,0),(3241,9,1,441,'2025-04-07 18:15:00','2025-04-07 20:30:00',0,0,12,8,0),(3242,9,1,441,'2025-04-14 18:15:00','2025-04-14 20:30:00',0,0,12,8,0),(3243,9,1,441,'2025-04-21 18:15:00','2025-04-21 20:30:00',0,0,12,8,0),(3244,9,1,441,'2025-04-28 18:15:00','2025-04-28 20:30:00',0,0,12,8,0),(3245,9,1,441,'2025-05-05 18:15:00','2025-05-05 20:30:00',0,0,12,8,0),(3246,9,1,441,'2025-05-12 18:15:00','2025-05-12 20:30:00',0,0,12,8,0),(3247,9,1,441,'2025-05-19 18:15:00','2025-05-19 20:30:00',0,0,12,8,0),(3248,9,1,441,'2025-05-26 18:15:00','2025-05-26 20:30:00',0,0,12,8,0),(3249,9,1,441,'2025-06-02 18:15:00','2025-06-02 20:30:00',0,0,12,8,0),(3250,9,1,441,'2025-06-09 18:15:00','2025-06-09 20:30:00',0,0,12,8,0),(3251,34,1,431,'2025-02-17 10:15:00','2025-02-17 11:45:00',0,0,12,8,0),(3252,34,1,431,'2025-02-24 10:15:00','2025-02-24 11:45:00',0,0,12,8,0),(3253,34,1,431,'2025-03-03 10:15:00','2025-03-03 11:45:00',0,0,12,8,0),(3254,34,1,431,'2025-03-10 10:15:00','2025-03-10 11:45:00',0,0,12,8,0),(3255,34,1,431,'2025-03-17 10:15:00','2025-03-17 11:45:00',0,0,12,8,0),(3256,34,1,431,'2025-03-24 10:15:00','2025-03-24 11:45:00',0,0,12,8,0),(3257,34,1,431,'2025-03-31 10:15:00','2025-03-31 11:45:00',0,0,12,8,0),(3258,34,1,431,'2025-04-07 10:15:00','2025-04-07 11:45:00',0,0,12,8,0),(3259,34,1,431,'2025-04-14 10:15:00','2025-04-14 11:45:00',0,0,12,8,0),(3260,34,1,431,'2025-04-21 10:15:00','2025-04-21 11:45:00',0,0,12,8,0),(3261,34,1,431,'2025-04-28 10:15:00','2025-04-28 11:45:00',0,0,12,8,0),(3262,34,1,431,'2025-05-05 10:15:00','2025-05-05 11:45:00',0,0,12,8,0),(3263,34,1,431,'2025-05-12 10:15:00','2025-05-12 11:45:00',0,0,12,8,0),(3264,34,1,431,'2025-05-19 10:15:00','2025-05-19 11:45:00',0,0,12,8,0),(3265,34,1,431,'2025-05-26 10:15:00','2025-05-26 11:45:00',0,0,12,8,0),(3266,34,1,431,'2025-06-02 10:15:00','2025-06-02 11:45:00',0,0,12,8,0),(3267,34,1,431,'2025-06-09 10:15:00','2025-06-09 11:45:00',0,0,12,8,0),(3268,16,1,438,'2025-02-18 18:15:00','2025-02-18 19:45:00',0,0,12,8,0),(3269,16,1,438,'2025-02-25 18:15:00','2025-02-25 19:45:00',0,0,12,8,0),(3270,16,1,438,'2025-03-04 18:15:00','2025-03-04 19:45:00',0,0,12,8,0),(3271,16,1,438,'2025-03-11 18:15:00','2025-03-11 19:45:00',0,0,12,8,0),(3272,16,1,438,'2025-03-18 18:15:00','2025-03-18 19:45:00',0,0,12,8,0),(3273,16,1,438,'2025-03-25 18:15:00','2025-03-25 19:45:00',0,0,12,8,0),(3274,16,1,438,'2025-04-01 18:15:00','2025-04-01 19:45:00',0,0,12,8,0),(3275,16,1,438,'2025-04-08 18:15:00','2025-04-08 19:45:00',0,0,12,8,0),(3276,16,1,438,'2025-04-15 18:15:00','2025-04-15 19:45:00',0,0,12,8,0),(3277,16,1,438,'2025-04-22 18:15:00','2025-04-22 19:45:00',0,0,12,8,0),(3278,16,1,438,'2025-04-29 18:15:00','2025-04-29 19:45:00',0,0,12,8,0),(3279,16,1,438,'2025-05-06 18:15:00','2025-05-06 19:45:00',0,0,12,8,0),(3280,16,1,438,'2025-05-13 18:15:00','2025-05-13 19:45:00',0,0,12,8,0),(3281,16,1,438,'2025-05-20 18:15:00','2025-05-20 19:45:00',0,0,12,8,0),(3282,16,1,438,'2025-05-27 18:15:00','2025-05-27 19:45:00',0,0,12,8,0),(3283,16,1,438,'2025-06-03 18:15:00','2025-06-03 19:45:00',0,0,12,8,0),(3284,16,1,438,'2025-06-10 18:15:00','2025-06-10 19:45:00',0,0,12,8,0),(3285,16,1,440,'2025-02-18 19:45:00','2025-02-18 22:00:00',0,0,12,8,0),(3286,16,1,440,'2025-02-25 19:45:00','2025-02-25 22:00:00',0,0,12,8,0),(3287,16,1,440,'2025-03-04 19:45:00','2025-03-04 22:00:00',0,0,12,8,0),(3288,16,1,440,'2025-03-11 19:45:00','2025-03-11 22:00:00',0,0,12,8,0),(3289,16,1,440,'2025-03-18 19:45:00','2025-03-18 22:00:00',0,0,12,8,0),(3290,16,1,440,'2025-03-25 19:45:00','2025-03-25 22:00:00',0,0,12,8,0),(3291,16,1,440,'2025-04-01 19:45:00','2025-04-01 22:00:00',0,0,12,8,0),(3292,16,1,440,'2025-04-08 19:45:00','2025-04-08 22:00:00',0,0,12,8,0),(3293,16,1,440,'2025-04-15 19:45:00','2025-04-15 22:00:00',0,0,12,8,0),(3294,16,1,440,'2025-04-22 19:45:00','2025-04-22 22:00:00',0,0,12,8,0),(3295,16,1,440,'2025-04-29 19:45:00','2025-04-29 22:00:00',0,0,12,8,0),(3296,16,1,440,'2025-05-06 19:45:00','2025-05-06 22:00:00',0,0,12,8,0),(3297,16,1,440,'2025-05-13 19:45:00','2025-05-13 22:00:00',0,0,12,8,0),(3298,16,1,440,'2025-05-20 19:45:00','2025-05-20 22:00:00',0,0,12,8,0),(3299,16,1,440,'2025-05-27 19:45:00','2025-05-27 22:00:00',0,0,12,8,0),(3300,16,1,440,'2025-06-03 19:45:00','2025-06-03 22:00:00',0,0,12,8,0),(3301,16,1,440,'2025-06-10 19:45:00','2025-06-10 22:00:00',0,0,12,8,0),(3304,9,1,398,'2025-02-18 07:15:00','2025-02-18 09:30:00',0,0,12,8,0),(3305,9,1,398,'2025-02-25 07:15:00','2025-02-25 09:30:00',0,0,12,8,0),(3306,9,1,398,'2025-03-04 07:15:00','2025-03-04 09:30:00',0,0,12,8,0),(3307,9,1,398,'2025-03-11 07:15:00','2025-03-11 09:30:00',0,0,12,8,0),(3308,9,1,398,'2025-03-18 07:15:00','2025-03-18 09:30:00',0,0,12,8,0),(3309,9,1,398,'2025-03-25 07:15:00','2025-03-25 09:30:00',0,0,12,8,0),(3310,9,1,398,'2025-04-01 07:15:00','2025-04-01 09:30:00',0,0,12,8,0),(3311,9,1,398,'2025-04-08 07:15:00','2025-04-08 09:30:00',0,0,12,8,0),(3312,9,1,398,'2025-04-15 07:15:00','2025-04-15 09:30:00',0,0,12,8,0),(3313,9,1,398,'2025-04-22 07:15:00','2025-04-22 09:30:00',0,0,12,8,0),(3314,9,1,398,'2025-04-29 07:15:00','2025-04-29 09:30:00',0,0,12,8,0),(3315,9,1,398,'2025-05-06 07:15:00','2025-05-06 09:30:00',0,0,12,8,0),(3316,9,1,398,'2025-05-13 07:15:00','2025-05-13 09:30:00',0,0,12,8,0),(3317,9,1,398,'2025-05-20 07:15:00','2025-05-20 09:30:00',0,0,12,8,0),(3318,9,1,398,'2025-05-27 07:15:00','2025-05-27 09:30:00',0,0,12,8,0),(3319,9,1,398,'2025-06-03 07:15:00','2025-06-03 09:30:00',0,0,12,8,0),(3320,9,1,398,'2025-06-10 07:15:00','2025-06-10 09:30:00',0,0,12,8,0),(3321,34,1,435,'2025-02-18 10:15:00','2025-02-18 12:30:00',0,0,12,8,0),(3322,34,1,435,'2025-02-25 10:15:00','2025-02-25 12:30:00',0,0,12,8,0),(3323,34,1,435,'2025-03-04 10:15:00','2025-03-04 12:30:00',0,0,12,8,0),(3324,34,1,435,'2025-03-11 10:15:00','2025-03-11 12:30:00',0,0,12,8,0),(3325,34,1,435,'2025-03-18 10:15:00','2025-03-18 12:30:00',0,0,12,8,0),(3326,34,1,435,'2025-03-25 10:15:00','2025-03-25 12:30:00',0,0,12,8,0),(3327,34,1,435,'2025-04-01 10:15:00','2025-04-01 12:30:00',0,0,12,8,0),(3328,34,1,435,'2025-04-08 10:15:00','2025-04-08 12:30:00',0,0,12,8,0),(3329,34,1,435,'2025-04-15 10:15:00','2025-04-15 12:30:00',0,0,12,8,0),(3330,34,1,435,'2025-04-22 10:15:00','2025-04-22 12:30:00',0,0,12,8,0),(3331,34,1,435,'2025-04-29 10:15:00','2025-04-29 12:30:00',0,0,12,8,0),(3332,34,1,435,'2025-05-06 10:15:00','2025-05-06 12:30:00',0,0,12,8,0),(3333,34,1,435,'2025-05-13 10:15:00','2025-05-13 12:30:00',0,0,12,8,0),(3334,34,1,435,'2025-05-20 10:15:00','2025-05-20 12:30:00',0,0,12,8,0),(3335,34,1,435,'2025-05-27 10:15:00','2025-05-27 12:30:00',0,0,12,8,0),(3336,34,1,435,'2025-06-03 10:15:00','2025-06-03 12:30:00',0,0,12,8,0),(3337,34,1,435,'2025-06-10 10:15:00','2025-06-10 12:30:00',0,0,12,8,0),(3338,16,1,432,'2025-02-19 10:15:00','2025-02-19 11:45:00',0,0,12,8,0),(3339,16,1,432,'2025-02-26 10:15:00','2025-02-26 11:45:00',0,0,12,8,0),(3340,16,1,432,'2025-03-05 10:15:00','2025-03-05 11:45:00',0,0,12,8,0),(3341,16,1,432,'2025-03-12 10:15:00','2025-03-12 11:45:00',0,0,12,8,0),(3342,16,1,432,'2025-03-19 10:15:00','2025-03-19 11:45:00',0,0,12,8,0),(3343,16,1,432,'2025-03-26 10:15:00','2025-03-26 11:45:00',0,0,12,8,0),(3344,16,1,432,'2025-04-02 10:15:00','2025-04-02 11:45:00',0,0,12,8,0),(3345,16,1,432,'2025-04-09 10:15:00','2025-04-09 11:45:00',0,0,12,8,0),(3346,16,1,432,'2025-04-16 10:15:00','2025-04-16 11:45:00',0,0,12,8,0),(3347,16,1,432,'2025-04-23 10:15:00','2025-04-23 11:45:00',0,0,12,8,0),(3348,16,1,432,'2025-04-30 10:15:00','2025-04-30 11:45:00',0,0,12,8,0),(3349,16,1,432,'2025-05-07 10:15:00','2025-05-07 11:45:00',0,0,12,8,0),(3350,16,1,432,'2025-05-14 10:15:00','2025-05-14 11:45:00',0,0,12,8,0),(3351,16,1,432,'2025-05-21 10:15:00','2025-05-21 11:45:00',0,0,12,8,0),(3352,16,1,432,'2025-05-28 10:15:00','2025-05-28 11:45:00',0,0,12,8,0),(3353,16,1,432,'2025-06-04 10:15:00','2025-06-04 11:45:00',0,0,12,8,0),(3354,16,1,432,'2025-06-11 10:15:00','2025-06-11 11:45:00',0,0,12,8,0),(3355,9,1,402,'2025-02-19 07:15:00','2025-02-19 08:00:00',0,0,12,8,0),(3356,9,1,402,'2025-02-26 07:15:00','2025-02-26 08:00:00',0,0,12,8,0),(3357,9,1,402,'2025-03-05 07:15:00','2025-03-05 08:00:00',0,0,12,8,0),(3358,9,1,402,'2025-03-12 07:15:00','2025-03-12 08:00:00',0,0,12,8,0),(3359,9,1,402,'2025-03-19 07:15:00','2025-03-19 08:00:00',0,0,12,8,0),(3360,9,1,402,'2025-03-26 07:15:00','2025-03-26 08:00:00',0,0,12,8,0),(3361,9,1,402,'2025-04-02 07:15:00','2025-04-02 08:00:00',0,0,12,8,0),(3362,9,1,402,'2025-04-09 07:15:00','2025-04-09 08:00:00',0,0,12,8,0),(3363,9,1,402,'2025-04-16 07:15:00','2025-04-16 08:00:00',0,0,12,8,0),(3364,9,1,402,'2025-04-23 07:15:00','2025-04-23 08:00:00',0,0,12,8,0),(3365,9,1,402,'2025-04-30 07:15:00','2025-04-30 08:00:00',0,0,12,8,0),(3366,9,1,402,'2025-05-07 07:15:00','2025-05-07 08:00:00',0,0,12,8,0),(3367,9,1,402,'2025-05-14 07:15:00','2025-05-14 08:00:00',0,0,12,8,0),(3368,9,1,402,'2025-05-21 07:15:00','2025-05-21 08:00:00',0,0,12,8,0),(3369,9,1,402,'2025-05-28 07:15:00','2025-05-28 08:00:00',0,0,12,8,0),(3370,9,1,402,'2025-06-04 07:15:00','2025-06-04 08:00:00',0,0,12,8,0),(3371,9,1,402,'2025-06-11 07:15:00','2025-06-11 08:00:00',0,0,12,8,0),(3372,34,1,442,'2025-02-19 18:15:00','2025-02-19 20:30:00',0,0,12,8,0),(3373,34,1,442,'2025-02-26 18:15:00','2025-02-26 20:30:00',0,0,12,8,0),(3374,34,1,442,'2025-03-05 18:15:00','2025-03-05 20:30:00',0,0,12,8,0),(3375,34,1,442,'2025-03-12 18:15:00','2025-03-12 20:30:00',0,0,12,8,0),(3376,34,1,442,'2025-03-19 18:15:00','2025-03-19 20:30:00',0,0,12,8,0),(3377,34,1,442,'2025-03-26 18:15:00','2025-03-26 20:30:00',0,0,12,8,0),(3378,34,1,442,'2025-04-02 18:15:00','2025-04-02 20:30:00',0,0,12,8,0),(3379,34,1,442,'2025-04-09 18:15:00','2025-04-09 20:30:00',0,0,12,8,0),(3380,34,1,442,'2025-04-16 18:15:00','2025-04-16 20:30:00',0,0,12,8,0),(3381,34,1,442,'2025-04-23 18:15:00','2025-04-23 20:30:00',0,0,12,8,0),(3382,34,1,442,'2025-04-30 18:15:00','2025-04-30 20:30:00',0,0,12,8,0),(3383,34,1,442,'2025-05-07 18:15:00','2025-05-07 20:30:00',0,0,12,8,0),(3384,34,1,442,'2025-05-14 18:15:00','2025-05-14 20:30:00',0,0,12,8,0),(3385,34,1,442,'2025-05-21 18:15:00','2025-05-21 20:30:00',0,0,12,8,0),(3386,34,1,442,'2025-05-28 18:15:00','2025-05-28 20:30:00',0,0,12,8,0),(3387,34,1,442,'2025-06-04 18:15:00','2025-06-04 20:30:00',0,0,12,8,0),(3388,34,1,442,'2025-06-11 18:15:00','2025-06-11 20:30:00',0,0,12,8,0),(3389,16,1,403,'2025-02-20 10:15:00','2025-02-20 12:30:00',0,0,12,8,0),(3390,16,1,403,'2025-02-27 10:15:00','2025-02-27 12:30:00',0,0,12,8,0),(3391,16,1,403,'2025-03-06 10:15:00','2025-03-06 12:30:00',0,0,12,8,0),(3392,16,1,403,'2025-03-13 10:15:00','2025-03-13 12:30:00',0,0,12,8,0),(3393,16,1,403,'2025-03-20 10:15:00','2025-03-20 12:30:00',0,0,12,8,0),(3394,16,1,403,'2025-03-27 10:15:00','2025-03-27 12:30:00',0,0,12,8,0),(3395,16,1,403,'2025-04-03 10:15:00','2025-04-03 12:30:00',0,0,12,8,0),(3396,16,1,403,'2025-04-10 10:15:00','2025-04-10 12:30:00',0,0,12,8,0),(3397,16,1,403,'2025-04-17 10:15:00','2025-04-17 12:30:00',0,0,12,8,0),(3398,16,1,403,'2025-04-24 10:15:00','2025-04-24 12:30:00',0,0,12,8,0),(3399,16,1,403,'2025-05-01 10:15:00','2025-05-01 12:30:00',0,0,12,8,0),(3400,16,1,403,'2025-05-08 10:15:00','2025-05-08 12:30:00',0,0,12,8,0),(3401,16,1,403,'2025-05-15 10:15:00','2025-05-15 12:30:00',0,0,12,8,0),(3402,16,1,403,'2025-05-22 10:15:00','2025-05-22 12:30:00',0,0,12,8,0),(3403,16,1,403,'2025-05-29 10:15:00','2025-05-29 12:30:00',0,0,12,8,0),(3404,16,1,403,'2025-06-05 10:15:00','2025-06-05 12:30:00',0,0,12,8,0),(3405,16,1,403,'2025-06-12 10:15:00','2025-06-12 12:30:00',0,0,12,8,0),(3406,9,1,443,'2025-02-20 19:45:00','2025-02-20 22:00:00',0,0,12,8,0),(3407,9,1,443,'2025-02-27 19:45:00','2025-02-27 22:00:00',0,0,12,8,0),(3408,9,1,443,'2025-03-06 19:45:00','2025-03-06 22:00:00',0,0,12,8,0),(3409,9,1,443,'2025-03-13 19:45:00','2025-03-13 22:00:00',0,0,12,8,0),(3410,9,1,443,'2025-03-20 19:45:00','2025-03-20 22:00:00',0,0,12,8,0),(3411,9,1,443,'2025-03-27 19:45:00','2025-03-27 22:00:00',0,0,12,8,0),(3412,9,1,443,'2025-04-03 19:45:00','2025-04-03 22:00:00',0,0,12,8,0),(3413,9,1,443,'2025-04-10 19:45:00','2025-04-10 22:00:00',0,0,12,8,0),(3414,9,1,443,'2025-04-17 19:45:00','2025-04-17 22:00:00',0,0,12,8,0),(3415,9,1,443,'2025-04-24 19:45:00','2025-04-24 22:00:00',0,0,12,8,0),(3416,9,1,443,'2025-05-01 19:45:00','2025-05-01 22:00:00',0,0,12,8,0),(3417,9,1,443,'2025-05-08 19:45:00','2025-05-08 22:00:00',0,0,12,8,0),(3418,9,1,443,'2025-05-15 19:45:00','2025-05-15 22:00:00',0,0,12,8,0),(3419,9,1,443,'2025-05-22 19:45:00','2025-05-22 22:00:00',0,0,12,8,0),(3420,9,1,443,'2025-05-29 19:45:00','2025-05-29 22:00:00',0,0,12,8,0),(3421,9,1,443,'2025-06-05 19:45:00','2025-06-05 22:00:00',0,0,12,8,0),(3422,9,1,443,'2025-06-12 19:45:00','2025-06-12 22:00:00',0,0,12,8,0),(3423,34,1,444,'2025-02-20 07:15:00','2025-02-20 09:30:00',0,0,12,8,0),(3424,34,1,444,'2025-02-27 07:15:00','2025-02-27 09:30:00',0,0,12,8,0),(3425,34,1,444,'2025-03-06 07:15:00','2025-03-06 09:30:00',0,0,12,8,0),(3426,34,1,444,'2025-03-13 07:15:00','2025-03-13 09:30:00',0,0,12,8,0),(3427,34,1,444,'2025-03-20 07:15:00','2025-03-20 21:30:00',0,0,12,8,0),(3428,34,1,444,'2025-03-27 07:15:00','2025-03-27 21:30:00',0,0,12,8,0),(3429,34,1,444,'2025-04-03 07:15:00','2025-04-03 21:30:00',0,0,12,8,0),(3430,34,1,444,'2025-04-10 07:15:00','2025-04-10 21:30:00',0,0,12,8,0),(3431,34,1,444,'2025-04-17 07:15:00','2025-04-17 21:30:00',0,0,12,8,0),(3432,34,1,444,'2025-04-24 07:15:00','2025-04-24 21:30:00',0,0,12,8,0),(3433,34,1,444,'2025-05-01 07:15:00','2025-05-01 21:30:00',0,0,12,8,0),(3434,34,1,444,'2025-05-08 07:15:00','2025-05-08 21:30:00',0,0,12,8,0),(3435,34,1,444,'2025-05-15 07:15:00','2025-05-15 21:30:00',0,0,12,8,0),(3436,34,1,444,'2025-05-22 07:15:00','2025-05-22 21:30:00',0,0,12,8,0),(3437,34,1,444,'2025-05-29 07:15:00','2025-05-29 21:30:00',0,0,12,8,0),(3438,34,1,444,'2025-06-05 07:15:00','2025-06-05 21:30:00',0,0,12,8,0),(3439,34,1,444,'2025-06-12 07:15:00','2025-06-12 21:30:00',0,0,12,8,0),(3440,34,1,400,'2025-02-21 10:15:00','2025-02-21 12:30:00',0,0,12,8,0),(3441,34,1,400,'2025-02-28 10:15:00','2025-02-28 12:30:00',0,0,12,8,0),(3442,34,1,400,'2025-03-07 10:15:00','2025-03-07 12:30:00',0,0,12,8,0),(3443,34,1,400,'2025-03-14 10:15:00','2025-03-14 12:30:00',0,0,12,8,0),(3444,34,1,400,'2025-03-21 10:15:00','2025-03-21 12:30:00',0,0,12,8,0),(3445,34,1,400,'2025-03-28 10:15:00','2025-03-28 12:30:00',0,0,12,8,0),(3446,34,1,400,'2025-04-04 10:15:00','2025-04-04 12:30:00',0,0,12,8,0),(3447,34,1,400,'2025-04-11 10:15:00','2025-04-11 12:30:00',0,0,12,8,0),(3448,34,1,400,'2025-04-18 10:15:00','2025-04-18 12:30:00',0,0,12,8,0),(3449,34,1,400,'2025-04-25 10:15:00','2025-04-25 12:30:00',0,0,12,8,0),(3450,34,1,400,'2025-05-02 10:15:00','2025-05-02 12:30:00',0,0,12,8,0),(3451,34,1,400,'2025-05-09 10:15:00','2025-05-09 12:30:00',0,0,12,8,0),(3452,34,1,400,'2025-05-16 10:15:00','2025-05-16 12:30:00',0,0,12,8,0),(3453,34,1,400,'2025-05-23 10:15:00','2025-05-23 12:30:00',0,0,12,8,0),(3454,34,1,400,'2025-05-30 10:15:00','2025-05-30 12:30:00',0,0,12,8,0),(3455,34,1,400,'2025-06-06 10:15:00','2025-06-06 12:30:00',0,0,12,8,0),(3456,34,1,400,'2025-06-13 10:15:00','2025-06-13 12:30:00',0,0,12,8,0),(3457,34,1,401,'2025-02-21 07:15:00','2025-02-21 08:30:00',0,0,12,8,0),(3458,34,1,401,'2025-02-28 07:15:00','2025-02-28 08:30:00',0,0,12,8,0),(3459,34,1,401,'2025-03-07 07:15:00','2025-03-07 08:30:00',0,0,12,8,0),(3460,34,1,401,'2025-03-14 07:15:00','2025-03-14 08:30:00',0,0,12,8,0),(3461,34,1,401,'2025-03-21 07:15:00','2025-03-21 08:30:00',0,0,12,8,0),(3462,34,1,401,'2025-03-28 07:15:00','2025-03-28 08:30:00',0,0,12,8,0),(3463,34,1,401,'2025-04-04 07:15:00','2025-04-04 08:30:00',0,0,12,8,0),(3464,34,1,401,'2025-04-11 07:15:00','2025-04-11 08:30:00',0,0,12,8,0),(3465,34,1,401,'2025-04-18 07:15:00','2025-04-18 08:30:00',0,0,12,8,0),(3466,34,1,401,'2025-04-25 07:15:00','2025-04-25 08:30:00',0,0,12,8,0),(3467,34,1,401,'2025-05-02 07:15:00','2025-05-02 08:30:00',0,0,12,8,0),(3468,34,1,401,'2025-05-09 07:15:00','2025-05-09 08:30:00',0,0,12,8,0),(3469,34,1,401,'2025-05-16 07:15:00','2025-05-16 08:30:00',0,0,12,8,0),(3470,34,1,401,'2025-05-23 07:15:00','2025-05-23 08:30:00',0,0,12,8,0),(3471,34,1,401,'2025-05-30 07:15:00','2025-05-30 08:30:00',0,0,12,8,0),(3472,34,1,401,'2025-06-06 07:15:00','2025-06-06 08:30:00',0,0,12,8,0),(3473,34,1,401,'2025-06-13 07:15:00','2025-06-13 08:30:00',0,0,12,8,0),(3475,57,2,538,'2025-02-22 07:15:00','2025-02-22 09:30:00',0,0,14,8,0),(3476,57,2,538,'2025-03-01 07:15:00','2025-03-01 09:30:00',0,0,14,8,0),(3477,57,2,538,'2025-03-08 07:15:00','2025-03-08 09:30:00',0,0,14,8,0),(3478,57,2,538,'2025-03-15 07:15:00','2025-03-15 09:30:00',0,0,14,8,0),(3479,57,2,538,'2025-03-22 07:15:00','2025-03-22 09:30:00',0,0,14,8,0),(3480,57,2,538,'2025-03-29 07:15:00','2025-03-29 09:30:00',0,0,14,8,0),(3481,57,2,538,'2025-04-05 07:15:00','2025-04-05 09:30:00',0,0,14,8,0),(3483,57,2,532,'2025-02-22 10:15:00','2025-02-22 12:30:00',0,0,14,8,0),(3484,57,2,532,'2025-03-01 10:15:00','2025-03-01 12:30:00',0,0,14,8,0),(3485,57,2,532,'2025-03-08 10:15:00','2025-03-08 12:30:00',0,0,14,8,0),(3486,57,2,532,'2025-03-15 10:15:00','2025-03-15 12:30:00',0,0,14,8,0),(3487,57,2,532,'2025-03-22 10:15:00','2025-03-22 12:30:00',0,0,14,8,0),(3488,57,2,532,'2025-03-29 10:15:00','2025-03-29 12:30:00',0,0,14,8,0),(3489,57,2,532,'2025-04-05 10:15:00','2025-04-05 12:30:00',0,0,14,8,0),(3491,27,2,542,'2025-02-22 16:30:00','2025-02-22 18:30:00',0,0,14,8,0),(3492,27,2,542,'2025-03-01 16:30:00','2025-03-01 18:30:00',0,0,14,8,0),(3493,27,2,542,'2025-03-08 16:30:00','2025-03-08 18:30:00',0,0,14,8,0),(3494,27,2,542,'2025-03-15 16:30:00','2025-03-15 18:30:00',0,0,14,8,0),(3495,27,2,542,'2025-03-22 16:30:00','2025-03-22 18:30:00',0,0,14,8,0),(3496,27,2,542,'2025-03-29 16:30:00','2025-03-29 18:30:00',0,0,14,8,0),(3497,27,2,542,'2025-04-05 16:30:00','2025-04-05 18:30:00',0,0,14,8,0),(3498,57,4,549,'2025-02-15 16:30:00','2025-02-15 18:30:00',0,0,14,8,0),(3499,57,4,549,'2025-02-22 14:00:00','2025-02-22 16:30:00',0,0,14,8,0),(3500,57,4,549,'2025-03-01 14:00:00','2025-03-01 16:30:00',0,0,14,8,0),(3501,57,4,549,'2025-03-08 14:00:00','2025-03-08 16:30:00',0,0,14,8,0),(3502,57,4,549,'2025-03-15 14:00:00','2025-03-15 16:30:00',0,0,14,8,0),(3503,57,4,549,'2025-03-22 14:00:00','2025-03-22 16:30:00',0,0,14,8,0),(3504,57,4,549,'2025-03-29 14:00:00','2025-03-29 16:30:00',0,0,14,8,0),(3505,57,4,549,'2025-04-05 14:00:00','2025-04-05 16:30:00',0,0,14,8,0),(3506,5,4,545,'2025-04-12 14:00:00','2025-04-12 16:15:00',0,0,14,8,0),(3507,5,4,545,'2025-04-19 14:00:00','2025-04-19 16:15:00',0,0,14,8,0),(3508,5,4,545,'2025-04-26 14:00:00','2025-04-26 16:15:00',0,0,14,8,0),(3509,5,4,545,'2025-05-03 14:00:00','2025-05-03 16:15:00',0,0,14,8,0),(3510,5,4,545,'2025-05-10 14:00:00','2025-05-10 16:15:00',0,0,14,8,0),(3511,5,4,545,'2025-05-17 14:00:00','2025-05-17 16:15:00',0,0,14,8,0),(3512,5,4,545,'2025-05-24 14:00:00','2025-05-24 16:15:00',0,0,14,8,0),(3513,5,4,545,'2025-05-31 14:00:00','2025-05-31 16:15:00',0,0,14,8,0),(3514,5,4,545,'2025-06-07 14:00:00','2025-06-07 16:15:00',0,0,14,8,0),(3515,27,4,548,'2025-04-12 16:30:00','2025-04-12 18:30:00',0,0,14,8,0),(3516,27,4,548,'2025-04-19 16:30:00','2025-04-19 18:30:00',0,0,14,8,0),(3517,27,4,548,'2025-04-26 16:30:00','2025-04-26 18:30:00',0,0,14,8,0),(3518,27,4,548,'2025-05-03 16:30:00','2025-05-03 18:30:00',0,0,14,8,0),(3519,27,4,548,'2025-05-10 16:30:00','2025-05-10 18:30:00',0,0,14,8,0),(3520,27,4,548,'2025-05-17 16:30:00','2025-05-17 18:30:00',0,0,14,8,0),(3521,27,4,548,'2025-05-24 16:30:00','2025-05-24 18:30:00',0,0,14,8,0),(3522,27,4,548,'2025-05-31 16:30:00','2025-05-31 18:30:00',0,0,14,8,0),(3523,27,4,548,'2025-06-07 16:30:00','2025-06-07 18:30:00',0,0,14,8,0),(3524,5,6,531,'2025-02-17 07:15:00','2025-02-17 08:45:00',0,0,14,8,0),(3525,5,6,531,'2025-02-24 07:15:00','2025-02-24 08:45:00',0,0,14,8,0),(3526,5,6,531,'2025-03-03 07:15:00','2025-03-03 08:45:00',0,0,14,8,0),(3527,5,6,531,'2025-03-10 07:15:00','2025-03-10 08:45:00',0,0,14,8,0),(3528,5,6,531,'2025-03-17 07:15:00','2025-03-17 08:45:00',0,0,14,8,0),(3529,5,6,531,'2025-03-24 07:15:00','2025-03-24 08:45:00',0,0,14,8,0),(3530,5,6,531,'2025-03-31 07:15:00','2025-03-31 08:45:00',0,0,14,8,0),(3531,5,6,531,'2025-04-07 07:15:00','2025-04-07 08:45:00',0,0,14,8,0),(3532,5,6,531,'2025-04-14 07:15:00','2025-04-14 08:45:00',0,0,14,8,0),(3533,5,6,531,'2025-04-21 07:15:00','2025-04-21 08:45:00',0,0,14,8,0),(3534,5,6,531,'2025-04-28 07:15:00','2025-04-28 08:45:00',0,0,14,8,0),(3535,5,6,531,'2025-05-05 07:15:00','2025-05-05 08:45:00',0,0,14,8,0),(3536,5,6,531,'2025-05-12 07:15:00','2025-05-12 08:45:00',0,0,14,8,0),(3537,5,6,531,'2025-05-19 07:15:00','2025-05-19 08:45:00',0,0,14,8,0),(3538,5,6,531,'2025-05-26 07:15:00','2025-05-26 08:45:00',0,0,14,8,0),(3539,5,6,531,'2025-06-02 07:15:00','2025-06-02 08:45:00',0,0,14,8,0),(3540,5,6,532,'2025-02-17 08:45:00','2025-02-17 10:15:00',0,0,14,8,0),(3541,5,6,532,'2025-02-24 07:45:00','2025-02-24 08:45:00',0,0,14,8,0),(3542,5,6,532,'2025-03-03 07:45:00','2025-03-03 08:45:00',0,0,14,8,0),(3543,5,6,532,'2025-03-10 07:45:00','2025-03-10 08:45:00',0,0,14,8,0),(3544,5,6,532,'2025-03-17 07:45:00','2025-03-17 08:45:00',0,0,14,8,0),(3545,5,6,532,'2025-03-24 07:45:00','2025-03-24 08:45:00',0,0,14,8,0),(3546,5,6,532,'2025-03-31 07:45:00','2025-03-31 08:45:00',0,0,14,8,0),(3547,5,6,532,'2025-04-07 07:45:00','2025-04-07 08:45:00',0,0,14,8,0),(3548,5,6,532,'2025-04-14 07:45:00','2025-04-14 08:45:00',0,0,14,8,0),(3549,5,6,532,'2025-04-21 07:45:00','2025-04-21 08:45:00',0,0,14,8,0),(3550,5,6,532,'2025-04-28 07:45:00','2025-04-28 08:45:00',0,0,14,8,0),(3551,5,6,532,'2025-05-05 07:45:00','2025-05-05 08:45:00',0,0,14,8,0),(3552,5,6,532,'2025-05-12 07:45:00','2025-05-12 08:45:00',0,0,14,8,0),(3553,5,6,532,'2025-05-19 07:45:00','2025-05-19 08:45:00',0,0,14,8,0),(3554,5,6,532,'2025-05-26 07:45:00','2025-05-26 08:45:00',0,0,14,8,0),(3555,5,6,532,'2025-06-02 07:45:00','2025-06-02 08:45:00',0,0,14,8,0),(3556,5,6,536,'2025-02-18 07:15:00','2025-02-18 08:45:00',0,0,14,8,0),(3557,5,6,536,'2025-02-25 07:15:00','2025-02-25 08:45:00',0,0,14,8,0),(3558,5,6,536,'2025-03-04 07:15:00','2025-03-04 08:45:00',0,0,14,8,0),(3559,5,6,536,'2025-03-11 07:15:00','2025-03-11 08:45:00',0,0,14,8,0),(3560,5,6,536,'2025-03-18 07:15:00','2025-03-18 08:45:00',0,0,14,8,0),(3561,5,6,536,'2025-03-25 07:15:00','2025-03-25 08:45:00',0,0,14,8,0),(3562,5,6,536,'2025-04-01 07:15:00','2025-04-01 08:45:00',0,0,14,8,0),(3563,5,6,536,'2025-04-08 07:15:00','2025-04-08 08:45:00',0,0,14,8,0),(3564,5,6,536,'2025-04-15 07:15:00','2025-04-15 08:45:00',0,0,14,8,0),(3565,5,6,536,'2025-04-22 07:15:00','2025-04-22 08:45:00',0,0,14,8,0),(3566,5,6,536,'2025-04-29 07:15:00','2025-04-29 08:45:00',0,0,14,8,0),(3567,5,6,536,'2025-05-06 07:15:00','2025-05-06 08:45:00',0,0,14,8,0),(3568,5,6,536,'2025-05-13 07:15:00','2025-05-13 08:45:00',0,0,14,8,0),(3569,5,6,536,'2025-05-20 07:15:00','2025-05-20 08:45:00',0,0,14,8,0),(3571,5,6,536,'2025-05-27 07:15:00','2025-05-27 08:45:00',0,0,14,8,0),(3572,5,6,536,'2025-02-25 07:15:00','2025-02-25 08:45:00',0,0,14,8,0),(3573,5,6,536,'2025-06-03 07:15:00','2025-06-03 08:45:00',0,0,14,8,0),(3574,5,6,536,'2025-03-04 07:15:00','2025-03-04 08:45:00',0,0,14,8,0),(3575,5,6,536,'2025-03-11 07:15:00','2025-03-11 08:45:00',0,0,14,8,0),(3576,5,6,536,'2025-03-18 07:15:00','2025-03-18 08:45:00',0,0,14,8,0),(3577,5,6,536,'2025-03-25 07:15:00','2025-03-25 08:45:00',0,0,14,8,0),(3578,5,6,536,'2025-04-01 07:15:00','2025-04-01 08:45:00',0,0,14,8,0),(3579,5,6,536,'2025-04-08 07:15:00','2025-04-08 08:45:00',0,0,14,8,0),(3580,5,6,536,'2025-04-15 07:15:00','2025-04-15 08:45:00',0,0,14,8,0),(3581,5,6,536,'2025-04-22 07:15:00','2025-04-22 08:45:00',0,0,14,8,0),(3582,5,6,536,'2025-04-29 07:15:00','2025-04-29 08:45:00',0,0,14,8,0),(3583,5,6,536,'2025-05-06 07:15:00','2025-05-06 08:45:00',0,0,14,8,0),(3584,5,6,536,'2025-05-13 07:15:00','2025-05-13 08:45:00',0,0,14,8,0),(3585,5,6,536,'2025-05-20 07:15:00','2025-05-20 08:45:00',0,0,14,8,0),(3586,5,6,536,'2025-05-27 07:15:00','2025-05-27 08:45:00',0,0,14,8,0),(3587,5,6,536,'2025-06-03 07:15:00','2025-06-03 08:45:00',0,0,14,8,0),(3588,5,6,537,'2025-02-18 08:45:00','2025-02-18 10:15:00',0,0,14,8,0),(3589,5,6,537,'2025-02-25 08:45:00','2025-02-25 10:15:00',0,0,14,8,0),(3590,5,6,537,'2025-03-04 08:45:00','2025-03-04 10:15:00',0,0,14,8,0),(3591,5,6,537,'2025-03-11 08:45:00','2025-03-11 10:15:00',0,0,14,8,0),(3592,5,6,537,'2025-03-18 08:45:00','2025-03-18 10:15:00',0,0,14,8,0),(3593,5,6,537,'2025-03-25 08:45:00','2025-03-25 10:15:00',0,0,14,8,0),(3594,5,6,537,'2025-04-01 08:45:00','2025-04-01 10:15:00',0,0,14,8,0),(3595,5,6,537,'2025-04-08 08:45:00','2025-04-08 10:15:00',0,0,14,8,0),(3596,5,6,537,'2025-04-15 08:45:00','2025-04-15 10:15:00',0,0,14,8,0),(3597,5,6,537,'2025-04-22 08:45:00','2025-04-22 10:15:00',0,0,14,8,0),(3598,5,6,537,'2025-04-29 08:45:00','2025-04-29 10:15:00',0,0,14,8,0),(3599,5,6,537,'2025-05-06 08:45:00','2025-05-06 10:15:00',0,0,14,8,0),(3600,5,6,537,'2025-05-13 08:45:00','2025-05-13 10:15:00',0,0,14,8,0),(3601,5,6,537,'2025-05-20 08:45:00','2025-05-20 10:15:00',0,0,14,8,0),(3602,5,6,537,'2025-05-27 08:45:00','2025-05-27 10:15:00',0,0,14,8,0),(3603,5,6,537,'2025-06-03 08:45:00','2025-06-03 10:15:00',0,0,14,8,0),(3605,5,6,549,'2025-02-28 07:15:00','2025-02-28 09:30:00',0,0,14,8,0),(3606,5,6,549,'2025-03-07 07:15:00','2025-03-07 09:30:00',0,0,14,8,0),(3607,5,6,549,'2025-03-14 07:15:00','2025-03-14 09:30:00',0,0,14,8,0),(3608,5,6,549,'2025-03-21 07:15:00','2025-03-21 09:30:00',0,0,14,8,0),(3609,5,6,549,'2025-03-28 07:15:00','2025-03-28 09:30:00',0,0,14,8,0),(3610,5,6,549,'2025-04-04 07:15:00','2025-04-04 09:30:00',0,0,14,8,0),(3611,5,6,549,'2025-04-11 07:15:00','2025-04-11 09:30:00',0,0,14,8,0),(3612,5,6,549,'2025-04-18 07:15:00','2025-04-18 09:30:00',0,0,14,8,0),(3613,5,6,549,'2025-04-25 07:15:00','2025-04-25 09:30:00',0,0,14,8,0),(3614,5,6,549,'2025-05-02 07:15:00','2025-05-02 09:30:00',0,0,14,8,0),(3615,5,6,549,'2025-05-09 07:15:00','2025-05-09 09:30:00',0,0,14,8,0),(3616,5,6,549,'2025-05-16 07:15:00','2025-05-16 09:30:00',0,0,14,8,0),(3617,5,6,549,'2025-05-23 07:15:00','2025-05-23 09:30:00',0,0,14,8,0),(3618,5,6,549,'2025-05-30 07:15:00','2025-05-30 09:30:00',0,0,14,8,0),(3619,5,6,549,'2025-06-06 07:15:00','2025-06-06 09:30:00',0,0,14,8,0),(3621,27,6,548,'2025-02-28 09:30:00','2025-02-28 11:45:00',0,0,14,8,0),(3622,27,6,548,'2025-03-07 09:30:00','2025-03-07 11:45:00',0,0,14,8,0),(3623,27,6,548,'2025-03-14 09:30:00','2025-03-14 11:45:00',0,0,14,8,0),(3624,27,6,548,'2025-03-21 09:30:00','2025-03-21 11:45:00',0,0,14,8,0),(3625,27,6,548,'2025-03-28 09:30:00','2025-03-28 11:45:00',0,0,14,8,0),(3626,27,6,548,'2025-04-04 09:30:00','2025-04-04 11:45:00',0,0,14,8,0),(3627,27,6,548,'2025-04-11 09:30:00','2025-04-11 11:45:00',0,0,14,8,0),(3628,27,6,548,'2025-04-18 09:30:00','2025-04-18 11:45:00',0,0,14,8,0),(3629,27,6,548,'2025-04-25 09:30:00','2025-04-25 11:45:00',0,0,14,8,0),(3630,27,6,548,'2025-05-02 09:30:00','2025-05-02 11:45:00',0,0,14,8,0),(3631,27,6,548,'2025-05-09 09:30:00','2025-05-09 11:45:00',0,0,14,8,0),(3632,27,6,548,'2025-05-16 09:30:00','2025-05-16 11:45:00',0,0,14,8,0),(3633,27,6,548,'2025-05-23 09:30:00','2025-05-23 11:45:00',0,0,14,8,0),(3634,27,6,548,'2025-05-30 09:30:00','2025-05-30 11:45:00',0,0,14,8,0),(3635,27,6,548,'2025-06-06 09:30:00','2025-06-06 11:45:00',0,0,14,8,0),(3636,27,6,544,'2025-02-20 11:45:00','2025-02-20 12:30:00',0,0,14,8,0),(3637,27,6,544,'2025-02-27 11:45:00','2025-02-27 12:30:00',0,0,14,8,0),(3638,27,6,544,'2025-03-06 11:45:00','2025-03-06 12:30:00',0,0,14,8,0),(3639,27,6,544,'2025-03-13 11:45:00','2025-03-13 12:30:00',0,0,14,8,0),(3640,27,6,544,'2025-03-20 11:45:00','2025-03-20 12:30:00',0,0,14,8,0),(3641,27,6,544,'2025-03-27 11:45:00','2025-03-27 12:30:00',0,0,14,8,0),(3642,27,6,544,'2025-04-03 11:45:00','2025-04-03 12:30:00',0,0,14,8,0),(3643,27,6,544,'2025-04-10 11:45:00','2025-04-10 12:30:00',0,0,14,8,0),(3644,27,6,544,'2025-04-17 11:45:00','2025-04-17 12:30:00',0,0,14,8,0),(3645,27,6,544,'2025-04-24 11:45:00','2025-04-24 12:30:00',0,0,14,8,0),(3646,27,6,544,'2025-05-01 11:45:00','2025-05-01 12:30:00',0,0,14,8,0),(3647,27,6,544,'2025-05-08 11:45:00','2025-05-08 12:30:00',0,0,14,8,0),(3648,27,6,544,'2025-05-15 11:45:00','2025-05-15 12:30:00',0,0,14,8,0),(3649,27,6,544,'2025-05-22 11:45:00','2025-05-22 12:30:00',0,0,14,8,0),(3650,27,6,544,'2025-05-29 11:45:00','2025-05-29 12:30:00',0,0,14,8,0),(3651,27,6,544,'2025-06-05 11:45:00','2025-06-05 12:30:00',0,0,14,8,0),(3652,5,6,549,'2025-02-20 07:15:00','2025-02-20 09:30:00',0,0,14,8,0),(3653,5,6,549,'2025-02-27 07:15:00','2025-02-27 09:30:00',0,0,14,8,0),(3654,5,6,549,'2025-03-06 07:15:00','2025-03-06 09:30:00',0,0,14,8,0),(3655,5,6,549,'2025-03-13 07:15:00','2025-03-13 09:30:00',0,0,14,8,0),(3656,5,6,549,'2025-03-20 07:15:00','2025-03-20 09:30:00',0,0,14,8,0),(3657,5,6,549,'2025-03-27 07:15:00','2025-03-27 09:30:00',0,0,14,8,0),(3658,5,6,549,'2025-04-03 07:15:00','2025-04-03 09:30:00',0,0,14,8,0),(3659,5,6,549,'2025-04-10 07:15:00','2025-04-10 09:30:00',0,0,14,8,0),(3660,5,6,549,'2025-04-17 07:15:00','2025-04-17 09:30:00',0,0,14,8,0),(3661,5,6,549,'2025-04-24 07:15:00','2025-04-24 09:30:00',0,0,14,8,0),(3662,5,6,549,'2025-05-01 07:15:00','2025-05-01 09:30:00',0,0,14,8,0),(3663,5,6,549,'2025-05-08 07:15:00','2025-05-08 09:30:00',0,0,14,8,0),(3664,5,6,549,'2025-05-15 07:15:00','2025-05-15 09:30:00',0,0,14,8,0),(3665,5,6,549,'2025-05-22 07:15:00','2025-05-22 09:30:00',0,0,14,8,0),(3666,5,6,549,'2025-05-29 07:15:00','2025-05-29 09:30:00',0,0,14,8,0),(3667,5,6,549,'2025-06-05 07:15:00','2025-06-05 09:30:00',0,0,14,8,0),(3668,27,6,548,'2025-02-20 09:30:00','2025-02-20 11:45:00',0,0,14,8,0),(3669,27,6,548,'2025-02-27 09:30:00','2025-02-27 11:45:00',0,0,14,8,0),(3670,27,6,548,'2025-03-06 09:30:00','2025-03-06 11:45:00',0,0,14,8,0),(3671,27,6,548,'2025-03-13 09:30:00','2025-03-13 11:45:00',0,0,14,8,0),(3672,27,6,548,'2025-03-20 09:30:00','2025-03-20 11:45:00',0,0,14,8,0),(3673,27,6,548,'2025-03-27 09:30:00','2025-03-27 11:45:00',0,0,14,8,0),(3674,27,6,548,'2025-04-03 09:30:00','2025-04-03 11:45:00',0,0,14,8,0),(3675,27,6,548,'2025-04-10 09:30:00','2025-04-10 11:45:00',0,0,14,8,0),(3676,27,6,548,'2025-04-17 09:30:00','2025-04-17 11:45:00',0,0,14,8,0),(3677,27,6,548,'2025-04-24 09:30:00','2025-04-24 11:45:00',0,0,14,8,0),(3678,27,6,548,'2025-05-01 09:30:00','2025-05-01 11:45:00',0,0,14,8,0),(3679,27,6,548,'2025-05-08 09:30:00','2025-05-08 11:45:00',0,0,14,8,0),(3680,27,6,548,'2025-05-15 09:30:00','2025-05-15 11:45:00',0,0,14,8,0),(3681,27,6,548,'2025-05-22 09:30:00','2025-05-22 11:45:00',0,0,14,8,0),(3682,27,6,548,'2025-05-29 09:30:00','2025-05-29 11:45:00',0,0,14,8,0),(3683,27,6,548,'2025-06-05 09:30:00','2025-06-05 11:45:00',0,0,14,8,0),(3684,5,6,547,'2025-02-21 07:15:00','2025-02-21 10:15:00',0,0,14,8,0),(3685,5,6,547,'2025-02-28 07:15:00','2025-02-28 10:15:00',0,0,14,8,0),(3686,5,6,547,'2025-03-07 07:15:00','2025-03-07 10:15:00',0,0,14,8,0),(3687,5,6,547,'2025-03-14 07:15:00','2025-03-14 10:15:00',0,0,14,8,0),(3688,5,6,547,'2025-03-21 07:15:00','2025-03-21 10:15:00',0,0,14,8,0),(3689,5,6,547,'2025-03-28 07:15:00','2025-03-28 10:15:00',0,0,14,8,0),(3690,5,6,547,'2025-04-04 07:15:00','2025-04-04 10:15:00',0,0,14,8,0),(3691,5,6,547,'2025-04-11 07:15:00','2025-04-11 10:15:00',0,0,14,8,0),(3692,5,6,547,'2025-04-18 07:15:00','2025-04-18 10:15:00',0,0,14,8,0),(3693,5,6,547,'2025-04-25 07:15:00','2025-04-25 10:15:00',0,0,14,8,0),(3694,5,6,547,'2025-05-02 07:15:00','2025-05-02 10:15:00',0,0,14,8,0),(3695,5,6,547,'2025-05-09 07:15:00','2025-05-09 10:15:00',0,0,14,8,0),(3696,5,6,547,'2025-05-16 07:15:00','2025-05-16 10:15:00',0,0,14,8,0),(3697,5,6,547,'2025-05-23 07:15:00','2025-05-23 10:15:00',0,0,14,8,0),(3698,5,6,547,'2025-05-30 07:15:00','2025-05-30 10:15:00',0,0,14,8,0),(3699,5,6,547,'2025-06-06 07:15:00','2025-06-06 10:15:00',0,0,14,8,0),(3700,5,6,545,'2025-02-21 10:15:00','2025-02-21 11:45:00',0,0,14,8,0),(3701,5,6,545,'2025-02-28 10:15:00','2025-02-28 11:45:00',0,0,14,8,0),(3702,5,6,545,'2025-03-07 10:15:00','2025-03-07 11:45:00',0,0,14,8,0),(3703,5,6,545,'2025-03-14 10:15:00','2025-03-14 11:45:00',0,0,14,8,0),(3704,5,6,545,'2025-03-21 10:15:00','2025-03-21 11:45:00',0,0,14,8,0),(3705,5,6,545,'2025-03-28 10:15:00','2025-03-28 11:45:00',0,0,14,8,0),(3706,5,6,545,'2025-04-04 10:15:00','2025-04-04 11:45:00',0,0,14,8,0),(3707,5,6,545,'2025-04-11 10:15:00','2025-04-11 11:45:00',0,0,14,8,0),(3708,5,6,545,'2025-04-18 10:15:00','2025-04-18 11:45:00',0,0,14,8,0),(3709,5,6,545,'2025-04-25 10:15:00','2025-04-25 11:45:00',0,0,14,8,0),(3710,5,6,545,'2025-05-02 10:15:00','2025-05-02 11:45:00',0,0,14,8,0),(3711,5,6,545,'2025-05-09 10:15:00','2025-05-09 11:45:00',0,0,14,8,0),(3712,5,6,545,'2025-05-16 10:15:00','2025-05-16 11:45:00',0,0,14,8,0),(3713,5,6,545,'2025-05-23 10:15:00','2025-05-23 11:45:00',0,0,14,8,0),(3714,5,6,545,'2025-05-30 10:15:00','2025-05-30 11:45:00',0,0,14,8,0),(3715,5,6,545,'2025-06-06 10:15:00','2025-06-06 11:45:00',0,0,14,8,0),(3721,57,4,538,'2025-02-15 07:15:00','2025-02-15 09:30:00',0,0,14,8,0),(3722,57,4,538,'2025-02-22 07:15:00','2025-02-22 09:30:00',0,0,14,8,0),(3723,57,4,538,'2025-03-01 07:15:00','2025-03-01 09:30:00',0,0,14,8,0),(3724,57,4,538,'2025-03-08 07:15:00','2025-03-08 09:30:00',0,0,14,8,0),(3725,57,4,538,'2025-03-15 07:15:00','2025-03-15 09:30:00',0,0,14,8,0),(3726,57,4,538,'2025-03-22 07:15:00','2025-03-22 09:30:00',0,0,14,8,0),(3727,57,4,538,'2025-03-29 07:15:00','2025-03-29 09:30:00',0,0,14,8,0),(3728,57,4,538,'2025-04-05 07:15:00','2025-04-05 09:30:00',0,0,14,8,0),(3729,57,4,532,'2025-02-15 10:15:00','2025-02-15 12:30:00',0,0,14,8,0),(3730,57,4,532,'2025-02-22 10:15:00','2025-02-22 12:30:00',0,0,14,8,0),(3731,57,4,532,'2025-03-01 10:15:00','2025-03-01 12:30:00',0,0,14,8,0),(3732,57,4,532,'2025-03-08 10:15:00','2025-03-08 12:30:00',0,0,14,8,0),(3733,57,4,532,'2025-03-15 10:15:00','2025-03-15 12:30:00',0,0,14,8,0),(3734,57,4,532,'2025-03-22 10:15:00','2025-03-22 12:30:00',0,0,14,8,0),(3735,57,4,532,'2025-03-29 10:15:00','2025-03-29 12:30:00',0,0,14,8,0),(3736,57,4,532,'2025-04-05 10:15:00','2025-04-05 12:30:00',0,0,14,8,0),(3737,111,8,759,'2025-02-10 16:40:00','2025-02-10 20:00:00',0,0,18,8,0),(3738,111,8,757,'2025-02-11 16:30:00','2025-02-11 20:00:00',0,0,17,8,0),(3739,111,8,760,'2025-02-12 16:30:00','2025-02-12 20:00:00',0,0,18,8,0),(3740,111,8,756,'2025-02-13 14:40:00','2025-02-13 20:00:00',0,0,17,8,0),(3741,111,8,756,'2025-02-14 16:30:00','2025-02-14 20:00:00',0,0,17,8,0);
/*!40000 ALTER TABLE `events` ENABLE KEYS */;
UNLOCK TABLES;

--
-- Table structure for table `eventstools`
--

DROP TABLE IF EXISTS `eventstools`;
/*!40101 SET @saved_cs_client     = @@character_set_client */;
/*!50503 SET character_set_client = utf8mb4 */;
CREATE TABLE `eventstools` (
  `id` int NOT NULL AUTO_INCREMENT,
  `eventId` int DEFAULT NULL,
  `toolId` int DEFAULT NULL,
  PRIMARY KEY (`id`),
  KEY `eventId` (`eventId`),
  KEY `toolId` (`toolId`),
  CONSTRAINT `eventstools_ibfk_1` FOREIGN KEY (`eventId`) REFERENCES `events` (`id`) ON DELETE CASCADE,
  CONSTRAINT `eventstools_ibfk_2` FOREIGN KEY (`toolId`) REFERENCES `tools` (`id`) ON DELETE CASCADE
) ENGINE=InnoDB AUTO_INCREMENT=30 DEFAULT CHARSET=utf8mb4 COLLATE=utf8mb4_0900_ai_ci;
/*!40101 SET character_set_client = @saved_cs_client */;

--
-- Dumping data for table `eventstools`
--

LOCK TABLES `eventstools` WRITE;
/*!40000 ALTER TABLE `eventstools` DISABLE KEYS */;
INSERT INTO `eventstools` VALUES (8,203,41),(9,203,100),(10,210,43),(11,211,92),(23,228,92),(25,229,94),(26,229,107),(28,214,92),(29,222,63);
/*!40000 ALTER TABLE `eventstools` ENABLE KEYS */;
UNLOCK TABLES;

--
-- Table structure for table `programs`
--

DROP TABLE IF EXISTS `programs`;
/*!40101 SET @saved_cs_client     = @@character_set_client */;
/*!50503 SET character_set_client = utf8mb4 */;
CREATE TABLE `programs` (
  `id` int NOT NULL AUTO_INCREMENT,
  `namePrograms` varchar(255) NOT NULL,
  PRIMARY KEY (`id`)
) ENGINE=InnoDB AUTO_INCREMENT=19 DEFAULT CHARSET=utf8mb4 COLLATE=utf8mb4_0900_ai_ci;
/*!40101 SET character_set_client = @saved_cs_client */;

--
-- Dumping data for table `programs`
--

LOCK TABLES `programs` WRITE;
/*!40000 ALTER TABLE `programs` DISABLE KEYS */;
INSERT INTO `programs` VALUES (1,'Ingeniera de Software'),(2,'Ingeniera de Seguridad y Salud en el Trabajo'),(3,'Tcnico Profesional en Seguridad y Salud en el Trabajo'),(4,'Administracin de Empresas'),(5,'Contadura Pblica'),(6,'Administracin de Negocios Internacionales'),(7,'Administracin Agropecuaria'),(8,'Tecnlogo en Gestin Ambiental'),(9,'Tecnlogo en Gestin del Talento Humano'),(10,'Tecnlogo en Gestin Administrativa y Financiera'),(11,'Comunicacin Social'),(12,'Diseo Grfico'),(13,'Mercadeo'),(14,'Gastronoma'),(15,'Derecho'),(16,'Institucional'),(17,'Presencial'),(18,'Virtual');
/*!40000 ALTER TABLE `programs` ENABLE KEYS */;
UNLOCK TABLES;

--
-- Table structure for table `rooms`
--

DROP TABLE IF EXISTS `rooms`;
/*!40101 SET @saved_cs_client     = @@character_set_client */;
/*!50503 SET character_set_client = utf8mb4 */;
CREATE TABLE `rooms` (
  `id` int NOT NULL AUTO_INCREMENT,
  `roomName` varchar(255) NOT NULL,
  `equipmentCount` int NOT NULL,
  PRIMARY KEY (`id`)
) ENGINE=InnoDB AUTO_INCREMENT=9 DEFAULT CHARSET=utf8mb4 COLLATE=utf8mb4_0900_ai_ci;
/*!40101 SET character_set_client = @saved_cs_client */;

--
-- Dumping data for table `rooms`
--

LOCK TABLES `rooms` WRITE;
/*!40000 ALTER TABLE `rooms` DISABLE KEYS */;
INSERT INTO `rooms` VALUES (1,'501',10),(2,'502',15),(3,'503',8),(4,'504',12),(5,'505',20),(6,'506',5),(7,'507',25),(8,'Auditorio Jorge Reynolds Pombo',1);
/*!40000 ALTER TABLE `rooms` ENABLE KEYS */;
UNLOCK TABLES;

--
-- Table structure for table `subjects`
--

DROP TABLE IF EXISTS `subjects`;
/*!40101 SET @saved_cs_client     = @@character_set_client */;
/*!50503 SET character_set_client = utf8mb4 */;
CREATE TABLE `subjects` (
  `id` int NOT NULL AUTO_INCREMENT,
  `nameSubject` varchar(255) NOT NULL,
  `programid` int DEFAULT NULL,
  `semestreSubject` int DEFAULT NULL,
  PRIMARY KEY (`id`),
  KEY `programid` (`programid`),
  CONSTRAINT `subjects_ibfk_1` FOREIGN KEY (`programid`) REFERENCES `programs` (`id`)
) ENGINE=InnoDB AUTO_INCREMENT=762 DEFAULT CHARSET=utf8mb4 COLLATE=utf8mb4_0900_ai_ci;
/*!40101 SET character_set_client = @saved_cs_client */;

--
-- Dumping data for table `subjects`
--

LOCK TABLES `subjects` WRITE;
/*!40000 ALTER TABLE `subjects` DISABLE KEYS */;
INSERT INTO `subjects` VALUES (1,'Asignatura',1,1),(12,'Preclculo',1,1),(13,'Fundamentos en Herramientas Computacionales',1,1),(14,'Fundamentos de Ingeniera',1,1),(15,'Expresin Oral y Escrita I',1,1),(16,'Lgica Matemtica',1,1),(17,'Metodologa de la Investigacin',1,1),(18,'Clculo Diferencial',1,2),(19,'Fsica Mecnica',1,2),(20,'lgebra Lineal',1,2),(21,'Contabilidad General',1,2),(22,'Ctedra Institucional',1,2),(23,'Lgica de Programacin',1,2),(24,'Clculo Integral',1,3),(25,'Fsica ptica y de Ondas',1,3),(26,'Estadstica Descriptiva',1,3),(27,'Programacin Lineal',1,3),(28,'Expresin Oral y Escrita II',1,3),(29,'Bases de Datos',1,3),(30,'Programacin Algortmica',1,3),(31,'Ecuaciones Diferenciales',1,4),(32,'Estadstica Inferencial',1,4),(33,'Estructura de Bases de Datos',1,4),(34,'Anlisis de Requerimientos',1,4),(35,'Programacin Orientada por Objetos',1,4),(36,'Tcnicas de Investigacin',1,4),(37,'Investigacin de Operaciones',1,5),(38,'Costos y Presupuestos',1,5),(39,'Diseo de Bases de Datos',1,5),(40,'Anlisis y Diseo de Sistemas',1,5),(41,'Desarrollo Web I',1,5),(42,'Planeacin Estratgica',1,6),(43,'Ingeniera de Software I',1,6),(44,'Desarrollo Web II',1,6),(45,'Desarrollo Mvil',1,6),(46,'Electiva I',1,6),(47,'Formulacin y Evaluacin de Proyectos',1,7),(48,'Emprendimiento',1,7),(49,'Humanidades',1,7),(50,'Seguridad y Salud en el Trabajo',1,7),(51,'Ingeniera de Software II',1,7),(52,'Arquitectura de Software I',1,7),(53,'tica Profesional',1,8),(54,'Constitucin Poltica',1,8),(55,'Responsabilidad Social y Ambiental',1,8),(56,'Calidad de Software',1,8),(57,'Arquitectura de Software II',1,8),(58,'Electiva II',1,8),(59,'Auditora de Sistemas',1,9),(60,'Direccin y Gerencia de Proyectos de Software',1,9),(61,'Trabajo de Grado',1,9),(62,'Prctica Empresarial',1,9),(63,'Clculo Diferencial',2,1),(64,'Fsica Mecnica y de Fluidos',2,1),(65,'Biologa y Anatoma',2,1),(66,'Herramientas Informticas',2,1),(67,'Ctedra Institucional',2,1),(68,'Introduccin a la Seguridad y Salud en el Trabajo',2,1),(69,'Legislacin en Seguridad y Salud en el Trabajo',2,1),(70,'Clculo Integral',2,2),(71,'Electricidad y Magnetismo',2,2),(72,'lgebra Lineal',2,2),(73,'Qumica Orgnica',2,2),(74,'Dibujo Tcnico y Planimtrico',2,2),(75,'Expresin Oral y Escrita I',2,2),(76,'Riesgos Biolgicos',2,2),(77,'Clculo Multivariado',2,3),(78,'Termodinmica',2,3),(79,'Qumica Inorgnica',2,3),(80,'Dibujo Mecnico',2,3),(81,'Riesgos Fsicos',2,3),(82,'Riesgos Locativos',2,3),(83,'Identificacin y Valoracin del Riesgo',2,3),(84,'Ecuaciones Diferenciales',2,4),(85,'Estadstica Descriptiva',2,4),(86,'Riesgos Qumicos',2,4),(87,'Riesgos Mecnicos',2,4),(88,'Medicina del Trabajo',2,4),(89,'Sistemas de Gestin en Calidad y Ambiente',2,4),(90,'Optativa I',2,4),(91,'Estadstica Inferencial',2,5),(92,'Estudio del Trabajo y Anlisis de Procesos',2,5),(93,'Riesgos Psicosociales',2,5),(94,'Riesgos Elctricos',2,5),(95,'Vigilancia Epidemiolgica',2,5),(96,'Sistemas de Gestin OSHAS 18000 y RUC',2,5),(97,'Optativa II',2,5),(98,'Administracin',2,6),(99,'Biomecnica',2,6),(100,'Gestin de Emergencias',2,6),(101,'Toxicologa',2,6),(102,'Ecologa',2,6),(103,'Metodologa de la Investigacin',2,6),(104,'Sistemas Dinmicos',2,6),(105,'Fiabilidad Humana',2,7),(106,'Taller de Innovacin',2,7),(107,'Contabilidad de Costos',2,7),(108,'Diseo de Ambientes y Puestos de Trabajo',2,7),(109,'Investigacin de Accidentes Laborales',2,7),(110,'Saneamiento Ambiental',2,7),(111,'Gestin de Riesgo',2,7),(112,'Simulacin',2,8),(113,'Presupuestos',2,8),(114,'Seguridad en Trabajos de Alto Riesgo',2,8),(115,'Disposicin de Residuos',2,8),(116,'Control de Riesgo',2,8),(117,'Electiva I',2,8),(118,'Taller de Creacin de Empresa',2,8),(119,'Formulacin y Evaluacin de Proyectos',2,9),(120,'Seminario de Plan de Negocios',2,9),(121,'Humanidades',2,9),(122,'Incendios y Explosiones',2,9),(123,'Control de Prdidas',2,9),(124,'Trabajo de Grado',2,9),(125,'Electiva II',2,9),(126,'Matemtica Bsica',3,1),(127,'Fsica',3,1),(128,'Estadstica',3,1),(129,'Introduccin a la Seguridad y Salud en el Trabajo',3,1),(130,'Sistemas de Gestin de Seguridad y Salud en el Trabajo',3,1),(131,'Ctedra Institucional',3,1),(132,'Expresin Oral y Escrita I',3,1),(133,'Qumica',3,2),(134,'Legislacin en Seguridad y Salud en el Trabajo',3,2),(135,'Identificacin y Valoracin del Riesgo',3,2),(136,'Riesgos Fsicos',3,2),(137,'Riesgos Mecnicos',3,2),(138,'Gestin de Emergencias',3,2),(139,'Riesgo Elctrico y Locativo',3,2),(140,'Mtodos y Tcnicas de Investigacin',3,2),(141,'Sistemas de Gestin',3,3),(142,'Saneamiento Ambiental',3,3),(143,'Riesgos Qumicos',3,3),(144,'Riesgos Biolgicos',3,3),(145,'Seguridad en Trabajos de Alto Riesgo',3,3),(146,'Riesgo Ergonmico',3,3),(147,'Electiva I',3,3),(148,'Riesgo Psicosocial',3,4),(149,'Medicina del Trabajo y Toxicologa',3,4),(150,'Humanidades',3,4),(151,'Electiva II',3,4),(152,'Prctica Empresarial',3,4),(153,'Matemtica I',4,1),(154,'Fundamentos de Contabilidad',4,1),(155,'Introduccin a la Economa',4,1),(156,'Expresin Oral y Escrita I',4,1),(157,'Ctedra Institucional',4,1),(158,'Humanidades',4,1),(159,'Introduccin a Administracin de Empresas',4,1),(160,'El Mercadeo y su Entorno',4,1),(161,'Matemticas II',4,2),(162,'Costos para la Toma de Decisin',4,2),(163,'Expresin Oral y Escrita II',4,2),(164,'Constitucin Poltica',4,2),(165,'Legislacin Empresarial I',4,2),(166,'Pensamiento Administrativo',4,2),(167,'Estudios Empresariales Colombianos',4,2),(168,'Administracin de la Produccin',4,2),(169,'Estadstica Descriptiva',4,3),(170,'Matemticas Financieras',4,3),(171,'Microeconoma',4,3),(172,'Desarrollo Organizacional',4,3),(173,'Diseo y Programacin de Procesos Industriales',4,3),(174,'Metodologa de la Investigacin',4,3),(175,'Plan de Mercadeo',4,3),(176,'Anlisis de Datos Organizacionales',4,4),(177,'Anlisis Financiero',4,4),(178,'Macroeconoma',4,4),(179,'Derecho Empresarial Laboral',4,4),(180,'Proceso Administrativo',4,4),(181,'Proceso de Gestin Humana',4,4),(182,'Marketing',4,4),(183,'Proyecto Integrador',4,4),(184,'Estadstica Inferencial',4,5),(185,'Teora de la Simulacin',4,5),(186,'Formulacin y Evaluacin de Proyectos',4,5),(187,'Negocios Internacionales',4,5),(188,'Liderazgo',4,5),(189,'Administracin de Operaciones',4,5),(190,'Administracin de Ventas',4,5),(191,'Electiva I',4,5),(192,'Simulacin y Toma de Decisiones',4,6),(193,'Gestin Financiera de Corto Plazo',4,6),(194,'Finanzas Internacionales',4,6),(195,'tica y Responsabilidad Social Empresarial',4,6),(196,'Mejoramiento Bajo Ambientes de Calidad',4,6),(197,'Estrategia del Desarrollo Organizacional',4,6),(198,'Trabajo Investigativo',4,6),(199,'Electiva II',4,6),(200,'Gestin Financiera de Largo Plazo',4,7),(201,'Administracin Internacional',4,7),(202,'Gerencia Organizacional I',4,7),(203,'Gerencia del Talento Humano',4,7),(204,'Control y Gestin de la Calidad',4,7),(205,'Gerencia de Mercadeo',4,7),(206,'Administracin para la Competitividad y el Desarrollo Social',4,7),(207,'Electiva III',4,7),(208,'Gerencia Financiera',4,8),(209,'Gerencia Organizacional II',4,8),(210,'Gerencia y Competitividad',4,8),(211,'Trabajo de Grado',4,8),(212,'Electiva IV',4,8),(213,'Prctica Empresarial',4,8),(214,'Matemtica I',5,1),(215,'Informtica I',5,1),(216,'Introduccin a la Economa',5,1),(217,'Pensamiento Administrativo',5,1),(218,'Expresin Oral y Escrita I',5,1),(219,'Ctedra Institucional',5,1),(220,'Ctedra de la Felicidad',5,1),(221,'Contabilidad General',5,1),(222,'Matemticas II',5,2),(223,'Software Aplicado',5,2),(224,'Microeconoma',5,2),(225,'El Mercadeo y su Entorno',5,2),(226,'Constitucin Poltica',5,2),(227,'Contabilidad Financiera',5,2),(228,'Expresin Oral y Escrita II',5,2),(229,'Estadstica Descriptiva',5,3),(230,'Macroeconoma',5,3),(231,'Matemtica Financiera',5,3),(232,'Legislacin Comercial',5,3),(233,'Seguridad y Salud en el Trabajo',5,3),(234,'Contabilidad Financiera II',5,3),(235,'Metodologa de la Investigacin',5,3),(236,'Anlisis Financiero',5,4),(237,'Matemticas Financieras para NIIF',5,4),(238,'Derecho Empresarial Laboral',5,4),(239,'Contabilidad Especial I (Sector Solidario)',5,4),(240,'Impuestos I',5,4),(241,'Costos para la Toma de Decisin',5,4),(242,'Proyecto Integrador',5,4),(243,'Estadstica Inferencial',5,5),(244,'Formulacin y Evaluacin de Proyectos',5,5),(245,'Legislacin Tributaria',5,5),(246,'Contabilidad Especial II (Sector Agrcola)',5,5),(247,'Laboratorio Contabilidad de Costos',5,5),(248,'Impuestos II',5,5),(249,'Consultora I',5,5),(250,'Sistemas de Control',5,6),(251,'tica del Contador',5,6),(252,'Contabilidad Especial III (Sector Fiduciario)',5,6),(253,'Presupuestos',5,6),(254,'Tributacin Internacional',5,6),(255,'Consultora II',5,6),(256,'Electiva I',5,6),(257,'Finanzas Internacionales',5,7),(258,'tica y Responsabilidad Social Empresarial',5,7),(259,'Contabilidad Especial IV (Sector Bancario)',5,7),(260,'Revisora Fiscal y Nias',5,7),(261,'Consultora III',5,7),(262,'Trabajo Investigativo',5,7),(263,'Electiva II',5,7),(264,'Gerencia Financiera',5,8),(265,'Contabilidad Especial V (Sector Seguros)',5,8),(266,'Sistema Financiero',5,8),(267,'Auditora Forense',5,8),(268,'Consultora IV',5,8),(269,'Trabajo de Grado',5,8),(270,'Electiva III',5,8),(271,'Contabilidad Internacional',5,9),(272,'Auditora Internacional',5,9),(273,'Electiva IV',5,9),(274,'Prctica Empresarial',5,9),(275,'Expresin Oral y Escrita I',6,1),(276,'Matemticas I',6,1),(277,'Contabilidad General',6,1),(278,'Fundamentos de Economa',6,1),(279,'Fundamentos de Administracin',6,1),(280,'Fundamentos de Negocios Internacionales',6,1),(281,'Ctedra Institucional',6,2),(282,'Expresin Oral y Escrita II',6,2),(283,'Clculo',6,2),(284,'Costos',6,2),(285,'Procesos Administrativos',6,2),(286,'Geografa Polticas y Economas',6,2),(287,'Derecho Empresarial Laboral',6,2),(288,'Estadstica Descriptiva',6,3),(289,'Presupuestos',6,3),(290,'Microeconoma',6,3),(291,'Teora de las Organizaciones',6,3),(292,'Teora de Comercio Exterior',6,3),(293,'Electiva I',6,3),(294,'Metodologa de la Investigacin',6,3),(295,'Estadstica Inferencial',6,4),(296,'Matemtica Financiera',6,4),(297,'Macroeconoma',6,4),(298,'Gerencia de Recursos Humanos',6,4),(299,'Logstica',6,4),(300,'Fundamentos de Mercadeo',6,4),(301,'Derecho Comercial',6,4),(302,'lgebra Lineal',6,5),(303,'Anlisis Financiero',6,5),(304,'Economa Internacional',6,5),(305,'Exportaciones',6,5),(306,'Investigacin de Mercados',6,5),(307,'Electiva II',6,5),(308,'Derecho Tributario',6,5),(309,'Sistemas de Informacin Gerencial',6,6),(310,'Administracin Financiera',6,6),(311,'Acuerdos Internacionales',6,6),(312,'Importaciones',6,6),(313,'Marketing y Negocios Internacionales',6,6),(314,'Electiva III',6,6),(315,'Derecho Internacional',6,6),(316,'Gerencia Financiera',6,7),(317,'Habilidades Gerenciales',6,7),(318,'Distribucin Fsica Internacional',6,7),(319,'Gestin de la Calidad',6,7),(320,'Gerencia de Mercadeo',6,7),(321,'Prctica Empresarial',6,7),(322,'Finanzas Internacionales',6,8),(323,'Teora de Juegos',6,8),(324,'Planeacin Estratgica',6,8),(325,'Estudio de Casos',6,8),(326,'Negociacin Internacional',6,8),(327,'tica Profesional',6,8),(328,'Opcin de Grado',6,8),(329,'Biologa y Ecologa General',7,1),(330,'Qumica Orgnica',7,1),(331,'Operaciones Matemticas Aplicadas',7,1),(332,'Expresi Oral y Escrita I',7,1),(333,'Ctedra Institucional',7,1),(334,'Introduccin a la Administracin Agropecuaria',7,1),(335,'Fisiologa Agraria y Ambiental',7,2),(336,'Fisiologa Aplicada a la Produccin',7,2),(337,'Bioestadstica I',7,2),(338,'Contabilidad General',7,2),(339,'Diseo y Planeacin de Organizaciones',7,2),(340,'Economa Agropecuaria Domstica',7,2),(341,'Humanidades',7,2),(342,'Plan de Negocios I',7,2),(343,'Suelos, Pastos y Forrajes',7,3),(344,'Tcnicas de Investigacin',7,3),(345,'Diseo Experimental Aplicado',7,3),(346,'Contabilidad de Costos',7,3),(347,'Microeconoma',7,3),(348,'Mercadeo Agropecuario',7,3),(349,'tica y Poltica Agropecuaria',7,3),(350,'Plan de Negocios II',7,3),(351,'Matemtica Financiera y Contable',7,4),(352,'Contabilidad Aplicada a la Administracin Agropecuaria',7,4),(353,'Fundamentos de Produccin Agricola',7,4),(354,'Fundamentos de Produccin Pecuaria',7,4),(355,'Macroeconoma',7,4),(356,'Anlisis de Datos de Organizaciones',7,4),(357,'Ctedra de la Felicidad',7,4),(358,'Manejo Presupuestal de Empresas Agropecuarias',7,5),(359,'Legislacin Aplicada a la Produccin Agropecuaria',7,5),(360,'Sanidad Vegetal y Fitomejoramiento',7,5),(361,'Nutricin y Sanidad Animal',7,5),(362,'Herramientas de Planificacin Agropecuaria Global',7,5),(363,'Teora de la Simulacin',7,5),(364,'Electiva Pecuaria I',7,5),(365,'Manejo Financiero de Empresas Agropecuarias',7,6),(366,'Diseo y Evaluacin de Proyectos Productivos',7,6),(367,'Sistemas de Produccin de Grandes Especies',7,6),(368,'Reproduccin y Mejoramiento Animal',7,6),(369,'Investigacin de Operaciones I',7,6),(370,'Simulacin y Toma de Decisiones',7,6),(371,'Gerencia Financiera y Administrativa',7,6),(372,'Sistema de Produccin de Cultivos Perennes',7,7),(373,'Sistemas de Produccin de Especies Menores',7,7),(374,'Estrategias de Informacin de Mercados',7,7),(375,'Direccin y Gerencia Estratgica',7,7),(376,'Tcnicas Aplicadas al Marketing Agropecuario',7,7),(377,'Gestin de la Calidad en Empresas Agropecuarias',7,7),(378,'Electiva Agrcola I',7,7),(379,'Seminario de Investigacin',7,8),(380,'Lnea de Profundizacin Pecuaria I',7,8),(381,'Transformacin Agroindustrial Primaria',7,8),(382,'Procesos Asociados a Postcosecha',7,8),(383,'Gestin Ambiental en Empresas Agropecuarias',7,8),(384,'Gestin del Talento Humano',7,8),(385,'Electiva Pecuaria II',7,8),(386,'Opcin de Grado',7,9),(387,'Electiva Agrcola II',7,9),(388,'Lnea de Profundizacin Agrcola II',7,9),(389,'Lnea de Profundizacin Pecuaria II',7,9),(390,'Metodologa de la Investigacin',12,1),(391,'Matemtica I',12,1),(392,'Fotografa',12,1),(393,'Teora de la Comunicacin',12,1),(394,'Dibujo Bsico',12,1),(395,'Taller I Fundamentos',12,1),(396,'Ctedra Institucional',12,1),(397,'Historia del Arte',12,2),(398,'Retoque Digital',12,2),(399,'Figura Humana',12,2),(400,'Taller II Tipografa',12,2),(401,'Psicologa de la Forma',12,2),(402,'Fundamentos de Color',12,2),(403,'Composicin de la Imagen',12,2),(404,'Humanidades',12,2),(405,'Historia del Arte Contemporneo',12,3),(406,'Fotogrfa Digital',12,3),(407,'Comunicacin Visual',12,3),(408,'Dibujo Bidimensional',12,3),(409,'Teora del Color',12,3),(410,'Electiva Disciplinar I',12,3),(411,'Dibujo Artstico',12,3),(412,'Perspectiva',12,3),(413,'Taller III Identidad Visual',12,3),(414,'Historia del Diseo Grfico',12,4),(415,'Fundamentos de Adminitracin',12,4),(416,'Diagramacin Corporativa',12,4),(417,'Semiologa',12,4),(418,'Geometra y Diseo',12,4),(419,'Taller IV Diseo Editorial',12,4),(420,'Imagen Digital',12,4),(421,'Electiva Institucional',12,4),(422,'Seguridad Industrial y Salud Ocupacional',12,4),(423,'Metodologa de Proyectos',12,5),(424,'Antropologa',12,5),(425,'Emprendimiento',12,5),(426,'Programacin Web',12,5),(427,'Esttica',12,5),(428,'Tcnicas de Ilustracin',12,5),(429,'Taller V Diseo Web',12,5),(430,'Seminario de Grado',12,6),(431,'Sociologa',12,6),(432,'Marketing',12,6),(433,'Ilustracin I Bsica',12,6),(434,'Taller VI Branding',12,6),(435,'Modelado 3D',12,6),(436,'Electiva Disciplinar II',12,6),(437,'Edicin y Montaje Audiovisual',12,6),(438,'Ecologa',12,7),(439,'Costos y Presupuestos',12,7),(440,'Proyecto Audiovisual',12,7),(441,'Ilustracin II Digital',12,7),(442,'Creacin de Personajes',12,7),(443,'Taller VII Grfico Ambiental y Sealtica',12,7),(444,'Animacin 3D',12,7),(445,'Proyecto de Grado',12,8),(446,'Prctica Investigativa',12,8),(447,'Prctica Empresarial',12,8),(448,'Taller VIII Identidad Cultural',12,8),(449,'Apreciacin Literaria',11,1),(450,'Teora de la Comunicacin',11,1),(451,'Fundamentos de la Comunicacin Organizacional',11,1),(452,'Taller de Redaccin',11,1),(453,'Fotografa',11,1),(454,'Habilidades Comunicativas y Tcnicas de Estudio',11,1),(455,'Semiologa',11,2),(456,'Ctedra Institucional',11,2),(457,'Comunicacin Contempornea',11,2),(458,'Taller de Gneros Informativos',11,2),(459,'Reportera Grfica',11,2),(460,'Metodologa de la Investigacin',11,2),(461,'Electiva I',11,2),(462,'Historia Colombiana',11,3),(463,'Sistema Econmico Local y Regional',11,3),(464,'SISO',11,3),(465,'Matemticas',11,3),(466,'Comunicacin Estratgica',11,3),(467,'Taller de Redaccin en Nuevos Medios',11,3),(468,'Gestin de Redes Sociales y Plataformas Digitales',11,3),(469,'Constitucin Poltica',11,4),(470,'Estadstica Descriptiva',11,4),(471,'Principios de Marketing',11,4),(472,'Taller Gneros Periodsticos',11,4),(473,'Comunicacin Multimedial',11,4),(474,'Prctica Investigativa',11,4),(475,'Historia Latinoamericana',11,5),(476,'Humanidades',11,5),(477,'Psicologa Social y del Consumidor',11,5),(478,'Planeacin de la Comunicacin',11,5),(479,'Fundamentos de Administracin',11,5),(480,'Comunicacin para la Paz',11,5),(481,'Comunicacin y Produccin Sonora I',11,5),(482,'Contexto Mundial Contemporneo',11,6),(483,'Comunicaciones Integradas de Marketing',11,6),(484,'Emprendimiento',11,6),(485,'Taller Argumentacin y Debate',11,6),(486,'Comunicacin Comunitaria',11,6),(487,'Comunicacin Audiovisual',11,6),(488,'Legislacin de la Comunicacin',11,7),(489,'Fundamentos de Publicidad',11,7),(490,'Costos y Presupuestos',11,7),(491,'Servicio al Cliente',11,7),(492,'Diseo Audiovisual y Digital',11,7),(493,'Metodologa de Proyectos',11,7),(494,'Electiva II',11,7),(495,'tica de la Comunicacin',11,8),(496,'Relaciones Pblicas',11,8),(497,'Taller Opinin Pblica',11,8),(498,'Comunicacin Poltica',11,8),(499,'Proyecto Audiovisual',11,8),(500,'Electiva III',11,8),(501,'Branding Corporativo',11,9),(502,'Responsabilidad Social, Empresarial y Ecolgica',11,9),(503,'Trabajo de Grado',11,9),(504,'Prctica Profesional',11,9),(505,'Matemtica Bsica',14,1),(506,'Introduccin al Servicio Gastronmico',14,1),(507,'Seguridad, Higiene y Proteccin Ambiental en Gastronoma',14,1),(508,'Contabilidad Bsica',14,1),(509,'Ctedra Institucional',14,1),(510,'Tcnicas Bsicas de Cocina',14,1),(511,'Fundamentos de Barismo',14,1),(512,'Fundamentos de Investigacin',14,1),(513,'Costos de Alimentos y Bebidas',14,2),(514,'Fundamentos de Cocina en Francs',14,2),(515,'Tcnicas de Coccin',14,2),(516,'Panadera',14,2),(517,'Enologa',14,2),(518,'Metodologa de la Investigacin',14,2),(519,'Qumica y Conservacin de Alimentos',14,3),(520,'Abastecimiento',14,3),(521,'Historia de las Cocinas Colombianas',14,3),(522,'Cocina Tradicional Colombiana',14,3),(523,'Pastelera',14,3),(524,'Anlisis Sensorial',14,3),(525,'Gerencia del Talento Humano',14,4),(526,'Historia de las Cocinas Forneas',14,4),(527,'Cocinas Mundiales I',14,4),(528,'Servicio a la Mesa',14,4),(529,'Chocolatera y Confitera',14,4),(530,'Investigacin Gastronmica I',14,4),(531,'Nutricin y Diettica',14,5),(532,'Administracin de Establecimientos Gastronmicos',14,5),(533,'Expresin Oral y Escrita',14,5),(534,'Nueva Cocina Colombiana',14,5),(535,'Sumillera y Maridaje',14,5),(536,'Diseo y Composicin de Mens',14,5),(537,'Electiva Disciplinar I',14,5),(538,'Sistemas de Informacin, Alimentos y Bebidas',14,6),(539,'Cocinas Mundiales II',14,6),(540,'Pastelera de Vanguardia',14,6),(541,'Mixologa',14,6),(542,'Diseo y Montaje de Espacios Gastronmicos',14,6),(543,'Electiva No Disciplinar I',14,6),(544,'Gerencia del Servicio',14,7),(545,'Desarrollo Sostenible en la Industria Alimentaria',14,7),(546,'Cocina Tecnoemocional',14,7),(547,'Restaurante',14,7),(548,'Planeacin y Ejecucin de Eventos',14,7),(549,'Investigacin Gastronmica II',14,7),(550,'Marketing de Servicios Gastronmicos',14,8),(551,'Trabajo de Grado',14,8),(552,'Electiva Disciplinar II',14,8),(553,'Electiva No Disciplinar II',14,8),(554,'Prctica',14,8),(555,'Planeacin Estratgica y Prospectiva: Ordenamiento Territorial',8,6),(556,'Derecho Laboral Colectivo',15,3),(557,'Bienes',15,2),(558,'Asignatura General',1,1),(559,'Fundamentos de Administracin',9,1),(560,'Psicologa Organizacional',9,1),(561,'Introduccin a la Gestin del Talento Humano',9,1),(562,'Matemtica Bsica',9,1),(563,'Gestin de Sistemas de Informacin',9,1),(564,'Competencias Comunicativas',9,1),(565,'Competencias Ciudadanas: Ctedra Institucional',9,1),(566,'Estadstica General',9,2),(567,'Anlisis de Atraccin y Fidelizacin',9,2),(568,'Gestin Administrativa',9,2),(569,'Clculo Diferencial',9,2),(570,'Legislacin del Talento Humano',9,2),(571,'Sistemas de Informacin Aplicados',9,2),(572,'Democracia y Ciudadana',9,2),(573,'Sistemas de Reclutamiento y Seleccin',9,3),(574,'Desarrollo Organizacional',9,3),(575,'Derecho Laboral y Contrato',9,3),(576,'Capacitacin y Productividad del Personal',9,3),(577,'Metodologa de Investigacin',9,3),(578,'Electiva Disciplinar',9,3),(579,'Seguridad Social Integral',9,3),(580,'Electiva I',9,3),(581,'Gestin del Desempeo',9,4),(582,'Administracin de Salarios',9,4),(583,'Investigacin de Mercados',9,4),(584,'Contabilidad General',9,4),(585,'Microeconoma',9,4),(586,'Mercadeo General',9,4),(587,'Electiva II',9,4),(588,'Creatividad y Liderazgo',9,5),(589,'Compensacin y Productividad',9,5),(590,'Escala Salarial y Valorizacin',9,5),(591,'Gestin Financiera y Contable',9,5),(592,'Seguridad e Higiene Industrial',9,5),(593,'Seguridad y Salud Laboral',9,5),(594,'tica y Psicologa Empresarial',9,5),(595,'Nmina y Prestaciones Sociales',9,6),(596,'Trabajo de Grado',9,6),(597,'Presupuesto',9,6),(598,'Prctica Profesional',9,6),(599,'Electiva III',9,6),(600,'Fundamentos de Administracin',10,1),(601,'Teoras Administrativas',10,1),(602,'Introduccin a la Gestin Administrativa y Financiera',10,1),(603,'Matemtica Bsica',10,1),(604,'Gestin de Sistemas de Informacin',10,1),(605,'Competencias Ciudadanas: Ctedra Institucional',10,1),(606,'Competencias Comunicativas',10,1),(607,'Estadstica Descriptiva',10,2),(608,'Economa',10,2),(609,'Gestin Administrativa',10,2),(610,'Matemtica Financiera',10,2),(611,'Legislacin Comercial y Laboral',10,2),(612,'Sistemas de Informacin Aplicados',10,2),(613,'Democracia y Ciudadana',10,2),(614,'Estadstica Inferencial',10,3),(615,'Teora y Poltica Monetaria',10,3),(616,'Contabilidad de Costos',10,3),(617,'Metodologa de Investigacin',10,3),(618,'Competitividad y Globalizacin',10,3),(619,'Electiva I',10,3),(620,'Direccin y Control',10,4),(621,'Economa Colombiana',10,4),(622,'Investigacin de Mercados',10,4),(623,'Presupuestos',10,4),(624,'Pensamiento Socio Poltico',10,4),(625,'Mercadeo General',10,4),(626,'Electiva II',10,4),(627,'Generacin y Estructuracin de Ideas de Negocio',10,5),(628,'Mercadeo de Capitales',10,5),(629,'Formulacin y Evaluacin Financiera de Proyectos',10,5),(630,'Gestin Financiera y Contable',10,5),(631,'Produccin Limpia',10,5),(632,'Administracin del Capital Humano',10,5),(633,'Economas Creativas',10,5),(634,'tica y Psicologa Empresarial',10,5),(635,'Planeacin Estratgica y Prospectiva',10,6),(636,'Trabajo de Grado',10,6),(637,'Economa Internacional',10,6),(638,'Prctica Profesional',10,6),(639,'Electiva III',10,6),(640,'Metodologa de la Investigacin',13,1),(641,'Comprensin y Redaccin de Textos',13,1),(642,'Matemtica Bsica',13,1),(643,'Fundamentos de Administracin',13,1),(644,'Herramientas Informticas',13,1),(645,'Fundamentos de Mercadeo',13,1),(646,'Ctedra Institucional',13,1),(647,'Fundamentos de Economa',13,2),(648,'Matemticas Financieras',13,2),(649,'Marketing para Redes Sociales',13,2),(650,'Psicologa y Comportamiento del Consumidor',13,2),(651,'Desarrollo Social Contemporneo',13,2),(652,'Seminario Plan de Negocios',13,2),(653,'Humanidades',13,2),(654,'Contabilidad Bsica',13,3),(655,'Microeconoma',13,3),(656,'Estadstica I',13,3),(657,'Investigacin de Mercados I',13,3),(658,'Estrategias de Producto y Precio',13,3),(659,'Plan de Negocios II',13,3),(660,'Electiva Disciplinar I',13,3),(661,'Costos y Presupuestos',13,4),(662,'Macroeconoma',13,4),(663,'Estadstica II',13,4),(664,'Marketing Inbound',13,4),(665,'Investigacin de Mercados II',13,4),(666,'Comunicacin Corporativa',13,4),(667,'Electiva Institucional',13,4),(668,'Metodologa de Proyectos',13,5),(669,'Administracin',13,5),(670,'Innovacin Empresarial',13,5),(671,'Minera de Datos y Fidelizacin',13,5),(672,'Promocin y Catlogos Online',13,5),(673,'Marketing Social',13,5),(674,'Seguridad Industrial y Salud Ocupacional',13,5),(675,'Legislacin Comercial y Tributaria',13,6),(676,'Desarrollo de Convenios WEB',13,6),(677,'Plan y Proyeccin de Mercados',13,6),(678,'Distribucin y Logstica',13,6),(679,'Personal Branding',13,6),(680,'Plan de Negocios III',13,6),(681,'Electiva Disciplinar II',13,6),(682,'Ecologa',13,7),(683,'Analtica WEB (SEO  SEM)',13,7),(684,'Inteligencia de Mercadeos',13,7),(685,'Comercio y Marketing Internacional',13,7),(686,'Gerencia Marca',13,7),(687,'Electiva Disciplinar III',13,7),(688,'Proyecto de Grado',13,8),(689,'Prctica Investigativa',13,8),(690,'Prctica Empresarial',13,8),(691,'Gerencia de Mercadeo',13,8),(692,'tica',15,1),(693,'Introduccin al Derecho',15,1),(694,'Personas',15,1),(695,'Historia de las Ideas Polticas',15,1),(696,'Habilidades Comunicativas y Tcnicas de Estudio',15,1),(697,'Ctedra Institucional',15,1),(698,'Ctedra de la Felicidad',15,1),(699,'Lgica Jurdica',15,2),(700,'Derecho Laboral Individual',15,2),(701,'Teora General del Proceso',15,2),(702,'Historia de Derecho',15,2),(703,'Metodologa de la Investigacin',15,2),(704,'Hermenutica Jurdica',15,3),(705,'Derecho Penal General',15,3),(706,'Constitucional General',15,3),(707,'Obligaciones Civiles y Mercantiles',15,3),(708,'Sociologa Jurdica',15,3),(709,'Argumentacin Jurdica',15,4),(710,'Derecho Penal Especial',15,4),(711,'Constitucional Colombiano I',15,4),(712,'Seguridad Social Integral',15,4),(713,'Contratos Civiles y Mercantiles',15,4),(714,'Derechos Humanos',15,4),(715,'Epistemologa Jurdica',15,5),(716,'Probatorio',15,5),(717,'Constitucional Colombiano II',15,5),(718,'Derecho Procesal Laboral',15,5),(719,'Familia y Sucesiones',15,5),(720,'Mecanismo de Solucin Alternativa de Conflictos',15,5),(721,'Filosofa del Derecho',15,6),(722,'Derecho Procesal Penal',15,6),(723,'Derecho Administrativo',15,6),(724,'Derecho Procesal Civil',15,6),(725,'Investigacin Prctica',15,6),(726,'Seguridad y Salud en el Trabajo',15,6),(727,'Deontologa Jurdica',15,7),(728,'Derecho Procesal Administrativo',15,7),(729,'Derecho Comercial I',15,7),(730,'Electivo I',15,7),(731,'Electivo Institucional',15,7),(732,'Consultorio Jurdico I',15,7),(733,'Profundizacin I',15,7),(734,'Responsabilidad Administrativa',15,8),(735,'Derecho Comercial II',15,8),(736,'Metodologa de Proyectos',15,8),(737,'Electivo II',15,8),(738,'Electivo Institucional',15,8),(739,'Consultorio Jurdico II',15,8),(740,'Profundizacin II',15,8),(741,'Polticas Pblicas',15,9),(742,'Derecho Internacional Pblico',15,9),(743,'Electivo',15,9),(744,'Electivo Institucional III',15,9),(745,'Electivo Institucional IIIA',15,9),(746,'Consultorio Jurdico III',15,9),(747,'Profundizacin III',15,9),(748,'Hacienda Pblica',15,10),(749,'Derecho Internacional Privado',15,10),(750,'Electivo IV',15,10),(751,'Electivo Institucional',15,10),(752,'Consultorio Jurdico IV',15,10),(753,'Profundizacin IV',15,10),(754,'Trabajo de Grado',15,10),(755,'Institucional',16,1),(756,'Estudiantes',17,1),(757,'Docentes',17,1),(758,'Administrativos',17,1),(759,'Estudiantes',18,1),(760,'Docentes',18,1),(761,'Administrativos',18,1);
/*!40000 ALTER TABLE `subjects` ENABLE KEYS */;
UNLOCK TABLES;

--
-- Table structure for table `teachers`
--

DROP TABLE IF EXISTS `teachers`;
/*!40101 SET @saved_cs_client     = @@character_set_client */;
/*!50503 SET character_set_client = utf8mb4 */;
CREATE TABLE `teachers` (
  `id` int NOT NULL AUTO_INCREMENT,
  `teacherName` varchar(255) DEFAULT NULL,
  `isActive` tinyint(1) DEFAULT '1',
  `identityDocument` varchar(50) DEFAULT NULL,
  PRIMARY KEY (`id`)
) ENGINE=InnoDB AUTO_INCREMENT=112 DEFAULT CHARSET=utf8mb4 COLLATE=utf8mb4_0900_ai_ci;
/*!40101 SET character_set_client = @saved_cs_client */;

--
-- Dumping data for table `teachers`
--

LOCK TABLES `teachers` WRITE;
/*!40000 ALTER TABLE `teachers` DISABLE KEYS */;
INSERT INTO `teachers` VALUES (1,'Luisa Alejandra Garcia Galindo',1,'53123148'),(2,'Jenny Carolina Rueda Montes',1,'52961370'),(3,'Sergio Osorio Hidalgo',1,'79721272'),(4,'Erika Andrea Pinilla Acuna',1,'20824753'),(5,'Marleny Franco Romero',1,'52898190'),(6,'Sandra Patricia Martinez Murillo',1,'51973435'),(7,'Neftis Leyton Ramrez',1,'1022341955'),(8,'Ricardo Rodriguez Pulido',1,'79313632'),(9,'Leonardo David Gmez Marmolejo',1,'79952888'),(10,'Luis Alberto Prieto Ojeda',1,'79468229'),(11,'Carlos Andres Sierra Pea',1,'1014184228'),(12,'Fredy Martinez Lesmes',1,'19184052'),(13,'Alfredo Yunior Rodrguez Ortiz',1,'85476142'),(14,'Jorge Alexander Cortes Cortes',1,'79507202'),(15,'Joan Rafael Rubiano Espndola',1,'1024485048'),(16,'Cristian Camilo Vega',1,'80032023'),(17,'Yeison Ariel Aparicio Castillo',1,'80821427'),(18,'Jimmy Francisco Escobar Garcia',1,'79411946'),(19,'Roberto Orlando Prez Fonseca',1,'79284925'),(20,'Rodrigo Tellez Mosquera',1,'1024475934'),(21,'Juan Carlos Chaux',1,'80471072'),(22,'Gerson Alexander Aley Aley',1,'1093800653'),(23,'Henry Guzman Moreno',1,'3123340'),(24,'Andres Felipe Caicedo Bohorquez',1,'1010195789'),(25,'Margarita Torres',1,'52622953'),(26,'Yobany Gomez Garcia',1,'80492472'),(27,'Lina Marisol Bermdez Mayorga',1,'1073689133'),(28,'Julin Felipe Arvalo Lpez',1,'1019048516'),(29,'Carlos David Franco Castillo',1,'80240766'),(30,'Martin Antonio Mosquera Martnez',1,'73159624'),(31,'Fredy Rodrguez Vargas',1,'19400355'),(32,'Ada Alexandra Falla',1,'52381201'),(33,'Viviana Mercedes Larios Martinez',1,'32937180'),(34,'Jorge Hernando Ochoa Ochoa',1,'19448445'),(35,'Andrs Mauricio Uscategui Cruz',1,'1010189814'),(36,'Paola Andrea Garzn Serna',1,'1014253890'),(37,'Jorge Wilson Matallana Gutierrez',1,'79519722'),(38,'Julieth Adriana Aguilar Rodriguez',1,'1019091146'),(39,'Sandra Juliana Enriquez Bernal',1,'52341979'),(40,'Jimmy Rolando Aldana Salvador',1,'80060546'),(41,'Blanca Elsy Bustos Sierra',1,'51639564'),(42,'Diana Sterpin Buitrago',1,'52389617'),(43,'Lilibeth Benavidez Silva',1,'36733493'),(44,'Angela Yulieth Bernal Martnez',1,'52697919'),(45,'Eliana Snchez Pez',1,'52109261'),(46,'Felipe Silva Ramirez',1,'1000851112'),(47,'Jhon Jairo Espinosa Velasquez',1,'88236238'),(48,'Myriam Eugenia Pea Martnez',1,'52161408'),(49,'Diana Patricia Posada Herrera',1,'64568714'),(50,'Erika Arake Geney',1,'64573945'),(51,'Mariana Campos Riano',1,'1033727610'),(52,'Juan Camilo Escandon Diaz',1,NULL),(53,'Ever Angel Fuentes Rojas',1,'79942625'),(54,'Cesar Mauricio Bello Zamora',1,'79838527'),(55,'Manuel Fernando Blanco Pineda',1,'1032363588'),(56,'Angelica Diaz Gil',1,'1049641110'),(57,'Deily Alexandra Jacobo Albarracin',1,'1030616120'),(58,'Norma Lorena Segura Eslava',1,'1032425196'),(59,'Jose Santiago Zamudio Solorzano',1,'80089093'),(60,'Gabriel Andres Castellanos Castro',1,'1070965958'),(61,'Diana Isabel Gonzalez Palomo',1,'40343231'),(62,'Robinson Zuiga Perdomo',1,'94504449'),(63,'Claudia Cristina Seguanes Diaz',1,'50993200'),(64,'Zuleyma Barreto Sanclamente',0,''),(65,'Yenny Carolina Bohorquez Barbosa',0,''),(66,'Wilson Zambrano',0,''),(67,'Vianney Paola Cancelado',0,''),(68,'Umaira Andrea Parra',0,''),(69,'Sara Benavides Pinzon',0,''),(70,'Pedro Rivera Prieto',0,''),(71,'Paula Martinez',0,''),(72,'Patricia Zuluaga Garca',0,''),(73,'Paola Camargo',0,''),(74,'Oscar Farfan',0,''),(75,'Oscar Ardila',0,''),(76,'Omar Alexis Rojas',0,''),(77,'Nikolai Narvaez',0,''),(78,'Miguel Salas',0,''),(79,'Miguel Martinez',0,''),(80,'Miguel Alexander Florez Garca',0,''),(81,'Luis Fernando Ayala',0,''),(82,'Liliana Rios',0,''),(83,'Leonardo Parrado Vivas',0,''),(84,'Laura Acero',0,''),(85,'Kelly Bohrquez',0,''),(86,'Katherine Bibiana Villa Rojas',0,''),(87,'Juan Manuel Velasquez',0,''),(88,'Jose Ochoa',0,''),(89,'Jos Gabriel Celis',0,''),(90,'German Rodriguez',0,''),(91,'Gerardo Martinez',0,''),(92,'Fabian Jaimes',0,''),(93,'Erika Romero Orjuela',0,''),(94,'Diego Alejandro Orozco',0,''),(95,'Jens Alexander Mora',0,''),(96,'Giovanny Tapiero Torres',0,''),(97,'Francisco Espinel Forero',0,''),(98,'Efren Antonio Caldern',0,''),(99,'Diana Mara Rodrguez Martnez',0,''),(100,'Profesor General',0,''),(101,'David Rodriguez',0,''),(102,'Cesar Varon',0,''),(103,'Carlos Tibavisco',0,''),(104,'Carlos Soteldo',0,''),(105,'Andres Pineda',0,''),(106,'Alvaro Javier Caldern Jimnez',0,''),(107,'Alejandro Bermudez',0,''),(108,'Abir Zubiria',0,''),(109,'Mara Nohelia Rojas Cabra',1,'1010238854'),(110,'Valeria Tamayo Tamayo',1,'1015450625'),(111,'Bienestar',1,'0');
/*!40000 ALTER TABLE `teachers` ENABLE KEYS */;
UNLOCK TABLES;

--
-- Table structure for table `tools`
--

DROP TABLE IF EXISTS `tools`;
/*!40101 SET @saved_cs_client     = @@character_set_client */;
/*!50503 SET character_set_client = utf8mb4 */;
CREATE TABLE `tools` (
  `id` int NOT NULL AUTO_INCREMENT,
  `nameTool` varchar(255) NOT NULL,
  `isActive` tinyint(1) DEFAULT '1',
  `createdTeacher` int DEFAULT '0',
  PRIMARY KEY (`id`)
) ENGINE=InnoDB AUTO_INCREMENT=108 DEFAULT CHARSET=utf8mb4 COLLATE=utf8mb4_0900_ai_ci;
/*!40101 SET character_set_client = @saved_cs_client */;

--
-- Dumping data for table `tools`
--

LOCK TABLES `tools` WRITE;
/*!40000 ALTER TABLE `tools` DISABLE KEYS */;
INSERT INTO `tools` VALUES (41,'Visual Studio Code',1,0),(42,'Adobe Photoshop',1,0),(43,'Adobe Illustrator',1,0),(44,'Adobe InDesign',1,0),(45,'Adobe XD',1,0),(46,'Adobe After Effects',1,0),(47,'Adobe Premiere Pro',1,0),(48,'Adobe Lightroom',1,0),(49,'Adobe Acrobat Pro',1,0),(50,'Figma',1,0),(51,'Unity',1,0),(52,'Blender',1,0),(53,'GitHub',1,0),(54,'Xcode',1,0),(55,'NetBeans',1,0),(56,'Eclipse',1,0),(57,'Sublime Text',1,0),(58,'SketchUp',1,0),(59,'AutoCAD',1,0),(60,'Canva',1,0),(61,'Microsoft Word',1,0),(62,'Microsoft Excel',1,0),(63,'Microsoft PowerPoint',1,0),(64,'Microsoft Outlook',1,0),(65,'Microsoft OneNote',1,0),(66,'Microsoft Access',1,0),(67,'Microsoft Publisher',1,0),(68,'Microsoft Teams',1,0),(69,'Google Workspace',1,0),(70,'Khan Academy',1,0),(71,'Moodle',1,0),(72,'Coursera',1,0),(73,'Scratch',1,0),(74,'Tinkercad',1,0),(75,'Replit',1,0),(76,'Arduino IDE',1,0),(77,'MATLAB',1,0),(78,'Python',1,0),(79,'Java',1,0),(80,'C++',1,0),(81,'HTML/CSS/JavaScript',1,0),(82,'SQL',1,0),(83,'Tableau',1,0),(84,'RStudio',1,0),(85,'Notion',1,0),(86,'Slack',1,0),(87,'Zoom',1,0),(88,'Google Meet',1,0),(89,'Asana',1,0),(90,'Trello',1,0),(91,'Pgina Web',1,0),(92,'Google Chrome',1,0),(93,'Otros',1,0),(94,'Minecraft',1,0),(95,'JP',1,0),(96,'JP',1,0),(97,'Maria',1,0),(98,'Maria',1,0),(99,'Maria.com',1,0),(100,'maria.com',1,1),(101,'Adobe Dreamviewer',1,1),(102,'Story',1,1),(103,'Navegacin',1,1),(104,'Navegacin',1,1),(105,'Ofimatica',1,1),(106,'Ofimatica',1,1),(107,'Televisor',1,1);
/*!40000 ALTER TABLE `tools` ENABLE KEYS */;
UNLOCK TABLES;

--
-- Table structure for table `users`
--

DROP TABLE IF EXISTS `users`;
/*!40101 SET @saved_cs_client     = @@character_set_client */;
/*!50503 SET character_set_client = utf8mb4 */;
CREATE TABLE `users` (
  `id` int NOT NULL AUTO_INCREMENT,
  `userName` varchar(50) NOT NULL,
  `userEmail` varchar(100) NOT NULL,
  `userPassword` varchar(255) NOT NULL,
  `fullName` varchar(255) DEFAULT NULL,
  `createdAt` timestamp NULL DEFAULT CURRENT_TIMESTAMP,
  `updatedAt` timestamp NULL DEFAULT CURRENT_TIMESTAMP ON UPDATE CURRENT_TIMESTAMP,
  `userLastLogin` timestamp NULL DEFAULT NULL,
  `isAdmin` tinyint(1) DEFAULT '0',
  PRIMARY KEY (`id`),
  UNIQUE KEY `userName` (`userName`),
  UNIQUE KEY `userEmail` (`userEmail`)
) ENGINE=InnoDB AUTO_INCREMENT=17 DEFAULT CHARSET=utf8mb4 COLLATE=utf8mb4_0900_ai_ci;
/*!40101 SET character_set_client = @saved_cs_client */;

--
-- Dumping data for table `users`
--

LOCK TABLES `users` WRITE;
/*!40000 ALTER TABLE `users` DISABLE KEYS */;
INSERT INTO `users` VALUES (1,'jdoe','johndoe@example.com','$2b$10$x5i3NVhONwM1O6ZYCJ/9xOm.We/oT3qZ54HPIcAeJK4Z93l9mBJvG',NULL,'2024-10-08 01:58:18','2024-10-08 20:11:21',NULL,0),(2,'mgarcia','mariagarcia@example.com','$2y$10$3yUUI9vgC/e2uD3c9W6MQOrLW4YOuJ7q.qf9W/RNP6I7rxgFVJh.e',NULL,'2024-10-08 01:58:18','2024-10-08 01:58:18',NULL,0),(3,'jsmith','johnsmith@example.com','$2y$10$kJp29NlIfo.Gkg2ScbCpz.2RJoLt1viOzgLAdMmPJDf03A6lHHZC2',NULL,'2024-10-08 01:58:18','2024-10-08 01:58:18',NULL,0),(4,'SoporteTIC','tecnico1@unihorizonte.edu.co','$2b$12$JKd0ZnWn2SVlq8IqqYWLyeZPjWf3WYijVBwJyrltjJsuzRqLdErta',NULL,'2024-10-15 19:50:18','2024-10-15 19:50:18','2024-10-15 19:50:18',1),(5,'JP','jp@jp.com','$2b$10$jg.uJvy.8QI/.FnuuxKdDe5QYmqn91mHaAqehlG1KAjgB2bkwaV1u','Asistente de Tecnologia','2024-10-15 19:50:18','2025-01-27 17:26:12','2024-10-15 19:50:18',1),(11,'Gastronomia','example1@.com','$2b$10$Tkn1Xzc1UXI/h/MnaC40/e3ZWStjb3ZGdqqULLGwfzpFJWIJ30bvK','Director de Gastronoma','2025-01-29 13:19:25','2025-01-29 13:19:25',NULL,0),(12,'Derecho','example2@.com','$2b$10$brvq0OFk2GCiBrZmRSLiseACT0DqlL/F2Crymps/9X5/oEVA/0RKq','Director de Ciencias Jurdicas','2025-01-29 13:19:25','2025-01-29 13:19:25',NULL,0),(13,'Ingenieria','example3@.com','$2b$10$u00SJMEHqFPomezxbx.SG.rrf6/2rjSlwioj66ukISqhOI0KvtQ16','Director de Ingenieria','2025-01-29 13:19:25','2025-01-29 13:19:25',NULL,0),(14,'Cienciasadm','example4@.com','$2b$10$G14I/8H9ZKKJDC0Rt81wOO0XqO7/h2O2bUBrvnLWyHszls2fOwUrq','Director de Ciencias Administrativas','2025-01-29 13:19:25','2025-01-29 13:19:25',NULL,0),(15,'Coordinator','example5@.com','$2b$10$hUeKOKN0t8ULg2h7H7lrR.ma9xRZBwFY8ZGQTuIHNGo4SHhZ4Q4MS','Coordinador Academico','2025-01-29 13:19:25','2025-01-29 13:19:25',NULL,0),(16,'Rectoria','example6@.com','$2b$10$eylHtaeo0\\G76lcf3Kh80uKVitda.CGcSu4ikp29OF2ZwTjZVn9h6','Rectoria','2025-02-03 22:09:42','2025-02-03 22:09:42',NULL,0);
/*!40000 ALTER TABLE `users` ENABLE KEYS */;
UNLOCK TABLES;
/*!40103 SET TIME_ZONE=@OLD_TIME_ZONE */;

/*!40101 SET SQL_MODE=@OLD_SQL_MODE */;
/*!40014 SET FOREIGN_KEY_CHECKS=@OLD_FOREIGN_KEY_CHECKS */;
/*!40014 SET UNIQUE_CHECKS=@OLD_UNIQUE_CHECKS */;
/*!40101 SET CHARACTER_SET_CLIENT=@OLD_CHARACTER_SET_CLIENT */;
/*!40101 SET CHARACTER_SET_RESULTS=@OLD_CHARACTER_SET_RESULTS */;
/*!40101 SET COLLATION_CONNECTION=@OLD_COLLATION_CONNECTION */;
/*!40111 SET SQL_NOTES=@OLD_SQL_NOTES */;

-- Dump completed on 2025-02-14 12:48:01
